nome,email,contactId,tags,responsavel,data_hora_brt,origem,detalhe,messageType,source,mensagem
*headline:* conheça a pello menos flamengo *source url:* https://fb.me/42ygv8wsi leandra llopis,,AGYqrsoOpv5tfRO9ffwC,3 sessões|flamengo|lead|triagem|sem resposta,,2026-06-26 13:32,CLIENTE,inbound,TYPE_WHATSAPP,,"*Source URL:* https://fb.me/42YgV8wSi

Olá! Gostaria de resgatar o voucher das 3 sessões de axilas ou buço, por favor."
*headline:* conheça a pello menos flamengo *source url:* https://fb.me/42ygv8wsi leandra llopis,,AGYqrsoOpv5tfRO9ffwC,3 sessões|flamengo|lead|triagem|sem resposta,,2026-06-26 13:33,AUTOMAÇÃO,workflow,TYPE_WHATSAPP,workflow,"🎉 Parabéns! Você ganhou *3 sessões grátis* de depilação a laser com a *Pello Menos.*

Com o *Laser Hacok 4D* que acelera seus resultados e tem a ponteira resfriada garantindo o conforto em cada sessão.

Para liberar seu presente, digita aqui pra mim: *qual o seu nome completo?*"
*headline:* conheça a pello menos flamengo *source url:* https://fb.me/42ygv8wsi leandra llopis,,AGYqrsoOpv5tfRO9ffwC,3 sessões|flamengo|lead|triagem|sem resposta,,2026-06-26 13:34,AUTOMAÇÃO,workflow,TYPE_WHATSAPP,workflow,"Aaah, prazer falar com você, *Headline:* Conheça A Pello Menos Flamengo *Source URL:* Https://fb.me/42YgV8wSi Leandra Llopis 😍

Eu sou a assistente virtual da Pello Menos, vou te ajudar por aqui rapidinho e já te encaminho para uma de nossas especialistas.

A Pello Menos é pioneira em depilação segura há mais de 28 anos, com o Laser Hakon 4D, que atua em quatro dimensões do pelo e garante mais conforto com ponteira a -12 °C.

Para eu fazer seu cadastro e lançar seu presente no nosso sistema, digita aqui seu CPF, por favor ⬇️"
*headline:* conheça a pello menos flamengo *source url:* https://fb.me/42ygv8wsi leandra llopis,,AGYqrsoOpv5tfRO9ffwC,3 sessões|flamengo|lead|triagem|sem resposta,,2026-06-26 13:34,CLIENTE,inbound,TYPE_WHATSAPP,,"*Headline:* Conheça a Pello Menos Flamengo
*Source URL:* https://fb.me/42YgV8wSi

Leandra llopis"
*headline:* conheça a pello menos flamengo *source url:* https://fb.me/42ygv8wsi leandra llopis,,AGYqrsoOpv5tfRO9ffwC,3 sessões|flamengo|lead|triagem|sem resposta,,2026-06-26 13:34,SISTEMA,TYPE_ACTIVITY_OPPORTUNITY,TYPE_ACTIVITY_OPPORTUNITY,app,Opportunity created
*headline:* conheça a pello menos flamengo *source url:* https://fb.me/42ygv8wsi leandra llopis,,AGYqrsoOpv5tfRO9ffwC,3 sessões|flamengo|lead|triagem|sem resposta,,2026-07-14 11:18,SISTEMA,TYPE_ACTIVITY_OPPORTUNITY,TYPE_ACTIVITY_OPPORTUNITY,app,Opportunity updated
*headline:* conheça a pello menos flamengo *source url:* https://fb.me/42ygv8wsi leandra llopis,,AGYqrsoOpv5tfRO9ffwC,3 sessões|flamengo|lead|triagem|sem resposta,,2026-08-22 10:42,HUMANO,Unidade fla@,TYPE_WHATSAPP,app,"Depilação a Laser - Condição Especial

Oi! 😊 Passando para saber se você ainda tem interesse em fazer sua depilação a laser. Vi que nossa conversa acabou ficando parada e quis te chamar porque posso verificar se ainda temos uma condição especial para você. Se fizer sentido, me chama que te explico rapidinho! 💜"
"*headline:* conheça a pello menos flamengo *source url:* https://fb.me/4rkmjtw0f olá! gostaria de resgatar o voucher das 3 sessões de axilas ou buço, por favor.",,C0qvFqRnntq1tKiVE39b,3 sessões|flamengo|lead|triagem,,2026-09-11 09:51,AUTOMAÇÃO,workflow,TYPE_WHATSAPP,workflow,"🎉 Parabéns! Você ganhou *3 sessões grátis* de depilação a laser com a *Pello Menos.*

Com o *Laser Hacok 4D* que acelera seus resultados e tem a ponteira resfriada garantindo o conforto em cada sessão.

Para liberar seu presente, digita aqui pra mim: *qual o seu nome completo?*"
"*headline:* conheça a pello menos flamengo *source url:* https://fb.me/4rkmjtw0f olá! gostaria de resgatar o voucher das 3 sessões de axilas ou buço, por favor.",,C0qvFqRnntq1tKiVE39b,3 sessões|flamengo|lead|triagem,,2026-09-11 09:51,CLIENTE,inbound,TYPE_WHATSAPP,,"*Headline:* Conheça a Pello Menos Flamengo
*Source URL:* https://fb.me/4RKMjtw0f

Olá! Gostaria de resgatar o voucher das 3 sessões de axilas ou buço, por favor."
"*headline:* conheça a pello menos flamengo *source url:* https://fb.me/4rkmjtw0f olá! gostaria de resgatar o voucher das 3 sessões de axilas ou buço, por favor.",,C0qvFqRnntq1tKiVE39b,3 sessões|flamengo|lead|triagem,,2026-09-11 09:51,SISTEMA,TYPE_ACTIVITY_OPPORTUNITY,TYPE_ACTIVITY_OPPORTUNITY,app,Opportunity created
"*headline:* conheça a pello menos flamengo *source url:* https://fb.me/4rkmjtw0f olá! gostaria de resgatar o voucher das 3 sessões de axilas ou buço, por favor.",,C0qvFqRnntq1tKiVE39b,3 sessões|flamengo|lead|triagem,,2026-09-11 09:52,AUTOMAÇÃO,workflow,TYPE_WHATSAPP,workflow,"Aaah, prazer falar com você, *Headline:* Conheça A Pello Menos Flamengo *Source URL:* Https://fb.me/4RKMjtw0f Olá! Gostaria De Resgatar O Voucher Das 3 Sessões De Axilas Ou Buço, Por Favor. 😍

Eu sou a assistente virtual da Pello Menos, vou te ajudar por aqui rapidinho e já te encaminho para uma de nossas especialistas.

A Pello Menos é pioneira em depilação segura há mais de 28 anos, com o Laser Hakon 4D, que atua em quatro dimensões do pelo e garante mais conforto com ponteira a -12 °C.

Para eu fazer seu cadastro e lançar seu presente no nosso sistema, digita aqui seu CPF, por favor ⬇️"
"*headline:* conheça a pello menos flamengo *source url:* https://fb.me/4rkmjtw0f olá! gostaria de resgatar o voucher das 3 sessões de axilas ou buço, por favor.",,C0qvFqRnntq1tKiVE39b,3 sessões|flamengo|lead|triagem,,2026-09-11 09:52,CLIENTE,inbound,TYPE_WHATSAPP,,"*Headline:* Conheça a Pello Menos Flamengo
*Source URL:* https://fb.me/4RKMjtw0f

Olá! Gostaria de resgatar o voucher das 3 sessões de axilas ou buço, por favor."
"*headline:* conheça a pello menos flamengo *source url:* https://fb.me/4rkmjtw0f olá! gostaria de resgatar o voucher das 3 sessões de axilas ou buço, por favor.",,C0qvFqRnntq1tKiVE39b,3 sessões|flamengo|lead|triagem,,2026-09-11 12:57,HUMANO,Unidade fla@,TYPE_WHATSAPP,app,"Olá! aqui é a Giulia, operadora do Laser da unidade do Flamengo."
"*headline:* conheça a pello menos flamengo *source url:* https://fb.me/4rkmjtw0f olá! gostaria de resgatar o voucher das 3 sessões de axilas ou buço, por favor.",,C0qvFqRnntq1tKiVE39b,3 sessões|flamengo|lead|triagem,,2026-09-11 12:58,HUMANO,Unidade fla@,TYPE_WHATSAPP,app,"Para continuarmos, preciso concluir seu cadastro no sistema e após seu cadastro, você pode vir na unidade realizar sua sessão presente."
"*headline:* conheça a pello menos flamengo *source url:* https://fb.me/4rkmjtw0f olá! gostaria de resgatar o voucher das 3 sessões de axilas ou buço, por favor.",,C0qvFqRnntq1tKiVE39b,3 sessões|flamengo|lead|triagem,,2026-09-11 12:58,HUMANO,Unidade fla@,TYPE_WHATSAPP,app,"Pode me informar sua data de nascimento, cpf e nome completo?"
"*headline:* conheça a pello menos flamengo *source url:* https://fb.me/4rkmjtw0f olá! gostaria de resgatar o voucher das 3 sessões de axilas ou buço, por favor.",,C0qvFqRnntq1tKiVE39b,3 sessões|flamengo|lead|triagem,,2026-09-11 13:03,CLIENTE,inbound,TYPE_WHATSAPP,,Boa tarde
"*headline:* conheça a pello menos flamengo *source url:* https://fb.me/4rkmjtw0f olá! gostaria de resgatar o voucher das 3 sessões de axilas ou buço, por favor.",,C0qvFqRnntq1tKiVE39b,3 sessões|flamengo|lead|triagem,,2026-09-11 13:04,CLIENTE,inbound,TYPE_WHATSAPP,,Eu moro na freguesia
"*headline:* conheça a pello menos flamengo *source url:* https://fb.me/4rkmjtw0f olá! gostaria de resgatar o voucher das 3 sessões de axilas ou buço, por favor.",,C0qvFqRnntq1tKiVE39b,3 sessões|flamengo|lead|triagem,,2026-09-11 13:04,CLIENTE,inbound,TYPE_WHATSAPP,,Jacarepaguá
"*headline:* conheça a pello menos flamengo *source url:* https://fb.me/4rkmjtw0f olá! gostaria de resgatar o voucher das 3 sessões de axilas ou buço, por favor.",,C0qvFqRnntq1tKiVE39b,3 sessões|flamengo|lead|triagem,,2026-09-11 13:04,CLIENTE,inbound,TYPE_WHATSAPP,,Essa promoção
"*headline:* conheça a pello menos flamengo *source url:* https://fb.me/4rkmjtw0f olá! gostaria de resgatar o voucher das 3 sessões de axilas ou buço, por favor.",,C0qvFqRnntq1tKiVE39b,3 sessões|flamengo|lead|triagem,,2026-09-11 13:04,CLIENTE,inbound,TYPE_WHATSAPP,,É valida também aqui
"*headline:* conheça a pello menos flamengo *source url:* https://fb.me/4rkmjtw0f olá! gostaria de resgatar o voucher das 3 sessões de axilas ou buço, por favor.",,C0qvFqRnntq1tKiVE39b,3 sessões|flamengo|lead|triagem,,2026-09-11 13:04,CLIENTE,inbound,TYPE_WHATSAPP,,Em Jacarepaguá
"*headline:* conheça a pello menos flamengo *source url:* https://fb.me/4rkmjtw0f olá! gostaria de resgatar o voucher das 3 sessões de axilas ou buço, por favor.",,C0qvFqRnntq1tKiVE39b,3 sessões|flamengo|lead|triagem,,2026-09-11 13:04,CLIENTE,inbound,TYPE_WHATSAPP,,Ou na6
"*headline:* conheça a pello menos flamengo *source url:* https://fb.me/4rkmjtw0f olá! gostaria de resgatar o voucher das 3 sessões de axilas ou buço, por favor.",,C0qvFqRnntq1tKiVE39b,3 sessões|flamengo|lead|triagem,,2026-09-11 13:04,CLIENTE,inbound,TYPE_WHATSAPP,,Não
"*headline:* conheça a pello menos flamengo *source url:* https://fb.me/4rkmjtw0f olá! gostaria de resgatar o voucher das 3 sessões de axilas ou buço, por favor.",,C0qvFqRnntq1tKiVE39b,3 sessões|flamengo|lead|triagem,,2026-09-11 13:57,HUMANO,Unidade fla@,TYPE_WHATSAPP,app,"Olá, este Voucher é para a unidades Flamengo, não consigo registrar no sistema porque Freguesia é outra unidade.

Você poderia buscar o voucher através do SAC - 08002821233"
"*headline:* conheça a pello menos flamengo *source url:* https://fb.me/4rkmjtw0f olá! gostaria de resgatar o voucher das 3 sessões de axilas ou buço, por favor.",,C0qvFqRnntq1tKiVE39b,3 sessões|flamengo|lead|triagem,,2026-09-11 13:57,HUMANO,Unidade fla@,TYPE_WHATSAPP,app,Posso ajudar com algo mais?
"*headline:* conheça a pello menos flamengo *source url:* https://wa.me/wamo/status/preview/558002821239/120250021877840326 olá! gostaria de resgatar o voucher das 3 sessões de axilas ou buço, por favor.",,wIl2bXZqxrWTMeVBMbwH,outros descontos|3 sessões|flamengo|lead|triagem|sem resposta,,2026-07-16 16:48,AUTOMAÇÃO,workflow,TYPE_WHATSAPP,workflow,"Oi! Que bom te ver por aqui 🤩

Parabéns pela decisão de começar seu tratamento!

Aqui na Pello Menos usamos o HAKON 4D, que proporciona um resultado mais rápido e duradouro.

E o melhor: a ponteira é geladinha (-12°C), deixando a aplicação muito mais confortável e segura para todos os tipos de pele.

Me conta, qual o seu nome? 💬"
"*headline:* conheça a pello menos flamengo *source url:* https://wa.me/wamo/status/preview/558002821239/120250021877840326 olá! gostaria de resgatar o voucher das 3 sessões de axilas ou buço, por favor.",,wIl2bXZqxrWTMeVBMbwH,outros descontos|3 sessões|flamengo|lead|triagem|sem resposta,,2026-07-16 16:48,CLIENTE,inbound,TYPE_WHATSAPP,,"*Headline:* Anúncio no Status
*Source URL:* https://wa.me/wamo/status/preview/558002821239/120249932043580326

Garanta seu desconto nos nossos combos no mês de Julho."
"*headline:* conheça a pello menos flamengo *source url:* https://wa.me/wamo/status/preview/558002821239/120250021877840326 olá! gostaria de resgatar o voucher das 3 sessões de axilas ou buço, por favor.",,wIl2bXZqxrWTMeVBMbwH,outros descontos|3 sessões|flamengo|lead|triagem|sem resposta,,2026-07-22 15:10,CLIENTE,inbound,TYPE_WHATSAPP,,"*Headline:* Conheça a Pello Menos Flamengo
*Source URL:* https://wa.me/wamo/status/preview/558002821239/120250021877840326

Olá! Gostaria de resgatar o voucher das 3 sessões de axilas ou buço, por favor."
"*headline:* conheça a pello menos flamengo *source url:* https://wa.me/wamo/status/preview/558002821239/120250021877840326 olá! gostaria de resgatar o voucher das 3 sessões de axilas ou buço, por favor.",,wIl2bXZqxrWTMeVBMbwH,outros descontos|3 sessões|flamengo|lead|triagem|sem resposta,,2026-07-22 15:11,AUTOMAÇÃO,workflow,TYPE_WHATSAPP,workflow,"🎉 Parabéns! Você ganhou *3 sessões grátis* de depilação a laser com a *Pello Menos.*

Com o *Laser Hacok 4D* que acelera seus resultados e tem a ponteira resfriada garantindo o conforto em cada sessão.

Para liberar seu presente, digita aqui pra mim: *qual o seu nome completo?*"
"*headline:* conheça a pello menos flamengo *source url:* https://wa.me/wamo/status/preview/558002821239/120250021877840326 olá! gostaria de resgatar o voucher das 3 sessões de axilas ou buço, por favor.",,wIl2bXZqxrWTMeVBMbwH,outros descontos|3 sessões|flamengo|lead|triagem|sem resposta,,2026-07-22 15:11,AUTOMAÇÃO,workflow,TYPE_WHATSAPP,workflow,"Aaah, prazer falar com você, *Headline:* Conheça A Pello Menos Flamengo *Source URL:* Https://wa.me/wamo/status/preview/558002821239/120250021877840326 Olá! Gostaria De Resgatar O Voucher Das 3 Sessões De Axilas Ou Buço, Por Favor. 😍

Muito obrigada pelas informações!
Eu sou a assistente virtual da Pello Menos, vou te ajudar por aqui rapidinho e já te encaminho para uma das nossas especialistas, tá?

Só pra você saber, a Pello Menos é pioneira em depilação feminina no Brasil, há mais de 30 anos cuidando de mulheres com excelência ✨

Vi que você clicou no nosso anúncio 👀
Me conta só uma coisinha pra gente te direcionar melhor…

Quais regiões mais te incomodam hoje e que você gostaria de se livrar dos pelinhos de vez? 💬"
"*headline:* conheça a pello menos flamengo *source url:* https://wa.me/wamo/status/preview/558002821239/120250021877840326 olá! gostaria de resgatar o voucher das 3 sessões de axilas ou buço, por favor.",,wIl2bXZqxrWTMeVBMbwH,outros descontos|3 sessões|flamengo|lead|triagem|sem resposta,,2026-07-22 15:11,SISTEMA,TYPE_ACTIVITY_OPPORTUNITY,TYPE_ACTIVITY_OPPORTUNITY,app,Opportunity created
"*headline:* conheça a pello menos flamengo *source url:* https://wa.me/wamo/status/preview/558002821239/120250021877840326 olá! gostaria de resgatar o voucher das 3 sessões de axilas ou buço, por favor.",,wIl2bXZqxrWTMeVBMbwH,outros descontos|3 sessões|flamengo|lead|triagem|sem resposta,,2026-07-23 09:58,HUMANO,Unidade fla@,TYPE_WHATSAPP,app,"Olá, aqui é a Giulia, operadora do Laser da unidade do Flamengo.

Para continuarmos, preciso concluir seu cadastro no sistema e após seu cadastro, você pode vir na unidade concluir e realizar sua sessão presente.

Pode me informar sua data de nascimento, cpf e nome completo?"
"*headline:* conheça a pello menos flamengo *source url:* https://wa.me/wamo/status/preview/558002821239/120250021877840326 olá! gostaria de resgatar o voucher das 3 sessões de axilas ou buço, por favor.",,wIl2bXZqxrWTMeVBMbwH,outros descontos|3 sessões|flamengo|lead|triagem|sem resposta,,2026-07-31 11:53,SISTEMA,TYPE_ACTIVITY_OPPORTUNITY,TYPE_ACTIVITY_OPPORTUNITY,app,Opportunity updated
"*headline:* conheça a pello menos flamengo *source url:* https://wa.me/wamo/status/preview/558002821239/120250021877840326 olá! gostaria de resgatar o voucher das 3 sessões de axilas ou buço, por favor.",,wIl2bXZqxrWTMeVBMbwH,outros descontos|3 sessões|flamengo|lead|triagem|sem resposta,,2026-08-22 10:19,HUMANO,Unidade fla@,TYPE_WHATSAPP,app,"Seu atendimento

Dando continuidade ao seu atendimento por aqui. Me chama que te explico rapidinho e já deixo tudo encaminhado. 😊"
*headline:* conheça a pello menos flamengo *source url:* https://www.instagram.com/p/dadlk7ta4hy/ maria claudia,,Jeh2u9kTbjGfCNA6G02c,3 sessões|flamengo|lead|triagem|sem resposta,,2026-07-28 09:42,AUTOMAÇÃO,workflow,TYPE_WHATSAPP,workflow,"🎉 Parabéns! Você ganhou *3 sessões grátis* de depilação a laser com a *Pello Menos.*

Com o *Laser Hacok 4D* que acelera seus resultados e tem a ponteira resfriada garantindo o conforto em cada sessão.

Para liberar seu presente, digita aqui pra mim: *qual o seu nome completo?*"
*headline:* conheça a pello menos flamengo *source url:* https://www.instagram.com/p/dadlk7ta4hy/ maria claudia,,Jeh2u9kTbjGfCNA6G02c,3 sessões|flamengo|lead|triagem|sem resposta,,2026-07-28 09:42,CLIENTE,inbound,TYPE_WHATSAPP,,"*Headline:* Conheça a Pello Menos Flamengo
*Source URL:* https://www.instagram.com/p/Dadlk7tA4hY/

Olá! Gostaria de resgatar o voucher das 3 sessões de axilas ou buço, por favor."
*headline:* conheça a pello menos flamengo *source url:* https://www.instagram.com/p/dadlk7ta4hy/ maria claudia,,Jeh2u9kTbjGfCNA6G02c,3 sessões|flamengo|lead|triagem|sem resposta,,2026-07-28 09:42,SISTEMA,TYPE_ACTIVITY_OPPORTUNITY,TYPE_ACTIVITY_OPPORTUNITY,app,Opportunity created
*headline:* conheça a pello menos flamengo *source url:* https://www.instagram.com/p/dadlk7ta4hy/ maria claudia,,Jeh2u9kTbjGfCNA6G02c,3 sessões|flamengo|lead|triagem|sem resposta,,2026-07-28 09:45,AUTOMAÇÃO,workflow,TYPE_WHATSAPP,workflow,"Aaah, prazer falar com você, *Headline:* Conheça A Pello Menos Flamengo *Source URL:* Https://www.instagram.com/p/Dadlk7tA4hY/ Maria Claudia 😍

Eu sou a assistente virtual da Pello Menos, vou te ajudar por aqui rapidinho e já te encaminho para uma de nossas especialistas.

A Pello Menos é pioneira em depilação segura há mais de 28 anos, com o Laser Hakon 4D, que atua em quatro dimensões do pelo e garante mais conforto com ponteira a -12 °C.

Para eu fazer seu cadastro e lançar seu presente no nosso sistema, digita aqui seu CPF, por favor ⬇️"
*headline:* conheça a pello menos flamengo *source url:* https://www.instagram.com/p/dadlk7ta4hy/ maria claudia,,Jeh2u9kTbjGfCNA6G02c,3 sessões|flamengo|lead|triagem|sem resposta,,2026-07-28 09:45,AUTOMAÇÃO,workflow,TYPE_WHATSAPP,workflow,"Já anotei tudo aqui 💜
Agora só preciso que você me responda rapidinho sobre as contraindicações, para garantir sua segurança no tratamento, tudo bem?

1️⃣ Tem tatuagem ou cicatriz na área a ser tratada?
2️⃣ Possui pelos brancos, loiros ou ruivos na região?
3️⃣ Tem alguma doença diagnosticada? Se sim, qual?
4️⃣ Já teve algum tipo de câncer ?
5️⃣ Está usando algum medicamento atualmente?
6️⃣ Faz bronzeamento artificial com frequência?
7️⃣ Está grávida ou amamentando ?
8️⃣ Tem melasma ou outras condições na pele, como manchas ou sensibilidade?

👉 Se nenhuma das opções se aplicar a você, pode responder: ""Não para todas"". Assim, consigo Garantir o seu Presente com total segurança e tranquilidade! 😉

Só lembrando que esta é uma pre-anamnese, e quando for a loja para iniciar o seu tratamento precisará preencher a anamnese oficial com a profissional do laser ok?!"
*headline:* conheça a pello menos flamengo *source url:* https://www.instagram.com/p/dadlk7ta4hy/ maria claudia,,Jeh2u9kTbjGfCNA6G02c,3 sessões|flamengo|lead|triagem|sem resposta,,2026-07-28 09:45,CLIENTE,inbound,TYPE_WHATSAPP,,"*Headline:* Conheça a Pello Menos Flamengo
*Source URL:* https://www.instagram.com/p/Dadlk7tA4hY/

Maria Claudia"
*headline:* conheça a pello menos flamengo *source url:* https://www.instagram.com/p/dadlk7ta4hy/ maria claudia,,Jeh2u9kTbjGfCNA6G02c,3 sessões|flamengo|lead|triagem|sem resposta,,2026-07-28 09:45,CLIENTE,inbound,TYPE_WHATSAPP,,Lopes
*headline:* conheça a pello menos flamengo *source url:* https://www.instagram.com/p/dadlk7ta4hy/ maria claudia,,Jeh2u9kTbjGfCNA6G02c,3 sessões|flamengo|lead|triagem|sem resposta,,2026-07-28 11:11,HUMANO,Unidade fla@,TYPE_WHATSAPP,app,"Olá Maria Claudia, aqui é a Giulia, operadora do Laser da unidade do Flamengo."
*headline:* conheça a pello menos flamengo *source url:* https://www.instagram.com/p/dadlk7ta4hy/ maria claudia,,Jeh2u9kTbjGfCNA6G02c,3 sessões|flamengo|lead|triagem|sem resposta,,2026-07-28 11:12,HUMANO,Unidade fla@,TYPE_WHATSAPP,app,"Para continuarmos, preciso concluir seu cadastro no sistema e após seu cadastro, você pode vir na unidade concluir e realizar sua sessão presente.

Pode me informar sua data de nascimento e cpf?"
*headline:* conheça a pello menos flamengo *source url:* https://www.instagram.com/p/dadlk7ta4hy/ maria claudia,,Jeh2u9kTbjGfCNA6G02c,3 sessões|flamengo|lead|triagem|sem resposta,,2026-07-31 11:49,SISTEMA,TYPE_ACTIVITY_OPPORTUNITY,TYPE_ACTIVITY_OPPORTUNITY,app,Opportunity updated
*headline:* conheça a pello menos flamengo *source url:* https://www.instagram.com/p/dadlk7ta4hy/ maria claudia,,Jeh2u9kTbjGfCNA6G02c,3 sessões|flamengo|lead|triagem|sem resposta,,2026-08-22 10:17,HUMANO,Unidade fla@,TYPE_WHATSAPP,app,Sua condição ainda está disponível no momento. Me chama para garantir. 😊
*headline:* conheça a pello menos flamengo *source url:* https://www.instagram.com/p/dbs61vlgmwy/ beatriz marocco figueiredo vaz,,gxPQw3ic8XQrrBFANkhb,3 sessões|flamengo|lead|triagem|sem resposta,,2026-08-27 11:14,AUTOMAÇÃO,workflow,TYPE_WHATSAPP,workflow,"🎉 Parabéns! Você ganhou *3 sessões grátis* de depilação a laser com a *Pello Menos.*

Com o *Laser Hacok 4D* que acelera seus resultados e tem a ponteira resfriada garantindo o conforto em cada sessão.

Para liberar seu presente, digita aqui pra mim: *qual o seu nome completo?*"
*headline:* conheça a pello menos flamengo *source url:* https://www.instagram.com/p/dbs61vlgmwy/ beatriz marocco figueiredo vaz,,gxPQw3ic8XQrrBFANkhb,3 sessões|flamengo|lead|triagem|sem resposta,,2026-08-27 11:14,CLIENTE,inbound,TYPE_WHATSAPP,,"*Headline:* Conheça a Pello Menos Flamengo
*Source URL:* https://www.instagram.com/p/Dbs61vLgmWY/

Olá! Gostaria de resgatar o voucher das 3 sessões de axilas ou buço, por favor."
*headline:* conheça a pello menos flamengo *source url:* https://www.instagram.com/p/dbs61vlgmwy/ beatriz marocco figueiredo vaz,,gxPQw3ic8XQrrBFANkhb,3 sessões|flamengo|lead|triagem|sem resposta,,2026-08-27 11:14,SISTEMA,TYPE_ACTIVITY_OPPORTUNITY,TYPE_ACTIVITY_OPPORTUNITY,app,Opportunity created
*headline:* conheça a pello menos flamengo *source url:* https://www.instagram.com/p/dbs61vlgmwy/ beatriz marocco figueiredo vaz,,gxPQw3ic8XQrrBFANkhb,3 sessões|flamengo|lead|triagem|sem resposta,,2026-08-27 11:15,AUTOMAÇÃO,workflow,TYPE_WHATSAPP,workflow,"Aaah, prazer falar com você, *Headline:* Conheça A Pello Menos Flamengo *Source URL:* Https://www.instagram.com/p/Dbs61vLgmWY/ Beatriz Marocco Figueiredo Vaz 😍

Eu sou a assistente virtual da Pello Menos, vou te ajudar por aqui rapidinho e já te encaminho para uma de nossas especialistas.

A Pello Menos é pioneira em depilação segura há mais de 28 anos, com o Laser Hakon 4D, que atua em quatro dimensões do pelo e garante mais conforto com ponteira a -12 °C.

Para eu fazer seu cadastro e lançar seu presente no nosso sistema, digita aqui seu CPF, por favor ⬇️"
*headline:* conheça a pello menos flamengo *source url:* https://www.instagram.com/p/dbs61vlgmwy/ beatriz marocco figueiredo vaz,,gxPQw3ic8XQrrBFANkhb,3 sessões|flamengo|lead|triagem|sem resposta,,2026-08-27 11:15,CLIENTE,inbound,TYPE_WHATSAPP,,"*Headline:* Conheça a Pello Menos Flamengo
*Source URL:* https://www.instagram.com/p/Dbs61vLgmWY/

Beatriz Marocco Figueiredo Vaz"
*headline:* conheça a pello menos flamengo *source url:* https://www.instagram.com/p/dbs61vlgmwy/ beatriz marocco figueiredo vaz,,gxPQw3ic8XQrrBFANkhb,3 sessões|flamengo|lead|triagem|sem resposta,,2026-08-27 11:16,AUTOMAÇÃO,workflow,TYPE_WHATSAPP,workflow,"Já anotei tudo aqui 💜
Agora só preciso que você me responda rapidinho sobre as contraindicações, para garantir sua segurança no tratamento, tudo bem?

1️⃣ Tem tatuagem ou cicatriz na área a ser tratada?
2️⃣ Possui pelos brancos, loiros ou ruivos na região?
3️⃣ Tem alguma doença diagnosticada? Se sim, qual?
4️⃣ Já teve algum tipo de câncer ?
5️⃣ Está usando algum medicamento atualmente?
6️⃣ Faz bronzeamento artificial com frequência?
7️⃣ Está grávida ou amamentando ?
8️⃣ Tem melasma ou outras condições na pele, como manchas ou sensibilidade?

👉 Se nenhuma das opções se aplicar a você, pode responder: ""Não para todas"". Assim, consigo Garantir o seu Presente com total segurança e tranquilidade! 😉

Só lembrando que esta é uma pre-anamnese, e quando for a loja para iniciar o seu tratamento precisará preencher a anamnese oficial com a profissional do laser ok?!"
*headline:* conheça a pello menos flamengo *source url:* https://www.instagram.com/p/dbs61vlgmwy/ beatriz marocco figueiredo vaz,,gxPQw3ic8XQrrBFANkhb,3 sessões|flamengo|lead|triagem|sem resposta,,2026-08-27 11:16,CLIENTE,inbound,TYPE_WHATSAPP,,13452248771
*headline:* conheça a pello menos flamengo *source url:* https://www.instagram.com/p/dbs61vlgmwy/ beatriz marocco figueiredo vaz,,gxPQw3ic8XQrrBFANkhb,3 sessões|flamengo|lead|triagem|sem resposta,,2026-08-27 11:22,AUTOMAÇÃO,workflow,TYPE_WHATSAPP,workflow,"Perfeito! 😊
Já estou encaminhando suas informações para uma de nossas consultoras.

Enquanto isso, me conta: além da área que você ganhou de presente, tem alguma outra área que você gostaria de conhecer melhor, sem compromisso? 💜"
*headline:* conheça a pello menos flamengo *source url:* https://www.instagram.com/p/dbs61vlgmwy/ beatriz marocco figueiredo vaz,,gxPQw3ic8XQrrBFANkhb,3 sessões|flamengo|lead|triagem|sem resposta,,2026-08-27 11:22,CLIENTE,inbound,TYPE_WHATSAPP,,Não para todas
*headline:* conheça a pello menos flamengo *source url:* https://www.instagram.com/p/dbs61vlgmwy/ beatriz marocco figueiredo vaz,,gxPQw3ic8XQrrBFANkhb,3 sessões|flamengo|lead|triagem|sem resposta,,2026-08-27 11:22,SISTEMA,TYPE_ACTIVITY_OPPORTUNITY,TYPE_ACTIVITY_OPPORTUNITY,app,Opportunity updated
*headline:* conheça a pello menos flamengo *source url:* https://www.instagram.com/p/dbs61vlgmwy/ beatriz marocco figueiredo vaz,,gxPQw3ic8XQrrBFANkhb,3 sessões|flamengo|lead|triagem|sem resposta,,2026-08-27 11:46,CLIENTE,inbound,TYPE_WHATSAPP,,A virilha
*headline:* conheça a pello menos flamengo *source url:* https://www.instagram.com/p/dbs61vlgmwy/ beatriz marocco figueiredo vaz,,gxPQw3ic8XQrrBFANkhb,3 sessões|flamengo|lead|triagem|sem resposta,,2026-08-27 12:55,HUMANO,Unidade fla@,TYPE_WHATSAPP,app,"Olá Beatriz! aqui é a Giulia, operadora do Laser da unidade do Flamengo. Vou estar dando continuidade no seu atendimento!"
*headline:* conheça a pello menos flamengo *source url:* https://www.instagram.com/p/dbs61vlgmwy/ beatriz marocco figueiredo vaz,,gxPQw3ic8XQrrBFANkhb,3 sessões|flamengo|lead|triagem|sem resposta,,2026-08-27 12:59,HUMANO,Unidade fla@,TYPE_WHATSAPP,app,Estamos com ótimas oportunidades para a região da virilha!
*headline:* conheça a pello menos flamengo *source url:* https://www.instagram.com/p/dbs61vlgmwy/ beatriz marocco figueiredo vaz,,gxPQw3ic8XQrrBFANkhb,3 sessões|flamengo|lead|triagem|sem resposta,,2026-08-27 12:59,HUMANO,Unidade fla@,TYPE_WHATSAPP,app,"Vou te apresentar as condições especiais do mês de Agosto para virilha:
🌸Combo 1: Virilha total + Interglúteos + faixa (umbigo): 10x de 83,60
🌸Combo 2: Virilha comum + Axila ou Buço: 10x de 62,29
🌸Combo 3: Virilha total + Faixa (umbigo) + perna inteira: 10x de 253,00"
*headline:* conheça a pello menos flamengo *source url:* https://www.instagram.com/p/dbs61vlgmwy/ beatriz marocco figueiredo vaz,,gxPQw3ic8XQrrBFANkhb,3 sessões|flamengo|lead|triagem|sem resposta,,2026-08-27 13:00,HUMANO,Unidade fla@,TYPE_WHATSAPP,app,O que você achou dessa condição?
*headline:* conheça a pello menos flamengo *source url:* https://www.instagram.com/p/dbs61vlgmwy/ beatriz marocco figueiredo vaz,,gxPQw3ic8XQrrBFANkhb,3 sessões|flamengo|lead|triagem|sem resposta,,2026-09-01 12:33,SISTEMA,TYPE_ACTIVITY_OPPORTUNITY,TYPE_ACTIVITY_OPPORTUNITY,app,Opportunity updated
"*headline:* conheça a pello menos nova iguaçu 2 *source url:* https://www.instagram.com/p/dy5aadmjgvh/ olá! gostaria de resgatar o voucher das 3 sessões de axilas ou buço, por favor.",,JL5mNzOfzAicGjewxcS3,flamengo|triagem|sem resposta,,2026-05-28 13:32,AUTOMAÇÃO,workflow,TYPE_WHATSAPP,workflow,"🎉 Parabéns! Você ganhou *3 sessões grátis* de depilação a laser com a *Pello Menos.*

Com o *Laser Hacon 4D* que acelera seus resultados e tem a ponteira resfriada garantindo o conforto em cada sessão.

Para liberar seu presente, digita aqui pra mim: *qual o seu nome completo?*"
"*headline:* conheça a pello menos nova iguaçu 2 *source url:* https://www.instagram.com/p/dy5aadmjgvh/ olá! gostaria de resgatar o voucher das 3 sessões de axilas ou buço, por favor.",,JL5mNzOfzAicGjewxcS3,flamengo|triagem|sem resposta,,2026-05-28 13:32,CLIENTE,inbound,TYPE_WHATSAPP,,"*Headline:* Conheça a Pello Menos Flamengo
*Source URL:* https://www.instagram.com/p/DYz_e8zAE_q/

Olá! Gostaria de resgatar o voucher das 3 sessões de axilas ou buço, por favor."
"*headline:* conheça a pello menos nova iguaçu 2 *source url:* https://www.instagram.com/p/dy5aadmjgvh/ olá! gostaria de resgatar o voucher das 3 sessões de axilas ou buço, por favor.",,JL5mNzOfzAicGjewxcS3,flamengo|triagem|sem resposta,,2026-05-28 13:32,SISTEMA,TYPE_ACTIVITY_OPPORTUNITY,TYPE_ACTIVITY_OPPORTUNITY,app,Opportunity created
"*headline:* conheça a pello menos nova iguaçu 2 *source url:* https://www.instagram.com/p/dy5aadmjgvh/ olá! gostaria de resgatar o voucher das 3 sessões de axilas ou buço, por favor.",,JL5mNzOfzAicGjewxcS3,flamengo|triagem|sem resposta,,2026-05-28 17:41,AUTOMAÇÃO,workflow,TYPE_WHATSAPP,workflow,"Aaah, prazer falar com você, *Headline:* Conheça A Pello Menos Nova Iguaçu 2 *Source URL:* Https://www.instagram.com/p/DY5AaDMjGVh/ Olá! Gostaria De Resgatar O Voucher Das 3 Sessões De Axilas Ou Buço, Por Favor. 😍

Eu sou a assistente virtual da Pello Menos, vou te ajudar por aqui rapidinho e já te encaminho para uma de nossas especialistas.

A Pello Menos é pioneira em depilação segura há mais de 28 anos, com o Laser Hacon 4D, que atua em quatro dimensões do pelo e garante mais conforto com ponteira a -12 °C.

Para eu fazer seu cadastro e lançar seu presente no nosso sistema, digita aqui seu CPF, por favor ⬇️"
"*headline:* conheça a pello menos nova iguaçu 2 *source url:* https://www.instagram.com/p/dy5aadmjgvh/ olá! gostaria de resgatar o voucher das 3 sessões de axilas ou buço, por favor.",,JL5mNzOfzAicGjewxcS3,flamengo|triagem|sem resposta,,2026-05-28 17:41,CLIENTE,inbound,TYPE_WHATSAPP,,"*Headline:* Conheça a Pello Menos Nova Iguaçu 2
*Source URL:* https://www.instagram.com/p/DY5AaDMjGVh/

Olá! Gostaria de resgatar o voucher das 3 sessões de axilas ou buço, por favor."
"*headline:* conheça a pello menos nova iguaçu 2 *source url:* https://www.instagram.com/p/dy5aadmjgvh/ olá! gostaria de resgatar o voucher das 3 sessões de axilas ou buço, por favor.",,JL5mNzOfzAicGjewxcS3,flamengo|triagem|sem resposta,,2026-05-28 17:42,AUTOMAÇÃO,workflow,TYPE_WHATSAPP,workflow,"Já anotei tudo aqui 💜
Agora só preciso que você me responda rapidinho sobre as contraindicações, para garantir sua segurança no tratamento, tudo bem?

1️⃣ Tem tatuagem ou cicatriz na área a ser tratada?
2️⃣ Possui pelos brancos, loiros ou ruivos na região?
3️⃣ Tem alguma doença diagnosticada? Se sim, qual?
4️⃣ Já teve algum tipo de câncer ?
5️⃣ Está usando algum medicamento atualmente?
6️⃣ Faz bronzeamento artificial com frequência?
7️⃣ Está grávida ou amamentando ?
8️⃣ Tem melasma ou outras condições na pele, como manchas ou sensibilidade?

👉 Se nenhuma das opções se aplicar a você, pode responder: “Não para todas”. Assim, consigo Garantir o seu Presente com total segurança e tranquilidade! 😉

Só lembrando que esta é uma pre-anamnese, e quando for a loja para iniciar o seu tratamento precisará preencher a anamnese oficial com a profissional do laser ok?!"
"*headline:* conheça a pello menos nova iguaçu 2 *source url:* https://www.instagram.com/p/dy5aadmjgvh/ olá! gostaria de resgatar o voucher das 3 sessões de axilas ou buço, por favor.",,JL5mNzOfzAicGjewxcS3,flamengo|triagem|sem resposta,,2026-05-28 17:42,CLIENTE,inbound,TYPE_WHATSAPP,,Boa noite
"*headline:* conheça a pello menos nova iguaçu 2 *source url:* https://www.instagram.com/p/dy5aadmjgvh/ olá! gostaria de resgatar o voucher das 3 sessões de axilas ou buço, por favor.",,JL5mNzOfzAicGjewxcS3,flamengo|triagem|sem resposta,,2026-05-28 17:43,AUTOMAÇÃO,workflow,TYPE_WHATSAPP,workflow,"Perfeito! 😊
Já estou encaminhando suas informações para uma de nossas consultoras.

Enquanto isso, me conta: além da área que você ganhou de presente, tem alguma outra área que você gostaria de conhecer melhor, sem compromisso? 💜"
"*headline:* conheça a pello menos nova iguaçu 2 *source url:* https://www.instagram.com/p/dy5aadmjgvh/ olá! gostaria de resgatar o voucher das 3 sessões de axilas ou buço, por favor.",,JL5mNzOfzAicGjewxcS3,flamengo|triagem|sem resposta,,2026-05-28 17:43,CLIENTE,inbound,TYPE_WHATSAPP,,077.117.417-90
"*headline:* conheça a pello menos nova iguaçu 2 *source url:* https://www.instagram.com/p/dy5aadmjgvh/ olá! gostaria de resgatar o voucher das 3 sessões de axilas ou buço, por favor.",,JL5mNzOfzAicGjewxcS3,flamengo|triagem|sem resposta,,2026-05-28 17:43,CLIENTE,inbound,TYPE_WHATSAPP,,Mento e virilha
"*headline:* conheça a pello menos nova iguaçu 2 *source url:* https://www.instagram.com/p/dy5aadmjgvh/ olá! gostaria de resgatar o voucher das 3 sessões de axilas ou buço, por favor.",,JL5mNzOfzAicGjewxcS3,flamengo|triagem|sem resposta,,2026-05-28 17:43,SISTEMA,TYPE_ACTIVITY_OPPORTUNITY,TYPE_ACTIVITY_OPPORTUNITY,app,Opportunity updated
"*headline:* conheça a pello menos nova iguaçu 2 *source url:* https://www.instagram.com/p/dy5aadmjgvh/ olá! gostaria de resgatar o voucher das 3 sessões de axilas ou buço, por favor.",,JL5mNzOfzAicGjewxcS3,flamengo|triagem|sem resposta,,2026-05-28 19:27,HUMANO,Unidade Flamengo Pello Menos - 2,TYPE_WHATSAPP,app,"Olá, boa noite"
"*headline:* conheça a pello menos nova iguaçu 2 *source url:* https://www.instagram.com/p/dy5aadmjgvh/ olá! gostaria de resgatar o voucher das 3 sessões de axilas ou buço, por favor.",,JL5mNzOfzAicGjewxcS3,flamengo|triagem|sem resposta,,2026-05-28 19:29,HUMANO,Unidade Flamengo Pello Menos - 2,TYPE_WHATSAPP,app,"Aqui é unidade Flamengo, Gostaria de entender para qual unidade você gostaria de buscar seu voucher.

Existe alguma outra área que te incomoda. estamos com preços otimos"
"*headline:* conheça a pello menos nova iguaçu 2 *source url:* https://www.instagram.com/p/dy5aadmjgvh/ olá! gostaria de resgatar o voucher das 3 sessões de axilas ou buço, por favor.",,JL5mNzOfzAicGjewxcS3,flamengo|triagem|sem resposta,,2026-05-28 22:24,CLIENTE,inbound,TYPE_WHATSAPP,,Nova Iguaçu
"*headline:* conheça a pello menos nova iguaçu 2 *source url:* https://www.instagram.com/p/dy5aadmjgvh/ olá! gostaria de resgatar o voucher das 3 sessões de axilas ou buço, por favor.",,JL5mNzOfzAicGjewxcS3,flamengo|triagem|sem resposta,,2026-05-29 18:03,HUMANO,Gerência Flamengo Pello Menos,TYPE_WHATSAPP,app,10
"*headline:* conheça a pello menos nova iguaçu 2 *source url:* https://www.instagram.com/p/dy5aadmjgvh/ olá! gostaria de resgatar o voucher das 3 sessões de axilas ou buço, por favor.",,JL5mNzOfzAicGjewxcS3,flamengo|triagem|sem resposta,,2026-06-09 12:50,CLIENTE,inbound,TYPE_WHATSAPP,,"*Headline:* Conheça a Pello Menos Nova Iguaçu 2
*Source URL:* https://www.instagram.com/p/DY5AaSnDOKN/

Olá! Gostaria de resgatar o voucher das 3 sessões de axilas ou buço, por favor."
"*headline:* conheça a pello menos nova iguaçu 2 *source url:* https://www.instagram.com/p/dy5aadmjgvh/ olá! gostaria de resgatar o voucher das 3 sessões de axilas ou buço, por favor.",,JL5mNzOfzAicGjewxcS3,flamengo|triagem|sem resposta,,2026-07-29 12:12,SISTEMA,TYPE_ACTIVITY_OPPORTUNITY,TYPE_ACTIVITY_OPPORTUNITY,app,Opportunity updated
"*headline:* conheça a pello menos nova iguaçu 2 *source url:* https://www.instagram.com/p/dy5aadmjgvh/ olá! gostaria de resgatar o voucher das 3 sessões de axilas ou buço, por favor.",,JL5mNzOfzAicGjewxcS3,flamengo|triagem|sem resposta,,2026-08-22 10:54,HUMANO,Unidade fla@,TYPE_WHATSAPP,app,Oi! 🙂 Falta pouco para finalizarmos seu cadastro e dar continuidade ao seu atendimento. Me chama que já deixo tudo pronto para você.
*𝓐𝓵𝓲𝓷𝓮*✍️,,yT7gP6N6fIf4CL1Gk0nk,3 sessões|flamengo|lead|triagem|reativado|em atendimento,,2026-07-07 12:40,AUTOMAÇÃO,workflow,TYPE_WHATSAPP,workflow,"🎉 Parabéns! Você ganhou *3 sessões grátis* de depilação a laser com a *Pello Menos.*

Com o *Laser Hacok 4D* que acelera seus resultados e tem a ponteira resfriada garantindo o conforto em cada sessão.

Para liberar seu presente, digita aqui pra mim: *qual o seu nome completo?*"
*𝓐𝓵𝓲𝓷𝓮*✍️,,yT7gP6N6fIf4CL1Gk0nk,3 sessões|flamengo|lead|triagem|reativado|em atendimento,,2026-07-07 12:40,CLIENTE,inbound,TYPE_WHATSAPP,,"*Headline:* Conheça a Pello Menos Flamengo
*Source URL:* https://www.instagram.com/p/Dadliz5gC-T/

Olá! Gostaria de resgatar o voucher das 3 sessões de axilas ou buço, por favor."
*𝓐𝓵𝓲𝓷𝓮*✍️,,yT7gP6N6fIf4CL1Gk0nk,3 sessões|flamengo|lead|triagem|reativado|em atendimento,,2026-07-07 12:40,SISTEMA,TYPE_ACTIVITY_OPPORTUNITY,TYPE_ACTIVITY_OPPORTUNITY,app,Opportunity created
*𝓐𝓵𝓲𝓷𝓮*✍️,,yT7gP6N6fIf4CL1Gk0nk,3 sessões|flamengo|lead|triagem|reativado|em atendimento,,2026-07-07 14:25,HUMANO,Unidade fla@,TYPE_WHATSAPP,app,"Olá, podemos dar continuidade ao processo?"
*𝓐𝓵𝓲𝓷𝓮*✍️,,yT7gP6N6fIf4CL1Gk0nk,3 sessões|flamengo|lead|triagem|reativado|em atendimento,,2026-07-07 14:42,CLIENTE,inbound,TYPE_WHATSAPP,,Pode
*𝓐𝓵𝓲𝓷𝓮*✍️,,yT7gP6N6fIf4CL1Gk0nk,3 sessões|flamengo|lead|triagem|reativado|em atendimento,,2026-07-07 15:42,HUMANO,Unidade fla@,TYPE_WHATSAPP,app,preciso das seguintes informações?
*𝓐𝓵𝓲𝓷𝓮*✍️,,yT7gP6N6fIf4CL1Gk0nk,3 sessões|flamengo|lead|triagem|reativado|em atendimento,,2026-07-07 15:43,HUMANO,Unidade fla@,TYPE_WHATSAPP,app,nome e cpf para consultar o seu cadastro em nossa loja.
*𝓐𝓵𝓲𝓷𝓮*✍️,,yT7gP6N6fIf4CL1Gk0nk,3 sessões|flamengo|lead|triagem|reativado|em atendimento,,2026-07-07 15:53,CLIENTE,inbound,TYPE_WHATSAPP,,Não tenho cadastro
*𝓐𝓵𝓲𝓷𝓮*✍️,,yT7gP6N6fIf4CL1Gk0nk,3 sessões|flamengo|lead|triagem|reativado|em atendimento,,2026-07-07 15:57,HUMANO,Unidade fla@,TYPE_WHATSAPP,app,"Para eu fazer seu cadastro e lançar seu presente em nosso sistema, digite aqui seu CPF e nome completo, por favor"
*𝓐𝓵𝓲𝓷𝓮*✍️,,yT7gP6N6fIf4CL1Gk0nk,3 sessões|flamengo|lead|triagem|reativado|em atendimento,,2026-07-14 11:15,SISTEMA,TYPE_ACTIVITY_OPPORTUNITY,TYPE_ACTIVITY_OPPORTUNITY,app,Opportunity updated
*𝓐𝓵𝓲𝓷𝓮*✍️,,yT7gP6N6fIf4CL1Gk0nk,3 sessões|flamengo|lead|triagem|reativado|em atendimento,,2026-08-22 10:38,HUMANO,Unidade fla@,TYPE_WHATSAPP,app,Oi! 🙂 Falta pouco para finalizarmos seu cadastro e dar continuidade ao seu atendimento. Me chama que já deixo tudo pronto para você.
*𝓐𝓵𝓲𝓷𝓮*✍️,,yT7gP6N6fIf4CL1Gk0nk,3 sessões|flamengo|lead|triagem|reativado|em atendimento,,2026-08-22 10:42,CLIENTE,inbound,TYPE_WHATSAPP,,Obrigada pelo contato mais não tenho interesse.
*𝓐𝓵𝓲𝓷𝓮*✍️,,yT7gP6N6fIf4CL1Gk0nk,3 sessões|flamengo|lead|triagem|reativado|em atendimento,,2026-08-22 10:42,SISTEMA,TYPE_ACTIVITY_OPPORTUNITY,TYPE_ACTIVITY_OPPORTUNITY,app,Opportunity updated
*𝓐𝓵𝓲𝓷𝓮*✍️,,yT7gP6N6fIf4CL1Gk0nk,3 sessões|flamengo|lead|triagem|reativado|em atendimento,,2026-08-22 11:07,HUMANO,Unidade fla@,TYPE_WHATSAPP,app,Ok Aline! estaremos a disposição para caso queira tirar mais alguma dúvida sobre o Laser.
*𝓐𝓵𝓲𝓷𝓮*✍️,,yT7gP6N6fIf4CL1Gk0nk,3 sessões|flamengo|lead|triagem|reativado|em atendimento,,2026-08-22 12:04,CLIENTE,inbound,TYPE_WHATSAPP,,Obrigada
*𝓐𝓵𝓲𝓷𝓮*✍️,,yT7gP6N6fIf4CL1Gk0nk,3 sessões|flamengo|lead|triagem|reativado|em atendimento,,2026-08-27 14:58,SISTEMA,TYPE_ACTIVITY_OPPORTUNITY,TYPE_ACTIVITY_OPPORTUNITY,app,Opportunity updated
*𝓐𝓵𝓲𝓷𝓮*✍️,,yT7gP6N6fIf4CL1Gk0nk,3 sessões|flamengo|lead|triagem|reativado|em atendimento,,2026-08-27 14:58,SISTEMA,TYPE_ACTIVITY_OPPORTUNITY,TYPE_ACTIVITY_OPPORTUNITY,app,Opportunity updated
.,,MNCsA1gxnvKhbmWxLTm9,flamengo|triagem|sem resposta,,2026-06-01 12:28,CLIENTE,inbound,TYPE_WHATSAPP,,"*Headline:* Conheça a Pello Menos Flamengo
*Source URL:* https://www.instagram.com/p/DYz_e8zAE_q/

Bom dia"
.,,MNCsA1gxnvKhbmWxLTm9,flamengo|triagem|sem resposta,,2026-06-01 12:28,CLIENTE,inbound,TYPE_WHATSAPP,,estão aceitando currículos
.,,MNCsA1gxnvKhbmWxLTm9,flamengo|triagem|sem resposta,,2026-06-01 12:29,SISTEMA,TYPE_ACTIVITY_OPPORTUNITY,TYPE_ACTIVITY_OPPORTUNITY,app,Opportunity created
.,,MNCsA1gxnvKhbmWxLTm9,flamengo|triagem|sem resposta,,2026-07-14 11:19,SISTEMA,TYPE_ACTIVITY_OPPORTUNITY,TYPE_ACTIVITY_OPPORTUNITY,app,Opportunity updated
29468,,RlT2NDUkIWtgcRJod20v,"axila r$94,90|flamengo|lead|triagem",,2026-09-18 14:48,AUTOMAÇÃO,workflow,TYPE_WHATSAPP,workflow,"Oi! Que bom te ver por aqui 🤩

Parabéns pela decisão de começar seu tratamento!

Aqui na Pello Menos usamos o HAKON 4D, que proporciona um resultado mais rápido e duradouro.

E o melhor: a ponteira é geladinha (-12°C), deixando a aplicação muito mais confortável e segura para todos os tipos de pele.

Me conta, qual o seu nome? 💬"
29468,,RlT2NDUkIWtgcRJod20v,"axila r$94,90|flamengo|lead|triagem",,2026-09-18 14:48,CLIENTE,inbound,TYPE_WHATSAPP,,"*Headline:* Conheça a Pello Menos Flamengo
*Source URL:* https://fb.me/4sHoe0MS0

Olá! Gostaria de aproveitar as 10 sessões de axila por R$94, por favor."
29468,,RlT2NDUkIWtgcRJod20v,"axila r$94,90|flamengo|lead|triagem",,2026-09-18 14:48,SISTEMA,TYPE_ACTIVITY_OPPORTUNITY,TYPE_ACTIVITY_OPPORTUNITY,app,Opportunity created
29468,,RlT2NDUkIWtgcRJod20v,"axila r$94,90|flamengo|lead|triagem",,2026-09-18 16:11,AUTOMAÇÃO,workflow,TYPE_WHATSAPP,workflow,"Aaah, prazer falar com você, 29468 😍

Muito obrigada pelas informações!
Eu sou a assistente virtual da Pello Menos, vou te ajudar por aqui rapidinho e já te encaminho para uma das nossas especialistas, tá?

Só pra você saber, a Pello Menos é pioneira em depilação feminina no Brasil, há mais de 30 anos cuidando de mulheres com excelência ✨

Vi que você clicou no nosso anúncio de 10 sessões da axila por R$94,90 👀
Me conta só uma coisinha pra gente te direcionar melhor…

Além da Axila, existem outras regiões que te incomodam hoje e que você gostaria de se livrar dos pelinhos de vez? 💬"
29468,,RlT2NDUkIWtgcRJod20v,"axila r$94,90|flamengo|lead|triagem",,2026-09-18 16:11,CLIENTE,inbound,TYPE_WHATSAPP,,"[sem texto]
[anexos: 1]"
29468,,RlT2NDUkIWtgcRJod20v,"axila r$94,90|flamengo|lead|triagem",,2026-09-18 17:55,HUMANO,Unidade fla@,TYPE_WHATSAPP,app,"Olá! aqui é a Giulia, operadora do Laser da unidade do Flamengo."
29468,,RlT2NDUkIWtgcRJod20v,"axila r$94,90|flamengo|lead|triagem",,2026-09-18 17:56,HUMANO,Unidade fla@,TYPE_WHATSAPP,app,Poderia me informar seu nome?
29468,,RlT2NDUkIWtgcRJod20v,"axila r$94,90|flamengo|lead|triagem",,2026-09-20 17:48,CLIENTE,inbound,TYPE_WHATSAPP,,https://www.facebook.com/share/r/1HABwDbtoX/
29468,,RlT2NDUkIWtgcRJod20v,"axila r$94,90|flamengo|lead|triagem",,2026-09-21 13:13,HUMANO,Unidade fla@,TYPE_WHATSAPP,app,"Olá, como poderia te ajudar"
adriana messias galdino,,oj8C1m9hy7ISFUDsfsh6,3 sessões|flamengo|lead|triagem|sem resposta,,2026-09-02 10:48,AUTOMAÇÃO,workflow,TYPE_WHATSAPP,workflow,"🎉 Parabéns! Você ganhou *3 sessões grátis* de depilação a laser com a *Pello Menos.*

Com o *Laser Hacok 4D* que acelera seus resultados e tem a ponteira resfriada garantindo o conforto em cada sessão.

Para liberar seu presente, digita aqui pra mim: *qual o seu nome completo?*"
adriana messias galdino,,oj8C1m9hy7ISFUDsfsh6,3 sessões|flamengo|lead|triagem|sem resposta,,2026-09-02 10:48,AUTOMAÇÃO,workflow,TYPE_WHATSAPP,workflow,"Aaah, prazer falar com você, Adriana Messias Galdino 😍

Eu sou a assistente virtual da Pello Menos, vou te ajudar por aqui rapidinho e já te encaminho para uma de nossas especialistas.

A Pello Menos é pioneira em depilação segura há mais de 28 anos, com o Laser Hakon 4D, que atua em quatro dimensões do pelo e garante mais conforto com ponteira a -12 °C.

Para eu fazer seu cadastro e lançar seu presente no nosso sistema, digita aqui seu CPF, por favor ⬇️"
adriana messias galdino,,oj8C1m9hy7ISFUDsfsh6,3 sessões|flamengo|lead|triagem|sem resposta,,2026-09-02 10:48,CLIENTE,inbound,TYPE_WHATSAPP,,"*Headline:* Conheça a Pello Menos Flamengo
*Source URL:* https://fb.me/8tOs1qC5T

Olá! Gostaria de resgatar o voucher das 3 sessões de axilas ou buço, por favor."
adriana messias galdino,,oj8C1m9hy7ISFUDsfsh6,3 sessões|flamengo|lead|triagem|sem resposta,,2026-09-02 10:48,CLIENTE,inbound,TYPE_WHATSAPP,,Adriana Messias Galdino
adriana messias galdino,,oj8C1m9hy7ISFUDsfsh6,3 sessões|flamengo|lead|triagem|sem resposta,,2026-09-02 10:48,SISTEMA,TYPE_ACTIVITY_OPPORTUNITY,TYPE_ACTIVITY_OPPORTUNITY,app,Opportunity created
adriana messias galdino,,oj8C1m9hy7ISFUDsfsh6,3 sessões|flamengo|lead|triagem|sem resposta,,2026-09-02 10:49,AUTOMAÇÃO,workflow,TYPE_WHATSAPP,workflow,"Já anotei tudo aqui 💜
Agora só preciso que você me responda rapidinho sobre as contraindicações, para garantir sua segurança no tratamento, tudo bem?

1️⃣ Tem tatuagem ou cicatriz na área a ser tratada?
2️⃣ Possui pelos brancos, loiros ou ruivos na região?
3️⃣ Tem alguma doença diagnosticada? Se sim, qual?
4️⃣ Já teve algum tipo de câncer ?
5️⃣ Está usando algum medicamento atualmente?
6️⃣ Faz bronzeamento artificial com frequência?
7️⃣ Está grávida ou amamentando ?
8️⃣ Tem melasma ou outras condições na pele, como manchas ou sensibilidade?

👉 Se nenhuma das opções se aplicar a você, pode responder: ""Não para todas"". Assim, consigo Garantir o seu Presente com total segurança e tranquilidade! 😉

Só lembrando que esta é uma pre-anamnese, e quando for a loja para iniciar o seu tratamento precisará preencher a anamnese oficial com a profissional do laser ok?!"
adriana messias galdino,,oj8C1m9hy7ISFUDsfsh6,3 sessões|flamengo|lead|triagem|sem resposta,,2026-09-02 10:49,CLIENTE,inbound,TYPE_WHATSAPP,,135.631.647-62
adriana messias galdino,,oj8C1m9hy7ISFUDsfsh6,3 sessões|flamengo|lead|triagem|sem resposta,,2026-09-02 10:54,AUTOMAÇÃO,workflow,TYPE_WHATSAPP,workflow,"Perfeito! 😊
Já estou encaminhando suas informações para uma de nossas consultoras.

Enquanto isso, me conta: além da área que você ganhou de presente, tem alguma outra área que você gostaria de conhecer melhor, sem compromisso? 💜"
adriana messias galdino,,oj8C1m9hy7ISFUDsfsh6,3 sessões|flamengo|lead|triagem|sem resposta,,2026-09-02 10:54,CLIENTE,inbound,TYPE_WHATSAPP,,"1️⃣ Tem tatuagem ou cicatriz na área a ser tratada? Não 
2️⃣ Possui pelos brancos, loiros ou ruivos na região? Já vi alguns brancos 
3️⃣ Tem alguma doença diagnosticada? Não. Se sim, qual?
4️⃣ Já teve algum tipo de câncer ? Não 
5️⃣ Está usando algum medicamento atualmente? Não 
6️⃣ Faz bronzeamento artificial com frequência? Não 
7️⃣ Está grávida ou amamentando ? Não 
8️⃣ Tem melasma ou outras condições na pele, como manchas ou sensibilidade? Não 

👉 Se nenhuma das opções se aplicar a você, pode responder: ""Não para todas"". Assim, consigo Garantir o seu Presente com total segurança e tranquilidade! 😉

Só lembrando que esta é uma pre-anamnese, e quando for a loja para iniciar o seu tratamento precisará preencher a anamnese oficial com a profissional do laser ok?!"
adriana messias galdino,,oj8C1m9hy7ISFUDsfsh6,3 sessões|flamengo|lead|triagem|sem resposta,,2026-09-02 10:54,SISTEMA,TYPE_ACTIVITY_OPPORTUNITY,TYPE_ACTIVITY_OPPORTUNITY,app,Opportunity updated
adriana messias galdino,,oj8C1m9hy7ISFUDsfsh6,3 sessões|flamengo|lead|triagem|sem resposta,,2026-09-02 10:55,CLIENTE,inbound,TYPE_WHATSAPP,,Virilha total
adriana messias galdino,,oj8C1m9hy7ISFUDsfsh6,3 sessões|flamengo|lead|triagem|sem resposta,,2026-09-02 17:24,HUMANO,Unidade fla@,TYPE_WHATSAPP,app,"Olá, boa tarde

Seja bem-vinda a unidade Flamengo"
adriana messias galdino,,oj8C1m9hy7ISFUDsfsh6,3 sessões|flamengo|lead|triagem|sem resposta,,2026-09-02 17:26,HUMANO,Unidade fla@,TYPE_WHATSAPP,app,"Vamos dar continuidade a sua solicitação
A campanha especial para este mês é:

Virilha total
ganhe cortesia - intergluteo; - coccix; - Faixa abaixo do umbigo e Axilas
Tudo isso por 945,00 ou 10x de 94,50"
adriana messias galdino,,oj8C1m9hy7ISFUDsfsh6,3 sessões|flamengo|lead|triagem|sem resposta,,2026-09-02 17:42,CLIENTE,inbound,TYPE_WHATSAPP,,"Boa tarde 
Obrigada já resolvi."
adriana messias galdino,,oj8C1m9hy7ISFUDsfsh6,3 sessões|flamengo|lead|triagem|sem resposta,,2026-09-02 18:23,HUMANO,Unidade fla@,TYPE_WHATSAPP,app,"maravilha, obrigado"
adriana messias galdino,,oj8C1m9hy7ISFUDsfsh6,3 sessões|flamengo|lead|triagem|sem resposta,,2026-09-15 11:33,SISTEMA,TYPE_ACTIVITY_OPPORTUNITY,TYPE_ACTIVITY_OPPORTUNITY,app,Opportunity updated
alan gabri’el targaryen,,TzVHwGc9GzvQYFksCkS6,3 sessões|flamengo|triagem|comanda cortesia aberta,,2026-05-28 13:30,AUTOMAÇÃO,workflow,TYPE_WHATSAPP,workflow,"🎉 Parabéns! Você ganhou *3 sessões grátis* de depilação a laser com a *Pello Menos.*

Com o *Laser Hacon 4D* que acelera seus resultados e tem a ponteira resfriada garantindo o conforto em cada sessão.

Para liberar seu presente, digita aqui pra mim: *qual o seu nome completo?*"
alan gabri’el targaryen,,TzVHwGc9GzvQYFksCkS6,3 sessões|flamengo|triagem|comanda cortesia aberta,,2026-05-28 13:30,CLIENTE,inbound,TYPE_WHATSAPP,,"*Headline:* Conheça a Pello Menos Flamengo
*Source URL:* https://www.instagram.com/p/DYz_e8zAE_q/

Olá! Gostaria de resgatar o voucher das 3 sessões de axilas ou buço, por favor."
alan gabri’el targaryen,,TzVHwGc9GzvQYFksCkS6,3 sessões|flamengo|triagem|comanda cortesia aberta,,2026-05-28 13:30,SISTEMA,TYPE_ACTIVITY_OPPORTUNITY,TYPE_ACTIVITY_OPPORTUNITY,app,Opportunity created
alan gabri’el targaryen,,TzVHwGc9GzvQYFksCkS6,3 sessões|flamengo|triagem|comanda cortesia aberta,,2026-05-29 07:17,AUTOMAÇÃO,workflow,TYPE_WHATSAPP,workflow,"Aaah, prazer falar com você, Alan Gabri’El Targaryen 😍

Eu sou a assistente virtual da Pello Menos, vou te ajudar por aqui rapidinho e já te encaminho para uma de nossas especialistas.

A Pello Menos é pioneira em depilação segura há mais de 28 anos, com o Laser Hacon 4D, que atua em quatro dimensões do pelo e garante mais conforto com ponteira a -12 °C.

Para eu fazer seu cadastro e lançar seu presente no nosso sistema, digita aqui seu CPF, por favor ⬇️"
alan gabri’el targaryen,,TzVHwGc9GzvQYFksCkS6,3 sessões|flamengo|triagem|comanda cortesia aberta,,2026-05-29 07:17,CLIENTE,inbound,TYPE_WHATSAPP,,Alan Gabri’El Targaryen
alan gabri’el targaryen,,TzVHwGc9GzvQYFksCkS6,3 sessões|flamengo|triagem|comanda cortesia aberta,,2026-06-24 10:07,AUTOMAÇÃO,workflow,TYPE_WHATSAPP,workflow,"Já anotei tudo aqui 💜
Agora só preciso que você me responda rapidinho sobre as contraindicações, para garantir sua segurança no tratamento, tudo bem?

1️⃣ Tem tatuagem ou cicatriz na área a ser tratada?
2️⃣ Possui pelos brancos, loiros ou ruivos na região?
3️⃣ Tem alguma doença diagnosticada? Se sim, qual?
4️⃣ Já teve algum tipo de câncer ?
5️⃣ Está usando algum medicamento atualmente?
6️⃣ Faz bronzeamento artificial com frequência?
7️⃣ Está grávida ou amamentando ?
8️⃣ Tem melasma ou outras condições na pele, como manchas ou sensibilidade?

👉 Se nenhuma das opções se aplicar a você, pode responder: ""Não para todas"". Assim, consigo Garantir o seu Presente com total segurança e tranquilidade! 😉

Só lembrando que esta é uma pre-anamnese, e quando for a loja para iniciar o seu tratamento precisará preencher a anamnese oficial com a profissional do laser ok?!"
alan gabri’el targaryen,,TzVHwGc9GzvQYFksCkS6,3 sessões|flamengo|triagem|comanda cortesia aberta,,2026-06-24 10:07,CLIENTE,inbound,TYPE_WHATSAPP,,"*Headline:* Conheça a Pello Menos Gonçalves Dias
*Source URL:* https://www.instagram.com/p/DZ74NplM2dT/

Olá! Gostaria de resgatar o voucher das 3 sessões de axilas ou buço, por favor."
alan gabri’el targaryen,,TzVHwGc9GzvQYFksCkS6,3 sessões|flamengo|triagem|comanda cortesia aberta,,2026-06-24 11:27,AUTOMAÇÃO,workflow,TYPE_WHATSAPP,workflow,"Perfeito! 😊
Já estou encaminhando suas informações para uma de nossas consultoras.

Enquanto isso, me conta: além da área que você ganhou de presente, tem alguma outra área que você gostaria de conhecer melhor, sem compromisso? 💜"
alan gabri’el targaryen,,TzVHwGc9GzvQYFksCkS6,3 sessões|flamengo|triagem|comanda cortesia aberta,,2026-06-24 11:27,CLIENTE,inbound,TYPE_WHATSAPP,,Não para todas.
alan gabri’el targaryen,,TzVHwGc9GzvQYFksCkS6,3 sessões|flamengo|triagem|comanda cortesia aberta,,2026-06-24 11:27,SISTEMA,TYPE_ACTIVITY_OPPORTUNITY,TYPE_ACTIVITY_OPPORTUNITY,app,Opportunity updated
alan gabri’el targaryen,,TzVHwGc9GzvQYFksCkS6,3 sessões|flamengo|triagem|comanda cortesia aberta,,2026-06-24 13:06,HUMANO,Unidade fla@,TYPE_WHATSAPP,app,"Olá, gostaria de mais alguma informação?"
alan gabri’el targaryen,,TzVHwGc9GzvQYFksCkS6,3 sessões|flamengo|triagem|comanda cortesia aberta,,2026-06-24 13:16,CLIENTE,inbound,TYPE_WHATSAPP,,Qual área é a do buço?
alan gabri’el targaryen,,TzVHwGc9GzvQYFksCkS6,3 sessões|flamengo|triagem|comanda cortesia aberta,,2026-06-24 13:30,HUMANO,Unidade fla@,TYPE_WHATSAPP,app,"ola, é a área acima dos labios"
alan gabri’el targaryen,,TzVHwGc9GzvQYFksCkS6,3 sessões|flamengo|triagem|comanda cortesia aberta,,2026-06-24 13:37,HUMANO,Unidade fla@,TYPE_WHATSAPP,app,"Hoje, em comemoração dos 30 anos da Pello Menos a promoção é: R$ 799,00 qualquer virilha ou adicionando uma segunda área na mesma compra a Virilha passa a ser R$649,00 + 50% off nas áreas adicionais 
são 10 sessões e o pagamento pode ser em até 10x"
alan gabri’el targaryen,,TzVHwGc9GzvQYFksCkS6,3 sessões|flamengo|triagem|comanda cortesia aberta,,2026-06-24 13:39,HUMANO,Unidade fla@,TYPE_WHATSAPP,app,"o buço, por exemplo, sairia a R$212,95 caso vc compre a virilha."
alan gabri’el targaryen,,TzVHwGc9GzvQYFksCkS6,3 sessões|flamengo|triagem|comanda cortesia aberta,,2026-06-24 16:44,CLIENTE,inbound,TYPE_WHATSAPP,,"Ah sim, minha área de interesse é a faixa da barba e maçã do rosto"
alan gabri’el targaryen,,TzVHwGc9GzvQYFksCkS6,3 sessões|flamengo|triagem|comanda cortesia aberta,,2026-06-25 11:10,HUMANO,Unidade fla@,TYPE_WHATSAPP,app,Temos 3 sessões grátis para faixa de barba
alan gabri’el targaryen,,TzVHwGc9GzvQYFksCkS6,3 sessões|flamengo|triagem|comanda cortesia aberta,,2026-06-25 11:10,HUMANO,Unidade fla@,TYPE_WHATSAPP,app,"Para continuarmos, preciso concluir seu cadastro no sistema e após seu cadastro, você pode vir na unidade concluir e realizar sua sessão."
alan gabri’el targaryen,,TzVHwGc9GzvQYFksCkS6,3 sessões|flamengo|triagem|comanda cortesia aberta,,2026-06-25 11:12,HUMANO,Unidade fla@,TYPE_WHATSAPP,app,"Para eu fazer seu cadastro e lançar seu presente no nosso sistema, digita aqui seu CPF, e data de nascimento, por favor ⬇️"
alan gabri’el targaryen,,TzVHwGc9GzvQYFksCkS6,3 sessões|flamengo|triagem|comanda cortesia aberta,,2026-06-25 11:15,CLIENTE,inbound,TYPE_WHATSAPP,,08764866343
alan gabri’el targaryen,,TzVHwGc9GzvQYFksCkS6,3 sessões|flamengo|triagem|comanda cortesia aberta,,2026-06-25 11:15,CLIENTE,inbound,TYPE_WHATSAPP,,12/10/2000
alan gabri’el targaryen,,TzVHwGc9GzvQYFksCkS6,3 sessões|flamengo|triagem|comanda cortesia aberta,,2026-06-25 11:19,HUMANO,Unidade fla@,TYPE_WHATSAPP,app,"Já realizei o cadastro, agora só comparecer na loja para finalizar e realizar as sessões."
alan gabri’el targaryen,,TzVHwGc9GzvQYFksCkS6,3 sessões|flamengo|triagem|comanda cortesia aberta,,2026-06-25 11:19,HUMANO,Unidade fla@,TYPE_WHATSAPP,app,"Sem agendamentos, funcionamos sem hora marcada. Horário de funcionamento do Laser: de terça à sexta, de 9:00 às 19:00 e sábados de 9:00 às 18:00."
alan gabri’el targaryen,,TzVHwGc9GzvQYFksCkS6,3 sessões|flamengo|triagem|comanda cortesia aberta,,2026-06-25 11:19,HUMANO,Unidade fla@,TYPE_WHATSAPP,app,"Rua Marquês de Abrantes, 209 - Flamengo"
alan gabri’el targaryen,,TzVHwGc9GzvQYFksCkS6,3 sessões|flamengo|triagem|comanda cortesia aberta,,2026-06-25 11:33,CLIENTE,inbound,TYPE_WHATSAPP,,Qual o tempo médio de espera?
alan gabri’el targaryen,,TzVHwGc9GzvQYFksCkS6,3 sessões|flamengo|triagem|comanda cortesia aberta,,2026-06-25 11:43,HUMANO,Unidade fla@,TYPE_WHATSAPP,app,Normalmente não tem tempo de espera.
alan gabri’el targaryen,,TzVHwGc9GzvQYFksCkS6,3 sessões|flamengo|triagem|comanda cortesia aberta,,2026-06-25 13:17,SISTEMA,TYPE_ACTIVITY_OPPORTUNITY,TYPE_ACTIVITY_OPPORTUNITY,app,Opportunity updated
alessandra,,1r8rcuEX36sx3ThsUQBG,3 sessões|flamengo|triagem|sem resposta,,2026-05-29 15:37,AUTOMAÇÃO,workflow,TYPE_WHATSAPP,workflow,"🎉 Parabéns! Você ganhou *3 sessões grátis* de depilação a laser com a *Pello Menos.*

Com o *Laser Hacok 4D* que acelera seus resultados e tem a ponteira resfriada garantindo o conforto em cada sessão.

Para liberar seu presente, digita aqui pra mim: *qual o seu nome completo?*"
alessandra,,1r8rcuEX36sx3ThsUQBG,3 sessões|flamengo|triagem|sem resposta,,2026-05-29 15:37,CLIENTE,inbound,TYPE_WHATSAPP,,"*Headline:* Conheça a Pello Menos Flamengo
*Source URL:* https://www.instagram.com/p/DYz_e8zAE_q/

Olá! Gostaria de resgatar o voucher das 3 sessões de axilas ou buço, por favor."
alessandra,,1r8rcuEX36sx3ThsUQBG,3 sessões|flamengo|triagem|sem resposta,,2026-05-29 15:38,SISTEMA,TYPE_ACTIVITY_OPPORTUNITY,TYPE_ACTIVITY_OPPORTUNITY,app,Opportunity created
alessandra,,1r8rcuEX36sx3ThsUQBG,3 sessões|flamengo|triagem|sem resposta,,2026-07-14 11:19,SISTEMA,TYPE_ACTIVITY_OPPORTUNITY,TYPE_ACTIVITY_OPPORTUNITY,app,Opportunity updated
alessandra freitag,,AVhptSzEiM4z3PhOTi5U,3 sessões|flamengo|lead|triagem|comanda cortesia aberta,,2026-08-04 15:17,AUTOMAÇÃO,workflow,TYPE_WHATSAPP,workflow,"🎉 Parabéns! Você ganhou *3 sessões grátis* de depilação a laser com a *Pello Menos.*

Com o *Laser Hacok 4D* que acelera seus resultados e tem a ponteira resfriada garantindo o conforto em cada sessão.

Para liberar seu presente, digita aqui pra mim: *qual o seu nome completo?*"
alessandra freitag,,AVhptSzEiM4z3PhOTi5U,3 sessões|flamengo|lead|triagem|comanda cortesia aberta,,2026-08-04 15:17,CLIENTE,inbound,TYPE_WHATSAPP,,"*Headline:* Conheça a Pello Menos Flamengo
*Source URL:* https://www.instagram.com/p/DadlkxcAV-4/

Olá! Gostaria de resgatar o voucher das 3 sessões de axilas ou buço, por favor."
alessandra freitag,,AVhptSzEiM4z3PhOTi5U,3 sessões|flamengo|lead|triagem|comanda cortesia aberta,,2026-08-04 15:17,SISTEMA,TYPE_ACTIVITY_OPPORTUNITY,TYPE_ACTIVITY_OPPORTUNITY,app,Opportunity created
alessandra freitag,,AVhptSzEiM4z3PhOTi5U,3 sessões|flamengo|lead|triagem|comanda cortesia aberta,,2026-08-04 15:18,CLIENTE,inbound,TYPE_WHATSAPP,,Alessandra Souza Freitag
alessandra freitag,,AVhptSzEiM4z3PhOTi5U,3 sessões|flamengo|lead|triagem|comanda cortesia aberta,,2026-08-04 15:22,HUMANO,Unidade fla@,TYPE_WHATSAPP,app,"Agora só preciso que você me responda rapidinho sobre as contraindicações, para garantir sua segurança no tratamento, tudo bem?

 1️⃣ Tem tatuagem ou cicatriz na área a ser tratada?
 2️⃣ Possui pelos brancos, loiros ou ruivos na região?
 3️⃣ Tem alguma doença diagnosticada? Se sim, qual?
 4️⃣ Possui diabetes? Se sim, qual o tipo?
 5️⃣ Está usando algum medicamento atualmente?
 6️⃣ Faz bronzeamento artificial com frequência?
 7️⃣ Está grávida, amamentando ou teve câncer nos últimos cinco anos?
 8️⃣ Tem melasma ou outras condições na pele, como manchas ou sensibilidade?

👉 Se nenhuma das opções se aplicar a você, pode responder: ""Não para todas"".

 Assim, consigo Garantir o seu Presente com total segurança e tranquilidade! 😉"
alessandra freitag,,AVhptSzEiM4z3PhOTi5U,3 sessões|flamengo|lead|triagem|comanda cortesia aberta,,2026-08-04 15:40,CLIENTE,inbound,TYPE_WHATSAPP,,5
alessandra freitag,,AVhptSzEiM4z3PhOTi5U,3 sessões|flamengo|lead|triagem|comanda cortesia aberta,,2026-08-04 16:39,HUMANO,Unidade fla@,TYPE_WHATSAPP,app,Qual seria o medicamento?
alessandra freitag,,AVhptSzEiM4z3PhOTi5U,3 sessões|flamengo|lead|triagem|comanda cortesia aberta,,2026-08-04 18:27,CLIENTE,inbound,TYPE_WHATSAPP,,"Synthroid, Rosuvastatina e Tirzepatida"
alessandra freitag,,AVhptSzEiM4z3PhOTi5U,3 sessões|flamengo|lead|triagem|comanda cortesia aberta,,2026-08-04 18:42,HUMANO,Unidade fla@,TYPE_WHATSAPP,app,"Olá Alessandra! aqui é a Giulia, operadora do Laser da unidade do Flamengo."
alessandra freitag,,AVhptSzEiM4z3PhOTi5U,3 sessões|flamengo|lead|triagem|comanda cortesia aberta,,2026-08-04 18:43,HUMANO,Unidade fla@,TYPE_WHATSAPP,app,"Você pode realizar as sessões, sem problemas."
alessandra freitag,,AVhptSzEiM4z3PhOTi5U,3 sessões|flamengo|lead|triagem|comanda cortesia aberta,,2026-08-04 18:44,HUMANO,Unidade fla@,TYPE_WHATSAPP,app,"Para continuarmos, preciso concluir seu cadastro no sistema e após seu cadastro, você pode vir na unidade realizar sua sessão presente.

Pode me informar sua data de nascimento e cpf?"
alessandra freitag,,AVhptSzEiM4z3PhOTi5U,3 sessões|flamengo|lead|triagem|comanda cortesia aberta,,2026-08-05 00:22,CLIENTE,inbound,TYPE_WHATSAPP,,15/09/1971
alessandra freitag,,AVhptSzEiM4z3PhOTi5U,3 sessões|flamengo|lead|triagem|comanda cortesia aberta,,2026-08-05 11:10,HUMANO,Unidade fla@,TYPE_WHATSAPP,app,"Já registrei o seu voucher pelo sistema da nossa loja! agora só comparecer na loja para realizar as sessões.

Sem agendamentos, funcionamos sem hora marcada.
⌚Horário de funcionamento do Laser: de terça à sexta, de 9:00 às 19:00 e sábados de 9:00 às 18:00.
📍Rua Marquês de Abrantes, 209 - Flamengo"
alessandra freitag,,AVhptSzEiM4z3PhOTi5U,3 sessões|flamengo|lead|triagem|comanda cortesia aberta,,2026-08-05 11:11,HUMANO,Unidade fla@,TYPE_WHATSAPP,app,pode só me informar seu cpf?
alessandra freitag,,AVhptSzEiM4z3PhOTi5U,3 sessões|flamengo|lead|triagem|comanda cortesia aberta,,2026-08-05 11:23,CLIENTE,inbound,TYPE_WHATSAPP,,01873627777
alessandra freitag,,AVhptSzEiM4z3PhOTi5U,3 sessões|flamengo|lead|triagem|comanda cortesia aberta,,2026-08-05 11:23,CLIENTE,inbound,TYPE_WHATSAPP,,Obrigada!
alessandra freitag,,AVhptSzEiM4z3PhOTi5U,3 sessões|flamengo|lead|triagem|comanda cortesia aberta,,2026-08-05 11:23,CLIENTE,inbound,TYPE_WHATSAPP,,Escolhe na hora qual região?
alessandra freitag,,AVhptSzEiM4z3PhOTi5U,3 sessões|flamengo|lead|triagem|comanda cortesia aberta,,2026-08-05 11:31,HUMANO,Unidade fla@,TYPE_WHATSAPP,app,"pode já deixar registrado, seria axila ou buço?"
alessandra freitag,,AVhptSzEiM4z3PhOTi5U,3 sessões|flamengo|lead|triagem|comanda cortesia aberta,,2026-08-05 12:27,CLIENTE,inbound,TYPE_WHATSAPP,,Axila
alessandra freitag,,AVhptSzEiM4z3PhOTi5U,3 sessões|flamengo|lead|triagem|comanda cortesia aberta,,2026-08-05 12:27,CLIENTE,inbound,TYPE_WHATSAPP,,Alguma preparação?
alessandra freitag,,AVhptSzEiM4z3PhOTi5U,3 sessões|flamengo|lead|triagem|comanda cortesia aberta,,2026-08-05 12:44,HUMANO,Unidade fla@,TYPE_WHATSAPP,app,"sim, fazer o preparo com gilete ou máquina 2 dias antes da sessão."
alessandra freitag,,AVhptSzEiM4z3PhOTi5U,3 sessões|flamengo|lead|triagem|comanda cortesia aberta,,2026-08-05 12:46,CLIENTE,inbound,TYPE_WHATSAPP,,ok obrigada
alessandra freitag,,AVhptSzEiM4z3PhOTi5U,3 sessões|flamengo|lead|triagem|comanda cortesia aberta,,2026-08-14 15:08,SISTEMA,TYPE_ACTIVITY_OPPORTUNITY,TYPE_ACTIVITY_OPPORTUNITY,app,Opportunity updated
alexs.,,nkSkiVx73GaZsyfTBEtF,3 sessões|flamengo|lead|triagem|sem resposta,,2026-08-03 13:35,AUTOMAÇÃO,workflow,TYPE_WHATSAPP,workflow,"🎉 Parabéns! Você ganhou *3 sessões grátis* de depilação a laser com a *Pello Menos.*

Com o *Laser Hacok 4D* que acelera seus resultados e tem a ponteira resfriada garantindo o conforto em cada sessão.

Para liberar seu presente, digita aqui pra mim: *qual o seu nome completo?*"
alexs.,,nkSkiVx73GaZsyfTBEtF,3 sessões|flamengo|lead|triagem|sem resposta,,2026-08-03 13:35,CLIENTE,inbound,TYPE_WHATSAPP,,"*Headline:* Conheça a Pello Menos Flamengo
*Source URL:* https://www.instagram.com/p/DadlizVAmg9/

Olá! Gostaria de resgatar o voucher das 3 sessões de axilas ou buço, por favor."
alexs.,,nkSkiVx73GaZsyfTBEtF,3 sessões|flamengo|lead|triagem|sem resposta,,2026-08-03 13:35,SISTEMA,TYPE_ACTIVITY_OPPORTUNITY,TYPE_ACTIVITY_OPPORTUNITY,app,Opportunity created
alexs.,,nkSkiVx73GaZsyfTBEtF,3 sessões|flamengo|lead|triagem|sem resposta,,2026-08-03 19:00,HUMANO,Unidade fla@,TYPE_WHATSAPP,app,"Olá, podemos seguir com o atendimento"
alexs.,,nkSkiVx73GaZsyfTBEtF,3 sessões|flamengo|lead|triagem|sem resposta,,2026-08-14 15:12,SISTEMA,TYPE_ACTIVITY_OPPORTUNITY,TYPE_ACTIVITY_OPPORTUNITY,app,Opportunity updated
alexs.,,nkSkiVx73GaZsyfTBEtF,3 sessões|flamengo|lead|triagem|sem resposta,,2026-08-22 10:12,HUMANO,Unidade fla@,TYPE_WHATSAPP,app,Sua condição ainda está disponível no momento. Me chama para garantir. 😊
aline do nascimento silva,,BJiziEPVeLHg2XckSjop,3 sessões|flamengo|lead|triagem|em atendimento,,2026-08-12 16:35,AUTOMAÇÃO,workflow,TYPE_WHATSAPP,workflow,"🎉 Parabéns! Você ganhou *3 sessões grátis* de depilação a laser com a *Pello Menos.*

Com o *Laser Hacok 4D* que acelera seus resultados e tem a ponteira resfriada garantindo o conforto em cada sessão.

Para liberar seu presente, digita aqui pra mim: *qual o seu nome completo?*"
aline do nascimento silva,,BJiziEPVeLHg2XckSjop,3 sessões|flamengo|lead|triagem|em atendimento,,2026-08-12 16:35,AUTOMAÇÃO,workflow,TYPE_WHATSAPP,workflow,"Aaah, prazer falar com você, Aline Do Nascimento Silva 😍

Eu sou a assistente virtual da Pello Menos, vou te ajudar por aqui rapidinho e já te encaminho para uma de nossas especialistas.

A Pello Menos é pioneira em depilação segura há mais de 28 anos, com o Laser Hakon 4D, que atua em quatro dimensões do pelo e garante mais conforto com ponteira a -12 °C.

Para eu fazer seu cadastro e lançar seu presente no nosso sistema, digita aqui seu CPF, por favor ⬇️"
aline do nascimento silva,,BJiziEPVeLHg2XckSjop,3 sessões|flamengo|lead|triagem|em atendimento,,2026-08-12 16:35,AUTOMAÇÃO,workflow,TYPE_WHATSAPP,workflow,"Já anotei tudo aqui 💜
Agora só preciso que você me responda rapidinho sobre as contraindicações, para garantir sua segurança no tratamento, tudo bem?

1️⃣ Tem tatuagem ou cicatriz na área a ser tratada?
2️⃣ Possui pelos brancos, loiros ou ruivos na região?
3️⃣ Tem alguma doença diagnosticada? Se sim, qual?
4️⃣ Já teve algum tipo de câncer ?
5️⃣ Está usando algum medicamento atualmente?
6️⃣ Faz bronzeamento artificial com frequência?
7️⃣ Está grávida ou amamentando ?
8️⃣ Tem melasma ou outras condições na pele, como manchas ou sensibilidade?

👉 Se nenhuma das opções se aplicar a você, pode responder: ""Não para todas"". Assim, consigo Garantir o seu Presente com total segurança e tranquilidade! 😉

Só lembrando que esta é uma pre-anamnese, e quando for a loja para iniciar o seu tratamento precisará preencher a anamnese oficial com a profissional do laser ok?!"
aline do nascimento silva,,BJiziEPVeLHg2XckSjop,3 sessões|flamengo|lead|triagem|em atendimento,,2026-08-12 16:35,CLIENTE,inbound,TYPE_WHATSAPP,,"*Headline:* Conheça a Pello Menos Flamengo
*Source URL:* https://www.instagram.com/p/Dbs61vLgmWY/

Olá! Gostaria de resgatar o voucher das 3 sessões de axilas ou buço, por favor."
aline do nascimento silva,,BJiziEPVeLHg2XckSjop,3 sessões|flamengo|lead|triagem|em atendimento,,2026-08-12 16:35,CLIENTE,inbound,TYPE_WHATSAPP,,Aline do nascimento Silva
aline do nascimento silva,,BJiziEPVeLHg2XckSjop,3 sessões|flamengo|lead|triagem|em atendimento,,2026-08-12 16:35,CLIENTE,inbound,TYPE_WHATSAPP,,10798718706
aline do nascimento silva,,BJiziEPVeLHg2XckSjop,3 sessões|flamengo|lead|triagem|em atendimento,,2026-08-12 16:35,SISTEMA,TYPE_ACTIVITY_OPPORTUNITY,TYPE_ACTIVITY_OPPORTUNITY,app,Opportunity created
aline do nascimento silva,,BJiziEPVeLHg2XckSjop,3 sessões|flamengo|lead|triagem|em atendimento,,2026-08-12 16:37,AUTOMAÇÃO,workflow,TYPE_WHATSAPP,workflow,"Perfeito! 😊
Já estou encaminhando suas informações para uma de nossas consultoras.

Enquanto isso, me conta: além da área que você ganhou de presente, tem alguma outra área que você gostaria de conhecer melhor, sem compromisso? 💜"
aline do nascimento silva,,BJiziEPVeLHg2XckSjop,3 sessões|flamengo|lead|triagem|em atendimento,,2026-08-12 16:37,CLIENTE,inbound,TYPE_WHATSAPP,,6 sim
aline do nascimento silva,,BJiziEPVeLHg2XckSjop,3 sessões|flamengo|lead|triagem|em atendimento,,2026-08-12 16:37,CLIENTE,inbound,TYPE_WHATSAPP,,8 sim
aline do nascimento silva,,BJiziEPVeLHg2XckSjop,3 sessões|flamengo|lead|triagem|em atendimento,,2026-08-12 16:37,SISTEMA,TYPE_ACTIVITY_OPPORTUNITY,TYPE_ACTIVITY_OPPORTUNITY,app,Opportunity updated
aline do nascimento silva,,BJiziEPVeLHg2XckSjop,3 sessões|flamengo|lead|triagem|em atendimento,,2026-08-12 17:27,HUMANO,Unidade fla@,TYPE_WHATSAPP,app,"Olá! aqui é a Giulia, operadora do Laser da unidade do Flamengo.

Para continuarmos, preciso concluir seu cadastro no sistema e após seu cadastro, você pode vir na unidade concluir e realizar sua sessão presente."
aline do nascimento silva,,BJiziEPVeLHg2XckSjop,3 sessões|flamengo|lead|triagem|em atendimento,,2026-08-12 17:27,HUMANO,Unidade fla@,TYPE_WHATSAPP,app,Quais seriam as condições na pele?
aline do nascimento silva,,BJiziEPVeLHg2XckSjop,3 sessões|flamengo|lead|triagem|em atendimento,,2026-08-12 17:35,CLIENTE,inbound,TYPE_WHATSAPP,,No rosto
aline do nascimento silva,,BJiziEPVeLHg2XckSjop,3 sessões|flamengo|lead|triagem|em atendimento,,2026-08-12 17:35,CLIENTE,inbound,TYPE_WHATSAPP,,Tem alguns
aline do nascimento silva,,BJiziEPVeLHg2XckSjop,3 sessões|flamengo|lead|triagem|em atendimento,,2026-08-12 17:51,HUMANO,Unidade fla@,TYPE_WHATSAPP,app,As sessões seriam no buço ou axila?
aline do nascimento silva,,BJiziEPVeLHg2XckSjop,3 sessões|flamengo|lead|triagem|em atendimento,,2026-08-12 17:52,CLIENTE,inbound,TYPE_WHATSAPP,,Axilas
aline do nascimento silva,,BJiziEPVeLHg2XckSjop,3 sessões|flamengo|lead|triagem|em atendimento,,2026-08-12 17:52,CLIENTE,inbound,TYPE_WHATSAPP,,E buço
aline do nascimento silva,,BJiziEPVeLHg2XckSjop,3 sessões|flamengo|lead|triagem|em atendimento,,2026-08-12 17:55,HUMANO,Unidade fla@,TYPE_WHATSAPP,app,"3 sessões gratuitas é somente para uma área, você pode garantir a outra área em promoção por apenas 94,90!"
aline do nascimento silva,,BJiziEPVeLHg2XckSjop,3 sessões|flamengo|lead|triagem|em atendimento,,2026-08-12 17:55,HUMANO,Unidade fla@,TYPE_WHATSAPP,app,o que acha da oportunidade?
aline do nascimento silva,,BJiziEPVeLHg2XckSjop,3 sessões|flamengo|lead|triagem|em atendimento,,2026-08-12 17:57,CLIENTE,inbound,TYPE_WHATSAPP,,Quero então axilas
aline do nascimento silva,,BJiziEPVeLHg2XckSjop,3 sessões|flamengo|lead|triagem|em atendimento,,2026-08-12 17:58,CLIENTE,inbound,TYPE_WHATSAPP,,Pode ser virilha?
aline do nascimento silva,,BJiziEPVeLHg2XckSjop,3 sessões|flamengo|lead|triagem|em atendimento,,2026-08-12 18:00,CLIENTE,inbound,TYPE_WHATSAPP,,Quero axilas
aline do nascimento silva,,BJiziEPVeLHg2XckSjop,3 sessões|flamengo|lead|triagem|em atendimento,,2026-08-12 18:00,HUMANO,Unidade fla@,TYPE_WHATSAPP,app,O voucher é apenas para buço ou axila.
aline do nascimento silva,,BJiziEPVeLHg2XckSjop,3 sessões|flamengo|lead|triagem|em atendimento,,2026-08-12 18:00,HUMANO,Unidade fla@,TYPE_WHATSAPP,app,"Vou te apresentar as condições especiais do mês de Agosto para virilha:
🌸Combo 1: Virilha total + Faixa (umbigo): 10x de 83,60
🌸Combo 2: Virilha comum + Axila: 10x de 62,29
🌸Combo 3: Virilha total + Faixa (umbigo) + perna inteira: 10x de 253,00"
aline do nascimento silva,,BJiziEPVeLHg2XckSjop,3 sessões|flamengo|lead|triagem|em atendimento,,2026-08-12 18:01,CLIENTE,inbound,TYPE_WHATSAPP,,Entendi
aline do nascimento silva,,BJiziEPVeLHg2XckSjop,3 sessões|flamengo|lead|triagem|em atendimento,,2026-08-12 18:01,CLIENTE,inbound,TYPE_WHATSAPP,,Esse
aline do nascimento silva,,BJiziEPVeLHg2XckSjop,3 sessões|flamengo|lead|triagem|em atendimento,,2026-08-12 18:02,HUMANO,Unidade fla@,TYPE_WHATSAPP,app,"Voucher de 3 sessões para buço e 10 sessões de axila por 94,90?"
aline do nascimento silva,,BJiziEPVeLHg2XckSjop,3 sessões|flamengo|lead|triagem|em atendimento,,2026-08-12 18:03,CLIENTE,inbound,TYPE_WHATSAPP,,Tudo isso só por esse valor?
aline do nascimento silva,,BJiziEPVeLHg2XckSjop,3 sessões|flamengo|lead|triagem|em atendimento,,2026-08-12 18:03,CLIENTE,inbound,TYPE_WHATSAPP,,Onde fica?
aline do nascimento silva,,BJiziEPVeLHg2XckSjop,3 sessões|flamengo|lead|triagem|em atendimento,,2026-08-12 18:04,CLIENTE,inbound,TYPE_WHATSAPP,,?
aline do nascimento silva,,BJiziEPVeLHg2XckSjop,3 sessões|flamengo|lead|triagem|em atendimento,,2026-08-12 18:04,CLIENTE,inbound,TYPE_WHATSAPP,,Muito longe
aline do nascimento silva,,BJiziEPVeLHg2XckSjop,3 sessões|flamengo|lead|triagem|em atendimento,,2026-08-12 18:04,CLIENTE,inbound,TYPE_WHATSAPP,,Moro na baixada
aline do nascimento silva,,BJiziEPVeLHg2XckSjop,3 sessões|flamengo|lead|triagem|em atendimento,,2026-08-12 18:04,HUMANO,Unidade fla@,TYPE_WHATSAPP,app,Isso
aline do nascimento silva,,BJiziEPVeLHg2XckSjop,3 sessões|flamengo|lead|triagem|em atendimento,,2026-08-12 18:04,HUMANO,Unidade fla@,TYPE_WHATSAPP,app,"Rua Marquês de Abrantes, 209 - Flamengo"
aline do nascimento silva,,BJiziEPVeLHg2XckSjop,3 sessões|flamengo|lead|triagem|em atendimento,,2026-08-14 14:31,SISTEMA,TYPE_ACTIVITY_OPPORTUNITY,TYPE_ACTIVITY_OPPORTUNITY,app,Opportunity status changed
alzeni campos,,XLeiSTQvEDPQtCtqK0n7,3 sessões|flamengo|lead|triagem|sem resposta,,2026-07-04 12:25,AUTOMAÇÃO,workflow,TYPE_WHATSAPP,workflow,"🎉 Parabéns! Você ganhou *3 sessões grátis* de depilação a laser com a *Pello Menos.*

Com o *Laser Hacok 4D* que acelera seus resultados e tem a ponteira resfriada garantindo o conforto em cada sessão.

Para liberar seu presente, digita aqui pra mim: *qual o seu nome completo?*"
alzeni campos,,XLeiSTQvEDPQtCtqK0n7,3 sessões|flamengo|lead|triagem|sem resposta,,2026-07-04 12:25,CLIENTE,inbound,TYPE_WHATSAPP,,"*Headline:* Conheça a Pello Menos Flamengo
*Source URL:* https://fb.me/7DbiFVPNP

Olá! Gostaria de resgatar o voucher das 3 sessões de axilas ou buço, por favor."
alzeni campos,,XLeiSTQvEDPQtCtqK0n7,3 sessões|flamengo|lead|triagem|sem resposta,,2026-07-04 12:25,SISTEMA,TYPE_ACTIVITY_OPPORTUNITY,TYPE_ACTIVITY_OPPORTUNITY,app,Opportunity created
alzeni campos,,XLeiSTQvEDPQtCtqK0n7,3 sessões|flamengo|lead|triagem|sem resposta,,2026-07-04 12:27,AUTOMAÇÃO,workflow,TYPE_WHATSAPP,workflow,"Aaah, prazer falar com você, Alzeni Campos 😍

Eu sou a assistente virtual da Pello Menos, vou te ajudar por aqui rapidinho e já te encaminho para uma de nossas especialistas.

A Pello Menos é pioneira em depilação segura há mais de 28 anos, com o Laser Hakon 4D, que atua em quatro dimensões do pelo e garante mais conforto com ponteira a -12 °C.

Para eu fazer seu cadastro e lançar seu presente no nosso sistema, digita aqui seu CPF, por favor ⬇️"
alzeni campos,,XLeiSTQvEDPQtCtqK0n7,3 sessões|flamengo|lead|triagem|sem resposta,,2026-07-04 12:27,CLIENTE,inbound,TYPE_WHATSAPP,,Alzeni Campos
alzeni campos,,XLeiSTQvEDPQtCtqK0n7,3 sessões|flamengo|lead|triagem|sem resposta,,2026-07-14 11:18,SISTEMA,TYPE_ACTIVITY_OPPORTUNITY,TYPE_ACTIVITY_OPPORTUNITY,app,Opportunity updated
alzeni campos,,XLeiSTQvEDPQtCtqK0n7,3 sessões|flamengo|lead|triagem|sem resposta,,2026-07-28 18:30,HUMANO,Unidade fla@,TYPE_WHATSAPP,app,"Olá, aqui é a Giulia!

Sou operadora do Laser da unidade do Flamengo e vou dar continuidade ao seu atendimento por aqui. Me chama que te explico melhor e já deixo tudo reservado!"
alzeni campos,,XLeiSTQvEDPQtCtqK0n7,3 sessões|flamengo|lead|triagem|sem resposta,,2026-08-22 10:40,HUMANO,Unidade fla@,TYPE_WHATSAPP,app,"Depilação a Laser - Condição Especial

Oi! 😊 Passando para saber se você ainda tem interesse em fazer sua depilação a laser. Vi que nossa conversa acabou ficando parada e quis te chamar porque posso verificar se ainda temos uma condição especial para você. Se fizer sentido, me chama que te explico rapidinho! 💜"
alzeni campos,,8gGrUgFKRyiVtfmfmMXm,3 sessões|flamengo|lead|triagem,,2026-08-27 11:47,AUTOMAÇÃO,workflow,TYPE_WHATSAPP,workflow,"🎉 Parabéns! Você ganhou *3 sessões grátis* de depilação a laser com a *Pello Menos.*

Com o *Laser Hacok 4D* que acelera seus resultados e tem a ponteira resfriada garantindo o conforto em cada sessão.

Para liberar seu presente, digita aqui pra mim: *qual o seu nome completo?*"
alzeni campos,,8gGrUgFKRyiVtfmfmMXm,3 sessões|flamengo|lead|triagem,,2026-08-27 11:47,CLIENTE,inbound,TYPE_WHATSAPP,,"*Headline:* Conheça a Pello Menos Flamengo
*Source URL:* https://www.instagram.com/p/Dbs61vLgmWY/

Olá! Gostaria de resgatar o voucher das 3 sessões de axilas ou buço, por favor."
alzeni campos,,8gGrUgFKRyiVtfmfmMXm,3 sessões|flamengo|lead|triagem,,2026-08-27 11:48,SISTEMA,TYPE_ACTIVITY_OPPORTUNITY,TYPE_ACTIVITY_OPPORTUNITY,app,Opportunity created
alzeni campos,,8gGrUgFKRyiVtfmfmMXm,3 sessões|flamengo|lead|triagem,,2026-08-27 11:57,AUTOMAÇÃO,workflow,TYPE_WHATSAPP,workflow,"Aaah, prazer falar com você, Alzeni Campos 😍

Eu sou a assistente virtual da Pello Menos, vou te ajudar por aqui rapidinho e já te encaminho para uma de nossas especialistas.

A Pello Menos é pioneira em depilação segura há mais de 28 anos, com o Laser Hakon 4D, que atua em quatro dimensões do pelo e garante mais conforto com ponteira a -12 °C.

Para eu fazer seu cadastro e lançar seu presente no nosso sistema, digita aqui seu CPF, por favor ⬇️"
alzeni campos,,8gGrUgFKRyiVtfmfmMXm,3 sessões|flamengo|lead|triagem,,2026-08-27 11:57,CLIENTE,inbound,TYPE_WHATSAPP,,Alzeni Campos
alzeni campos,,8gGrUgFKRyiVtfmfmMXm,3 sessões|flamengo|lead|triagem,,2026-08-27 14:50,HUMANO,Unidade fla@,TYPE_WHATSAPP,app,"Olá Alzeni! aqui é a Giulia, operadora do Laser da unidade do Flamengo. Vou estar dando continuidade no seu atendimento!"
alzeni campos,,8gGrUgFKRyiVtfmfmMXm,3 sessões|flamengo|lead|triagem,,2026-08-27 14:51,HUMANO,Unidade fla@,TYPE_WHATSAPP,app,"Para continuarmos, preciso concluir seu cadastro no sistema e após seu cadastro, você pode vir na unidade realizar sua sessão presente

Pode me informar sua data de nascimento, cpf e nome completo?"
alzeni campos,,8gGrUgFKRyiVtfmfmMXm,3 sessões|flamengo|lead|triagem,,2026-08-28 15:34,HUMANO,Unidade fla@,TYPE_WHATSAPP,app,Oi! 🙂 Falta pouco para finalizarmos seu cadastro e dar continuidade ao seu atendimento. Me chama que já deixo tudo pronto para você.
ana carolina brasil sacramento,,ut3crHtHOSQvIcJSPEw7,3 sessões|flamengo|lead|triagem|sem resposta,,2026-07-17 11:52,AUTOMAÇÃO,workflow,TYPE_WHATSAPP,workflow,"🎉 Parabéns! Você ganhou *3 sessões grátis* de depilação a laser com a *Pello Menos.*

Com o *Laser Hacok 4D* que acelera seus resultados e tem a ponteira resfriada garantindo o conforto em cada sessão.

Para liberar seu presente, digita aqui pra mim: *qual o seu nome completo?*"
ana carolina brasil sacramento,,ut3crHtHOSQvIcJSPEw7,3 sessões|flamengo|lead|triagem|sem resposta,,2026-07-17 11:52,CLIENTE,inbound,TYPE_WHATSAPP,,"*Headline:* Conheça a Pello Menos Flamengo
*Source URL:* https://www.instagram.com/p/Dadli8cAIli/

Olá! Gostaria de resgatar o voucher das 3 sessões de axilas ou buço, por favor."
ana carolina brasil sacramento,,ut3crHtHOSQvIcJSPEw7,3 sessões|flamengo|lead|triagem|sem resposta,,2026-07-17 11:52,SISTEMA,TYPE_ACTIVITY_OPPORTUNITY,TYPE_ACTIVITY_OPPORTUNITY,app,Opportunity created
ana carolina brasil sacramento,,ut3crHtHOSQvIcJSPEw7,3 sessões|flamengo|lead|triagem|sem resposta,,2026-07-17 11:54,AUTOMAÇÃO,workflow,TYPE_WHATSAPP,workflow,"Aaah, prazer falar com você, Ana Carolina Brasil Sacramento 😍

Eu sou a assistente virtual da Pello Menos, vou te ajudar por aqui rapidinho e já te encaminho para uma de nossas especialistas.

A Pello Menos é pioneira em depilação segura há mais de 28 anos, com o Laser Hakon 4D, que atua em quatro dimensões do pelo e garante mais conforto com ponteira a -12 °C.

Para eu fazer seu cadastro e lançar seu presente no nosso sistema, digita aqui seu CPF, por favor ⬇️"
ana carolina brasil sacramento,,ut3crHtHOSQvIcJSPEw7,3 sessões|flamengo|lead|triagem|sem resposta,,2026-07-17 11:54,CLIENTE,inbound,TYPE_WHATSAPP,,Ana Carolina Brasil Sacramento
ana carolina brasil sacramento,,ut3crHtHOSQvIcJSPEw7,3 sessões|flamengo|lead|triagem|sem resposta,,2026-07-17 11:56,AUTOMAÇÃO,workflow,TYPE_WHATSAPP,workflow,"Já anotei tudo aqui 💜
Agora só preciso que você me responda rapidinho sobre as contraindicações, para garantir sua segurança no tratamento, tudo bem?

1️⃣ Tem tatuagem ou cicatriz na área a ser tratada?
2️⃣ Possui pelos brancos, loiros ou ruivos na região?
3️⃣ Tem alguma doença diagnosticada? Se sim, qual?
4️⃣ Já teve algum tipo de câncer ?
5️⃣ Está usando algum medicamento atualmente?
6️⃣ Faz bronzeamento artificial com frequência?
7️⃣ Está grávida ou amamentando ?
8️⃣ Tem melasma ou outras condições na pele, como manchas ou sensibilidade?

👉 Se nenhuma das opções se aplicar a você, pode responder: ""Não para todas"". Assim, consigo Garantir o seu Presente com total segurança e tranquilidade! 😉

Só lembrando que esta é uma pre-anamnese, e quando for a loja para iniciar o seu tratamento precisará preencher a anamnese oficial com a profissional do laser ok?!"
ana carolina brasil sacramento,,ut3crHtHOSQvIcJSPEw7,3 sessões|flamengo|lead|triagem|sem resposta,,2026-07-17 11:56,AUTOMAÇÃO,workflow,TYPE_WHATSAPP,workflow,"Perfeito! 😊
Já estou encaminhando suas informações para uma de nossas consultoras.

Enquanto isso, me conta: além da área que você ganhou de presente, tem alguma outra área que você gostaria de conhecer melhor, sem compromisso? 💜"
ana carolina brasil sacramento,,ut3crHtHOSQvIcJSPEw7,3 sessões|flamengo|lead|triagem|sem resposta,,2026-07-17 11:56,CLIENTE,inbound,TYPE_WHATSAPP,,11687712778
ana carolina brasil sacramento,,ut3crHtHOSQvIcJSPEw7,3 sessões|flamengo|lead|triagem|sem resposta,,2026-07-17 11:56,CLIENTE,inbound,TYPE_WHATSAPP,,Não para todas
ana carolina brasil sacramento,,ut3crHtHOSQvIcJSPEw7,3 sessões|flamengo|lead|triagem|sem resposta,,2026-07-17 11:56,SISTEMA,TYPE_ACTIVITY_OPPORTUNITY,TYPE_ACTIVITY_OPPORTUNITY,app,Opportunity updated
ana carolina brasil sacramento,,ut3crHtHOSQvIcJSPEw7,3 sessões|flamengo|lead|triagem|sem resposta,,2026-07-17 11:57,CLIENTE,inbound,TYPE_WHATSAPP,,"Sim, linha alba"
ana carolina brasil sacramento,,ut3crHtHOSQvIcJSPEw7,3 sessões|flamengo|lead|triagem|sem resposta,,2026-07-17 12:04,HUMANO,Unidade fla@,TYPE_WHATSAPP,app,"Olá Ana Carolina! aqui é a Giulia, operadora do Laser da unidade do Flamengo."
ana carolina brasil sacramento,,ut3crHtHOSQvIcJSPEw7,3 sessões|flamengo|lead|triagem|sem resposta,,2026-07-17 12:05,CLIENTE,inbound,TYPE_WHATSAPP,,Tudo bem Giulia?
ana carolina brasil sacramento,,ut3crHtHOSQvIcJSPEw7,3 sessões|flamengo|lead|triagem|sem resposta,,2026-07-17 12:05,CLIENTE,inbound,TYPE_WHATSAPP,,Achei muito bom
ana carolina brasil sacramento,,ut3crHtHOSQvIcJSPEw7,3 sessões|flamengo|lead|triagem|sem resposta,,2026-07-17 12:05,CLIENTE,inbound,TYPE_WHATSAPP,,Seria laser?
ana carolina brasil sacramento,,ut3crHtHOSQvIcJSPEw7,3 sessões|flamengo|lead|triagem|sem resposta,,2026-07-17 12:05,CLIENTE,inbound,TYPE_WHATSAPP,,A cobrança seria aquelas recorrentes ou preciso do limite no cartão?
ana carolina brasil sacramento,,ut3crHtHOSQvIcJSPEw7,3 sessões|flamengo|lead|triagem|sem resposta,,2026-07-17 12:05,HUMANO,Unidade fla@,TYPE_WHATSAPP,app,"Falando um pouquinho sobre a linha alba, estamos com uma ótima oportunidade para Virilha total que é inclusa essa região. 
Virilha total com 50% de desconto: de 2.090,00 por 10x de 104,50!
E apenas Linha alba: de 430,00 por 10x de 21,50!"
ana carolina brasil sacramento,,ut3crHtHOSQvIcJSPEw7,3 sessões|flamengo|lead|triagem|sem resposta,,2026-07-17 12:05,HUMANO,Unidade fla@,TYPE_WHATSAPP,app,O que acha dessa oportunidade?
ana carolina brasil sacramento,,ut3crHtHOSQvIcJSPEw7,3 sessões|flamengo|lead|triagem|sem resposta,,2026-07-17 12:13,HUMANO,Unidade fla@,TYPE_WHATSAPP,app,isso mesmo
ana carolina brasil sacramento,,ut3crHtHOSQvIcJSPEw7,3 sessões|flamengo|lead|triagem|sem resposta,,2026-07-17 12:13,HUMANO,Unidade fla@,TYPE_WHATSAPP,app,"Você pode pagar no recorrente, com uma entrada via link de pagamento, e as demais parcelas quando vier na loja, cadastrando o cartão. Ou 10x sem juros no cartão de crédito"
ana carolina brasil sacramento,,ut3crHtHOSQvIcJSPEw7,3 sessões|flamengo|lead|triagem|sem resposta,,2026-07-17 14:13,HUMANO,Unidade fla@,TYPE_WHATSAPP,app,"Ana, ficou alguma dúvida a mais?"
ana carolina brasil sacramento,,ut3crHtHOSQvIcJSPEw7,3 sessões|flamengo|lead|triagem|sem resposta,,2026-07-18 14:09,SISTEMA,TYPE_ACTIVITY_OPPORTUNITY,TYPE_ACTIVITY_OPPORTUNITY,app,Opportunity updated
ana carolina brasil sacramento,,ut3crHtHOSQvIcJSPEw7,3 sessões|flamengo|lead|triagem|sem resposta,,2026-08-22 10:32,HUMANO,Unidade fla@,TYPE_WHATSAPP,app,Consegui um desconto ainda melhor para você hoje. Me chama que te explico e já deixo reservado. 😊
ana carolina peçanha pereira 14,,6ytogOG4yR9DY6PHENRE,3 sessões|flamengo|lead|triagem|comanda cortesia aberta,,2026-08-04 13:41,AUTOMAÇÃO,workflow,TYPE_WHATSAPP,workflow,"🎉 Parabéns! Você ganhou *3 sessões grátis* de depilação a laser com a *Pello Menos.*

Com o *Laser Hacok 4D* que acelera seus resultados e tem a ponteira resfriada garantindo o conforto em cada sessão.

Para liberar seu presente, digita aqui pra mim: *qual o seu nome completo?*"
ana carolina peçanha pereira 14,,6ytogOG4yR9DY6PHENRE,3 sessões|flamengo|lead|triagem|comanda cortesia aberta,,2026-08-04 13:41,AUTOMAÇÃO,workflow,TYPE_WHATSAPP,workflow,"Aaah, prazer falar com você, Ana Carolina Peçanha Pereira 14 😍

Eu sou a assistente virtual da Pello Menos, vou te ajudar por aqui rapidinho e já te encaminho para uma de nossas especialistas.

A Pello Menos é pioneira em depilação segura há mais de 28 anos, com o Laser Hakon 4D, que atua em quatro dimensões do pelo e garante mais conforto com ponteira a -12 °C.

Para eu fazer seu cadastro e lançar seu presente no nosso sistema, digita aqui seu CPF, por favor ⬇️"
ana carolina peçanha pereira 14,,6ytogOG4yR9DY6PHENRE,3 sessões|flamengo|lead|triagem|comanda cortesia aberta,,2026-08-04 13:41,CLIENTE,inbound,TYPE_WHATSAPP,,"*Headline:* Conheça a Pello Menos Flamengo
*Source URL:* https://wa.me/wamo/status/preview/558002821239/120250021877840326

Olá! Gostaria de resgatar o voucher das 3 sessões de axilas ou buço, por favor."
ana carolina peçanha pereira 14,,6ytogOG4yR9DY6PHENRE,3 sessões|flamengo|lead|triagem|comanda cortesia aberta,,2026-08-04 13:41,CLIENTE,inbound,TYPE_WHATSAPP,,Ana Carolina Peçanha Pereira 14
ana carolina peçanha pereira 14,,6ytogOG4yR9DY6PHENRE,3 sessões|flamengo|lead|triagem|comanda cortesia aberta,,2026-08-04 13:41,SISTEMA,TYPE_ACTIVITY_OPPORTUNITY,TYPE_ACTIVITY_OPPORTUNITY,app,Opportunity created
ana carolina peçanha pereira 14,,6ytogOG4yR9DY6PHENRE,3 sessões|flamengo|lead|triagem|comanda cortesia aberta,,2026-08-04 13:46,CLIENTE,inbound,TYPE_WHATSAPP,,11322767726
ana carolina peçanha pereira 14,,6ytogOG4yR9DY6PHENRE,3 sessões|flamengo|lead|triagem|comanda cortesia aberta,,2026-08-04 13:47,AUTOMAÇÃO,workflow,TYPE_WHATSAPP,workflow,"Já anotei tudo aqui 💜
Agora só preciso que você me responda rapidinho sobre as contraindicações, para garantir sua segurança no tratamento, tudo bem?

1️⃣ Tem tatuagem ou cicatriz na área a ser tratada?
2️⃣ Possui pelos brancos, loiros ou ruivos na região?
3️⃣ Tem alguma doença diagnosticada? Se sim, qual?
4️⃣ Já teve algum tipo de câncer ?
5️⃣ Está usando algum medicamento atualmente?
6️⃣ Faz bronzeamento artificial com frequência?
7️⃣ Está grávida ou amamentando ?
8️⃣ Tem melasma ou outras condições na pele, como manchas ou sensibilidade?

👉 Se nenhuma das opções se aplicar a você, pode responder: ""Não para todas"". Assim, consigo Garantir o seu Presente com total segurança e tranquilidade! 😉

Só lembrando que esta é uma pre-anamnese, e quando for a loja para iniciar o seu tratamento precisará preencher a anamnese oficial com a profissional do laser ok?!"
ana carolina peçanha pereira 14,,6ytogOG4yR9DY6PHENRE,3 sessões|flamengo|lead|triagem|comanda cortesia aberta,,2026-08-04 13:58,AUTOMAÇÃO,workflow,TYPE_WHATSAPP,workflow,"Perfeito! 😊
Já estou encaminhando suas informações para uma de nossas consultoras.

Enquanto isso, me conta: além da área que você ganhou de presente, tem alguma outra área que você gostaria de conhecer melhor, sem compromisso? 💜"
ana carolina peçanha pereira 14,,6ytogOG4yR9DY6PHENRE,3 sessões|flamengo|lead|triagem|comanda cortesia aberta,,2026-08-04 13:58,CLIENTE,inbound,TYPE_WHATSAPP,,1) não
ana carolina peçanha pereira 14,,6ytogOG4yR9DY6PHENRE,3 sessões|flamengo|lead|triagem|comanda cortesia aberta,,2026-08-04 13:58,CLIENTE,inbound,TYPE_WHATSAPP,,2) não
ana carolina peçanha pereira 14,,6ytogOG4yR9DY6PHENRE,3 sessões|flamengo|lead|triagem|comanda cortesia aberta,,2026-08-04 13:58,CLIENTE,inbound,TYPE_WHATSAPP,,3) não
ana carolina peçanha pereira 14,,6ytogOG4yR9DY6PHENRE,3 sessões|flamengo|lead|triagem|comanda cortesia aberta,,2026-08-04 13:58,CLIENTE,inbound,TYPE_WHATSAPP,,4) não
ana carolina peçanha pereira 14,,6ytogOG4yR9DY6PHENRE,3 sessões|flamengo|lead|triagem|comanda cortesia aberta,,2026-08-04 13:58,SISTEMA,TYPE_ACTIVITY_OPPORTUNITY,TYPE_ACTIVITY_OPPORTUNITY,app,Opportunity updated
ana carolina peçanha pereira 14,,6ytogOG4yR9DY6PHENRE,3 sessões|flamengo|lead|triagem|comanda cortesia aberta,,2026-08-04 13:59,CLIENTE,inbound,TYPE_WHATSAPP,,"5) sim, para emagrecer e de tireoide"
ana carolina peçanha pereira 14,,6ytogOG4yR9DY6PHENRE,3 sessões|flamengo|lead|triagem|comanda cortesia aberta,,2026-08-04 13:59,CLIENTE,inbound,TYPE_WHATSAPP,,6) não
ana carolina peçanha pereira 14,,6ytogOG4yR9DY6PHENRE,3 sessões|flamengo|lead|triagem|comanda cortesia aberta,,2026-08-04 13:59,CLIENTE,inbound,TYPE_WHATSAPP,,7) não
ana carolina peçanha pereira 14,,6ytogOG4yR9DY6PHENRE,3 sessões|flamengo|lead|triagem|comanda cortesia aberta,,2026-08-04 13:59,CLIENTE,inbound,TYPE_WHATSAPP,,8) não
ana carolina peçanha pereira 14,,6ytogOG4yR9DY6PHENRE,3 sessões|flamengo|lead|triagem|comanda cortesia aberta,,2026-08-04 14:19,CLIENTE,inbound,TYPE_WHATSAPP,,axila
ana carolina peçanha pereira 14,,6ytogOG4yR9DY6PHENRE,3 sessões|flamengo|lead|triagem|comanda cortesia aberta,,2026-08-04 14:19,HUMANO,Unidade fla@,TYPE_WHATSAPP,app,"Olá Ana! aqui é a Giulia, operadora do Laser da unidade do Flamengo."
ana carolina peçanha pereira 14,,6ytogOG4yR9DY6PHENRE,3 sessões|flamengo|lead|triagem|comanda cortesia aberta,,2026-08-04 14:19,HUMANO,Unidade fla@,TYPE_WHATSAPP,app,Sua área de interesse é buço ou axila?
ana carolina peçanha pereira 14,,6ytogOG4yR9DY6PHENRE,3 sessões|flamengo|lead|triagem|comanda cortesia aberta,,2026-08-04 14:25,HUMANO,Unidade fla@,TYPE_WHATSAPP,app,"Já registrei o seu voucher pelo sistema da nossa loja! agora só comparecer na loja para realizar as sessões.

Sem agendamentos, funcionamos sem hora marcada.
⌚Horário de funcionamento do Laser: de terça à sexta, de 9:00 às 19:00 e sábados de 9:00 às 18:00.
📍Rua Marquês de Abrantes, 209 - Flamengo"
ana carolina peçanha pereira 14,,6ytogOG4yR9DY6PHENRE,3 sessões|flamengo|lead|triagem|comanda cortesia aberta,,2026-08-04 15:07,SISTEMA,TYPE_ACTIVITY_OPPORTUNITY,TYPE_ACTIVITY_OPPORTUNITY,app,Opportunity updated
ana clara teixeira de almeida,,2pgJeeP8xnnzcKAI7QM7,3 sessões|flamengo|lead|triagem|reativado|comanda cortesia aberta,,2026-07-22 13:02,AUTOMAÇÃO,workflow,TYPE_WHATSAPP,workflow,"🎉 Parabéns! Você ganhou *3 sessões grátis* de depilação a laser com a *Pello Menos.*

Com o *Laser Hacok 4D* que acelera seus resultados e tem a ponteira resfriada garantindo o conforto em cada sessão.

Para liberar seu presente, digita aqui pra mim: *qual o seu nome completo?*"
ana clara teixeira de almeida,,2pgJeeP8xnnzcKAI7QM7,3 sessões|flamengo|lead|triagem|reativado|comanda cortesia aberta,,2026-07-22 13:02,CLIENTE,inbound,TYPE_WHATSAPP,,"*Headline:* Conheça a Pello Menos Flamengo
*Source URL:* https://www.instagram.com/p/DadlkxcAV-4/

Olá! Gostaria de resgatar o voucher das 3 sessões de axilas ou buço, por favor."
ana clara teixeira de almeida,,2pgJeeP8xnnzcKAI7QM7,3 sessões|flamengo|lead|triagem|reativado|comanda cortesia aberta,,2026-07-22 13:02,SISTEMA,TYPE_ACTIVITY_OPPORTUNITY,TYPE_ACTIVITY_OPPORTUNITY,app,Opportunity created
ana clara teixeira de almeida,,2pgJeeP8xnnzcKAI7QM7,3 sessões|flamengo|lead|triagem|reativado|comanda cortesia aberta,,2026-07-22 13:03,AUTOMAÇÃO,workflow,TYPE_WHATSAPP,workflow,"Aaah, prazer falar com você, Ana Clara Teixeira De Almeida 😍

Eu sou a assistente virtual da Pello Menos, vou te ajudar por aqui rapidinho e já te encaminho para uma de nossas especialistas.

A Pello Menos é pioneira em depilação segura há mais de 28 anos, com o Laser Hakon 4D, que atua em quatro dimensões do pelo e garante mais conforto com ponteira a -12 °C.

Para eu fazer seu cadastro e lançar seu presente no nosso sistema, digita aqui seu CPF, por favor ⬇️"
ana clara teixeira de almeida,,2pgJeeP8xnnzcKAI7QM7,3 sessões|flamengo|lead|triagem|reativado|comanda cortesia aberta,,2026-07-22 13:03,CLIENTE,inbound,TYPE_WHATSAPP,,Ana Clara Teixeira de Almeida
ana clara teixeira de almeida,,2pgJeeP8xnnzcKAI7QM7,3 sessões|flamengo|lead|triagem|reativado|comanda cortesia aberta,,2026-07-22 13:04,AUTOMAÇÃO,workflow,TYPE_WHATSAPP,workflow,"Já anotei tudo aqui 💜
Agora só preciso que você me responda rapidinho sobre as contraindicações, para garantir sua segurança no tratamento, tudo bem?

1️⃣ Tem tatuagem ou cicatriz na área a ser tratada?
2️⃣ Possui pelos brancos, loiros ou ruivos na região?
3️⃣ Tem alguma doença diagnosticada? Se sim, qual?
4️⃣ Já teve algum tipo de câncer ?
5️⃣ Está usando algum medicamento atualmente?
6️⃣ Faz bronzeamento artificial com frequência?
7️⃣ Está grávida ou amamentando ?
8️⃣ Tem melasma ou outras condições na pele, como manchas ou sensibilidade?

👉 Se nenhuma das opções se aplicar a você, pode responder: ""Não para todas"". Assim, consigo Garantir o seu Presente com total segurança e tranquilidade! 😉

Só lembrando que esta é uma pre-anamnese, e quando for a loja para iniciar o seu tratamento precisará preencher a anamnese oficial com a profissional do laser ok?!"
ana clara teixeira de almeida,,2pgJeeP8xnnzcKAI7QM7,3 sessões|flamengo|lead|triagem|reativado|comanda cortesia aberta,,2026-07-22 13:04,CLIENTE,inbound,TYPE_WHATSAPP,,16267104737
ana clara teixeira de almeida,,2pgJeeP8xnnzcKAI7QM7,3 sessões|flamengo|lead|triagem|reativado|comanda cortesia aberta,,2026-07-23 09:59,HUMANO,Unidade fla@,TYPE_WHATSAPP,app,"Olá Ana, aqui é a Giulia, operadora do Laser da unidade do Flamengo.  Para continuarmos, preciso concluir seu cadastro no sistema e após seu cadastro, você pode vir na unidade concluir e realizar sua sessão presente.  Pode me informar sua data de nascimento?"
ana clara teixeira de almeida,,2pgJeeP8xnnzcKAI7QM7,3 sessões|flamengo|lead|triagem|reativado|comanda cortesia aberta,,2026-07-31 11:54,SISTEMA,TYPE_ACTIVITY_OPPORTUNITY,TYPE_ACTIVITY_OPPORTUNITY,app,Opportunity updated
ana clara teixeira de almeida,,2pgJeeP8xnnzcKAI7QM7,3 sessões|flamengo|lead|triagem|reativado|comanda cortesia aberta,,2026-08-22 10:19,HUMANO,Unidade fla@,TYPE_WHATSAPP,app,Sua condição ainda está disponível no momento. Me chama para garantir. 😊
ana clara teixeira de almeida,,2pgJeeP8xnnzcKAI7QM7,3 sessões|flamengo|lead|triagem|reativado|comanda cortesia aberta,,2026-08-23 21:13,CLIENTE,inbound,TYPE_WHATSAPP,,vocês tem horário nessa semana? tenho interesse ☺️
ana clara teixeira de almeida,,2pgJeeP8xnnzcKAI7QM7,3 sessões|flamengo|lead|triagem|reativado|comanda cortesia aberta,,2026-08-23 21:13,SISTEMA,TYPE_ACTIVITY_OPPORTUNITY,TYPE_ACTIVITY_OPPORTUNITY,app,Opportunity updated
ana clara teixeira de almeida,,2pgJeeP8xnnzcKAI7QM7,3 sessões|flamengo|lead|triagem|reativado|comanda cortesia aberta,,2026-08-25 10:03,HUMANO,Unidade fla@,TYPE_WHATSAPP,app,Oi! 🙂 Falta pouco para finalizarmos seu cadastro e dar continuidade ao seu atendimento. Me chama que já deixo tudo pronto para você.
ana clara teixeira de almeida,,2pgJeeP8xnnzcKAI7QM7,3 sessões|flamengo|lead|triagem|reativado|comanda cortesia aberta,,2026-08-25 10:04,CLIENTE,inbound,TYPE_WHATSAPP,,olá!
ana clara teixeira de almeida,,2pgJeeP8xnnzcKAI7QM7,3 sessões|flamengo|lead|triagem|reativado|comanda cortesia aberta,,2026-08-25 10:05,HUMANO,Unidade fla@,TYPE_WHATSAPP,app,"Olá Ana, aqui é a Giulia, operadora do Laser da unidade do Flamengo. Para continuarmos, preciso concluir seu cadastro no sistema e após seu cadastro, você pode vir na unidade concluir e realizar sua sessão presente. Pode me informar sua data de nascimento?"
ana clara teixeira de almeida,,2pgJeeP8xnnzcKAI7QM7,3 sessões|flamengo|lead|triagem|reativado|comanda cortesia aberta,,2026-08-25 10:16,CLIENTE,inbound,TYPE_WHATSAPP,,03/04/1999
ana clara teixeira de almeida,,2pgJeeP8xnnzcKAI7QM7,3 sessões|flamengo|lead|triagem|reativado|comanda cortesia aberta,,2026-08-25 10:17,HUMANO,Unidade fla@,TYPE_WHATSAPP,app,A área seria axila ou buço?
ana clara teixeira de almeida,,2pgJeeP8xnnzcKAI7QM7,3 sessões|flamengo|lead|triagem|reativado|comanda cortesia aberta,,2026-08-25 10:18,CLIENTE,inbound,TYPE_WHATSAPP,,buço
ana clara teixeira de almeida,,2pgJeeP8xnnzcKAI7QM7,3 sessões|flamengo|lead|triagem|reativado|comanda cortesia aberta,,2026-08-25 10:18,HUMANO,Unidade fla@,TYPE_WHATSAPP,app,"Prontinho Ana! Já realizei o cadastro, agora só comparecer na loja para finalizar e realizar as sessões."
ana clara teixeira de almeida,,2pgJeeP8xnnzcKAI7QM7,3 sessões|flamengo|lead|triagem|reativado|comanda cortesia aberta,,2026-08-25 10:18,HUMANO,Unidade fla@,TYPE_WHATSAPP,app,"Sem agendamentos, funcionamos sem hora marcada.
Horário de funcionamento do Laser: de terça à sexta, de 9:00 às 19:00 e sábados de 9:00 às 18:00.
Rua Marquês de Abrantes, 209 - Flamengo"
ana clara teixeira de almeida,,2pgJeeP8xnnzcKAI7QM7,3 sessões|flamengo|lead|triagem|reativado|comanda cortesia aberta,,2026-08-25 10:21,SISTEMA,TYPE_ACTIVITY_OPPORTUNITY,TYPE_ACTIVITY_OPPORTUNITY,app,Opportunity updated
ana lucia de oliveira reis,,CILkKWuAQ4s7BVoJ6sXO,3 sessões|flamengo|lead|triagem|comanda cortesia aberta,,2026-07-29 16:34,CLIENTE,inbound,TYPE_WHATSAPP,,"*Headline:* Conheça a Pello Menos Flamengo
*Source URL:* https://www.instagram.com/p/DadlkxcAV-4/

Olá! Gostaria de resgatar o voucher das 3 sessões de axilas ou buço, por favor."
ana lucia de oliveira reis,,CILkKWuAQ4s7BVoJ6sXO,3 sessões|flamengo|lead|triagem|comanda cortesia aberta,,2026-07-29 16:35,AUTOMAÇÃO,workflow,TYPE_WHATSAPP,workflow,"🎉 Parabéns! Você ganhou *3 sessões grátis* de depilação a laser com a *Pello Menos.*

Com o *Laser Hacok 4D* que acelera seus resultados e tem a ponteira resfriada garantindo o conforto em cada sessão.

Para liberar seu presente, digita aqui pra mim: *qual o seu nome completo?*"
ana lucia de oliveira reis,,CILkKWuAQ4s7BVoJ6sXO,3 sessões|flamengo|lead|triagem|comanda cortesia aberta,,2026-07-29 16:35,SISTEMA,TYPE_ACTIVITY_OPPORTUNITY,TYPE_ACTIVITY_OPPORTUNITY,app,Opportunity created
ana lucia de oliveira reis,,CILkKWuAQ4s7BVoJ6sXO,3 sessões|flamengo|lead|triagem|comanda cortesia aberta,,2026-07-29 16:37,AUTOMAÇÃO,workflow,TYPE_WHATSAPP,workflow,"Aaah, prazer falar com você, Ana Lucia De Oliveira Reis 😍

Eu sou a assistente virtual da Pello Menos, vou te ajudar por aqui rapidinho e já te encaminho para uma de nossas especialistas.

A Pello Menos é pioneira em depilação segura há mais de 28 anos, com o Laser Hakon 4D, que atua em quatro dimensões do pelo e garante mais conforto com ponteira a -12 °C.

Para eu fazer seu cadastro e lançar seu presente no nosso sistema, digita aqui seu CPF, por favor ⬇️"
ana lucia de oliveira reis,,CILkKWuAQ4s7BVoJ6sXO,3 sessões|flamengo|lead|triagem|comanda cortesia aberta,,2026-07-29 16:37,CLIENTE,inbound,TYPE_WHATSAPP,,Ana Lucia de Oliveira Reis
ana lucia de oliveira reis,,CILkKWuAQ4s7BVoJ6sXO,3 sessões|flamengo|lead|triagem|comanda cortesia aberta,,2026-07-29 16:38,AUTOMAÇÃO,workflow,TYPE_WHATSAPP,workflow,"Já anotei tudo aqui 💜
Agora só preciso que você me responda rapidinho sobre as contraindicações, para garantir sua segurança no tratamento, tudo bem?

1️⃣ Tem tatuagem ou cicatriz na área a ser tratada?
2️⃣ Possui pelos brancos, loiros ou ruivos na região?
3️⃣ Tem alguma doença diagnosticada? Se sim, qual?
4️⃣ Já teve algum tipo de câncer ?
5️⃣ Está usando algum medicamento atualmente?
6️⃣ Faz bronzeamento artificial com frequência?
7️⃣ Está grávida ou amamentando ?
8️⃣ Tem melasma ou outras condições na pele, como manchas ou sensibilidade?

👉 Se nenhuma das opções se aplicar a você, pode responder: ""Não para todas"". Assim, consigo Garantir o seu Presente com total segurança e tranquilidade! 😉

Só lembrando que esta é uma pre-anamnese, e quando for a loja para iniciar o seu tratamento precisará preencher a anamnese oficial com a profissional do laser ok?!"
ana lucia de oliveira reis,,CILkKWuAQ4s7BVoJ6sXO,3 sessões|flamengo|lead|triagem|comanda cortesia aberta,,2026-07-29 16:38,CLIENTE,inbound,TYPE_WHATSAPP,,07472780758
ana lucia de oliveira reis,,CILkKWuAQ4s7BVoJ6sXO,3 sessões|flamengo|lead|triagem|comanda cortesia aberta,,2026-07-29 16:40,AUTOMAÇÃO,workflow,TYPE_WHATSAPP,workflow,"Perfeito! 😊
Já estou encaminhando suas informações para uma de nossas consultoras.

Enquanto isso, me conta: além da área que você ganhou de presente, tem alguma outra área que você gostaria de conhecer melhor, sem compromisso? 💜"
ana lucia de oliveira reis,,CILkKWuAQ4s7BVoJ6sXO,3 sessões|flamengo|lead|triagem|comanda cortesia aberta,,2026-07-29 16:40,CLIENTE,inbound,TYPE_WHATSAPP,,"1. Não 
2. ⁠não 
3. ⁠ansiedade"
ana lucia de oliveira reis,,CILkKWuAQ4s7BVoJ6sXO,3 sessões|flamengo|lead|triagem|comanda cortesia aberta,,2026-07-29 16:40,SISTEMA,TYPE_ACTIVITY_OPPORTUNITY,TYPE_ACTIVITY_OPPORTUNITY,app,Opportunity updated
ana lucia de oliveira reis,,CILkKWuAQ4s7BVoJ6sXO,3 sessões|flamengo|lead|triagem|comanda cortesia aberta,,2026-07-29 16:41,CLIENTE,inbound,TYPE_WHATSAPP,,"1. Não 
2. ⁠não 
3. ⁠ansiedade
4. ⁠não
5. ⁠sim 
6. ⁠não
7. ⁠nsao
8. ⁠não"
ana lucia de oliveira reis,,CILkKWuAQ4s7BVoJ6sXO,3 sessões|flamengo|lead|triagem|comanda cortesia aberta,,2026-07-30 10:38,HUMANO,Unidade fla@,TYPE_WHATSAPP,app,"Olá Ana Lucia! aqui é a Giulia, operadora do Laser da unidade do Flamengo."
ana lucia de oliveira reis,,CILkKWuAQ4s7BVoJ6sXO,3 sessões|flamengo|lead|triagem|comanda cortesia aberta,,2026-07-30 10:39,HUMANO,Unidade fla@,TYPE_WHATSAPP,app,"Para continuarmos, preciso concluir seu cadastro no sistema e após seu cadastro, você pode vir na unidade concluir e realizar sua sessão presente. Pode me informar sua data de nascimento?"
ana lucia de oliveira reis,,CILkKWuAQ4s7BVoJ6sXO,3 sessões|flamengo|lead|triagem|comanda cortesia aberta,,2026-07-30 13:40,CLIENTE,inbound,TYPE_WHATSAPP,,04/01/76
ana lucia de oliveira reis,,CILkKWuAQ4s7BVoJ6sXO,3 sessões|flamengo|lead|triagem|comanda cortesia aberta,,2026-07-30 14:08,HUMANO,Unidade fla@,TYPE_WHATSAPP,app,"Já realizei o cadastro, agora só comparecer na loja para finalizar e realizar as sessões. 😊"
ana lucia de oliveira reis,,CILkKWuAQ4s7BVoJ6sXO,3 sessões|flamengo|lead|triagem|comanda cortesia aberta,,2026-07-30 14:10,HUMANO,Unidade fla@,TYPE_WHATSAPP,app,"⏲️ Sem agendamentos, funcionamos sem hora marcada. Horário de funcionamento do Laser: de terça à sexta, de 9:00 às 19:00 e sábados de 9:00 às 18:00.
📍 Rua Marquês de Abrantes, 209 - Flamengo"
ana lucia de oliveira reis,,CILkKWuAQ4s7BVoJ6sXO,3 sessões|flamengo|lead|triagem|comanda cortesia aberta,,2026-08-14 14:38,SISTEMA,TYPE_ACTIVITY_OPPORTUNITY,TYPE_ACTIVITY_OPPORTUNITY,app,Opportunity updated
ana luiza neris,,ugK2OtXJHYndxyICOhY8,3 sessões|flamengo|lead|triagem|comanda cortesia aberta,,2026-08-13 15:58,AUTOMAÇÃO,workflow,TYPE_WHATSAPP,workflow,"🎉 Parabéns! Você ganhou *3 sessões grátis* de depilação a laser com a *Pello Menos.*

Com o *Laser Hacok 4D* que acelera seus resultados e tem a ponteira resfriada garantindo o conforto em cada sessão.

Para liberar seu presente, digita aqui pra mim: *qual o seu nome completo?*"
ana luiza neris,,ugK2OtXJHYndxyICOhY8,3 sessões|flamengo|lead|triagem|comanda cortesia aberta,,2026-08-13 15:58,CLIENTE,inbound,TYPE_WHATSAPP,,"*Headline:* Conheça a Pello Menos Flamengo
*Source URL:* https://www.instagram.com/p/Dbs61-1APtc/

Olá! Gostaria de resgatar o voucher das 3 sessões de axilas ou buço, por favor."
ana luiza neris,,ugK2OtXJHYndxyICOhY8,3 sessões|flamengo|lead|triagem|comanda cortesia aberta,,2026-08-13 15:58,SISTEMA,TYPE_ACTIVITY_OPPORTUNITY,TYPE_ACTIVITY_OPPORTUNITY,app,Opportunity created
ana luiza neris,,ugK2OtXJHYndxyICOhY8,3 sessões|flamengo|lead|triagem|comanda cortesia aberta,,2026-08-13 16:08,CLIENTE,inbound,TYPE_WHATSAPP,,Ana luiza Neris
ana luiza neris,,ugK2OtXJHYndxyICOhY8,3 sessões|flamengo|lead|triagem|comanda cortesia aberta,,2026-08-13 16:09,AUTOMAÇÃO,workflow,TYPE_WHATSAPP,workflow,"Aaah, prazer falar com você, Ana Luiza Neris 😍

Eu sou a assistente virtual da Pello Menos, vou te ajudar por aqui rapidinho e já te encaminho para uma de nossas especialistas.

A Pello Menos é pioneira em depilação segura há mais de 28 anos, com o Laser Hakon 4D, que atua em quatro dimensões do pelo e garante mais conforto com ponteira a -12 °C.

Para eu fazer seu cadastro e lançar seu presente no nosso sistema, digita aqui seu CPF, por favor ⬇️"
ana luiza neris,,ugK2OtXJHYndxyICOhY8,3 sessões|flamengo|lead|triagem|comanda cortesia aberta,,2026-08-13 16:09,AUTOMAÇÃO,workflow,TYPE_WHATSAPP,workflow,"Já anotei tudo aqui 💜
Agora só preciso que você me responda rapidinho sobre as contraindicações, para garantir sua segurança no tratamento, tudo bem?

1️⃣ Tem tatuagem ou cicatriz na área a ser tratada?
2️⃣ Possui pelos brancos, loiros ou ruivos na região?
3️⃣ Tem alguma doença diagnosticada? Se sim, qual?
4️⃣ Já teve algum tipo de câncer ?
5️⃣ Está usando algum medicamento atualmente?
6️⃣ Faz bronzeamento artificial com frequência?
7️⃣ Está grávida ou amamentando ?
8️⃣ Tem melasma ou outras condições na pele, como manchas ou sensibilidade?

👉 Se nenhuma das opções se aplicar a você, pode responder: ""Não para todas"". Assim, consigo Garantir o seu Presente com total segurança e tranquilidade! 😉

Só lembrando que esta é uma pre-anamnese, e quando for a loja para iniciar o seu tratamento precisará preencher a anamnese oficial com a profissional do laser ok?!"
ana luiza neris,,ugK2OtXJHYndxyICOhY8,3 sessões|flamengo|lead|triagem|comanda cortesia aberta,,2026-08-13 16:09,CLIENTE,inbound,TYPE_WHATSAPP,,000.869.367-60
ana luiza neris,,ugK2OtXJHYndxyICOhY8,3 sessões|flamengo|lead|triagem|comanda cortesia aberta,,2026-08-13 16:10,AUTOMAÇÃO,workflow,TYPE_WHATSAPP,workflow,"Perfeito! 😊
Já estou encaminhando suas informações para uma de nossas consultoras.

Enquanto isso, me conta: além da área que você ganhou de presente, tem alguma outra área que você gostaria de conhecer melhor, sem compromisso? 💜"
ana luiza neris,,ugK2OtXJHYndxyICOhY8,3 sessões|flamengo|lead|triagem|comanda cortesia aberta,,2026-08-13 16:10,CLIENTE,inbound,TYPE_WHATSAPP,,Não para todas
ana luiza neris,,ugK2OtXJHYndxyICOhY8,3 sessões|flamengo|lead|triagem|comanda cortesia aberta,,2026-08-13 16:10,SISTEMA,TYPE_ACTIVITY_OPPORTUNITY,TYPE_ACTIVITY_OPPORTUNITY,app,Opportunity updated
ana luiza neris,,ugK2OtXJHYndxyICOhY8,3 sessões|flamengo|lead|triagem|comanda cortesia aberta,,2026-08-13 17:50,HUMANO,Unidade fla@,TYPE_WHATSAPP,app,"Olá Ana! aqui é a Giulia, operadora do Laser da unidade do Flamengo.

Para continuarmos, preciso concluir seu cadastro no sistema e após seu cadastro, você pode vir na unidade realizar sua sessão presente.

Pode me informar sua data de nascimento?"
ana luiza neris,,ugK2OtXJHYndxyICOhY8,3 sessões|flamengo|lead|triagem|comanda cortesia aberta,,2026-08-13 17:51,CLIENTE,inbound,TYPE_WHATSAPP,,21 06 1971
ana luiza neris,,ugK2OtXJHYndxyICOhY8,3 sessões|flamengo|lead|triagem|comanda cortesia aberta,,2026-08-13 17:52,HUMANO,Unidade fla@,TYPE_WHATSAPP,app,Seria buço ou axila?
ana luiza neris,,ugK2OtXJHYndxyICOhY8,3 sessões|flamengo|lead|triagem|comanda cortesia aberta,,2026-08-13 17:54,CLIENTE,inbound,TYPE_WHATSAPP,,Axila
ana luiza neris,,ugK2OtXJHYndxyICOhY8,3 sessões|flamengo|lead|triagem|comanda cortesia aberta,,2026-08-13 17:54,HUMANO,Unidade fla@,TYPE_WHATSAPP,app,"Já realizei o cadastro, agora só comparecer na loja para finalizar e realizar as sessões.

Sem agendamentos, funcionamos sem hora marcada.
Horário de funcionamento do Laser: de terça à sexta, de 9:00 às 19:00 e sábados de 9:00 às 18:00.
Rua Marquês de Abrantes, 209 - Flamengo"
ana luiza neris,,ugK2OtXJHYndxyICOhY8,3 sessões|flamengo|lead|triagem|comanda cortesia aberta,,2026-08-13 17:59,CLIENTE,inbound,TYPE_WHATSAPP,,Obrigada
ana luiza neris,,ugK2OtXJHYndxyICOhY8,3 sessões|flamengo|lead|triagem|comanda cortesia aberta,,2026-08-14 14:24,SISTEMA,TYPE_ACTIVITY_OPPORTUNITY,TYPE_ACTIVITY_OPPORTUNITY,app,Opportunity updated
ana maria monteiro ❤️,,ahVKQd6EW2b4Bwa9Y3wc,flamengo|lead|triagem,,2026-07-29 18:03,CLIENTE,inbound,TYPE_WHATSAPP,,"*Headline:* Conheça a Pello Menos Flamengo
*Source URL:* https://fb.me/7amfOvsO3

https://youtube.com/shorts/z13M0Tnhd_U?is=Bc9OnxRo4yMuhWPu"
ana maria monteiro ❤️,,ahVKQd6EW2b4Bwa9Y3wc,flamengo|lead|triagem,,2026-07-29 18:03,SISTEMA,TYPE_ACTIVITY_OPPORTUNITY,TYPE_ACTIVITY_OPPORTUNITY,app,Opportunity created
angela oliveira,,RNjxEa4WkZMI04fdZtLQ,3 sessões|flamengo|lead|triagem|sem resposta,,2026-08-04 10:43,AUTOMAÇÃO,workflow,TYPE_WHATSAPP,workflow,"🎉 Parabéns! Você ganhou *3 sessões grátis* de depilação a laser com a *Pello Menos.*

Com o *Laser Hacok 4D* que acelera seus resultados e tem a ponteira resfriada garantindo o conforto em cada sessão.

Para liberar seu presente, digita aqui pra mim: *qual o seu nome completo?*"
angela oliveira,,RNjxEa4WkZMI04fdZtLQ,3 sessões|flamengo|lead|triagem|sem resposta,,2026-08-04 10:43,CLIENTE,inbound,TYPE_WHATSAPP,,"*Headline:* Conheça a Pello Menos Flamengo
*Source URL:* https://www.instagram.com/p/Dadlk7tA4hY/

Olá! Gostaria de resgatar o voucher das 3 sessões de axilas ou buço, por favor."
angela oliveira,,RNjxEa4WkZMI04fdZtLQ,3 sessões|flamengo|lead|triagem|sem resposta,,2026-08-04 10:43,SISTEMA,TYPE_ACTIVITY_OPPORTUNITY,TYPE_ACTIVITY_OPPORTUNITY,app,Opportunity created
angela oliveira,,RNjxEa4WkZMI04fdZtLQ,3 sessões|flamengo|lead|triagem|sem resposta,,2026-08-14 15:09,SISTEMA,TYPE_ACTIVITY_OPPORTUNITY,TYPE_ACTIVITY_OPPORTUNITY,app,Opportunity updated
angela oliveira,,RNjxEa4WkZMI04fdZtLQ,3 sessões|flamengo|lead|triagem|sem resposta,,2026-08-22 10:11,HUMANO,Unidade fla@,TYPE_WHATSAPP,app,"Seu atendimento

Dando continuidade ao seu atendimento por aqui. Me chama que te explico rapidinho e já deixo tudo encaminhado. 😊"
antônia soares cunha,,TWdu55stcOEfNYrAC1QK,3 sessões|flamengo|lead|triagem|comanda cortesia aberta,,2026-08-28 13:38,AUTOMAÇÃO,workflow,TYPE_WHATSAPP,workflow,"🎉 Parabéns! Você ganhou *3 sessões grátis* de depilação a laser com a *Pello Menos.*

Com o *Laser Hacok 4D* que acelera seus resultados e tem a ponteira resfriada garantindo o conforto em cada sessão.

Para liberar seu presente, digita aqui pra mim: *qual o seu nome completo?*"
antônia soares cunha,,TWdu55stcOEfNYrAC1QK,3 sessões|flamengo|lead|triagem|comanda cortesia aberta,,2026-08-28 13:38,CLIENTE,inbound,TYPE_WHATSAPP,,"*Headline:* Conheça a Pello Menos Flamengo
*Source URL:* https://fb.me/43i4bGQjV

Olá! Gostaria de resgatar o voucher das 3 sessões de axilas ou buço, por favor."
antônia soares cunha,,TWdu55stcOEfNYrAC1QK,3 sessões|flamengo|lead|triagem|comanda cortesia aberta,,2026-08-28 13:38,SISTEMA,TYPE_ACTIVITY_OPPORTUNITY,TYPE_ACTIVITY_OPPORTUNITY,app,Opportunity created
antônia soares cunha,,TWdu55stcOEfNYrAC1QK,3 sessões|flamengo|lead|triagem|comanda cortesia aberta,,2026-08-28 13:39,CLIENTE,inbound,TYPE_WHATSAPP,,Antônia Soares Cunha
antônia soares cunha,,TWdu55stcOEfNYrAC1QK,3 sessões|flamengo|lead|triagem|comanda cortesia aberta,,2026-08-28 13:40,AUTOMAÇÃO,workflow,TYPE_WHATSAPP,workflow,"Aaah, prazer falar com você, Antônia Soares Cunha 😍

Eu sou a assistente virtual da Pello Menos, vou te ajudar por aqui rapidinho e já te encaminho para uma de nossas especialistas.

A Pello Menos é pioneira em depilação segura há mais de 28 anos, com o Laser Hakon 4D, que atua em quatro dimensões do pelo e garante mais conforto com ponteira a -12 °C.

Para eu fazer seu cadastro e lançar seu presente no nosso sistema, digita aqui seu CPF, por favor ⬇️"
antônia soares cunha,,TWdu55stcOEfNYrAC1QK,3 sessões|flamengo|lead|triagem|comanda cortesia aberta,,2026-08-28 13:40,AUTOMAÇÃO,workflow,TYPE_WHATSAPP,workflow,"Já anotei tudo aqui 💜
Agora só preciso que você me responda rapidinho sobre as contraindicações, para garantir sua segurança no tratamento, tudo bem?

1️⃣ Tem tatuagem ou cicatriz na área a ser tratada?
2️⃣ Possui pelos brancos, loiros ou ruivos na região?
3️⃣ Tem alguma doença diagnosticada? Se sim, qual?
4️⃣ Já teve algum tipo de câncer ?
5️⃣ Está usando algum medicamento atualmente?
6️⃣ Faz bronzeamento artificial com frequência?
7️⃣ Está grávida ou amamentando ?
8️⃣ Tem melasma ou outras condições na pele, como manchas ou sensibilidade?

👉 Se nenhuma das opções se aplicar a você, pode responder: ""Não para todas"". Assim, consigo Garantir o seu Presente com total segurança e tranquilidade! 😉

Só lembrando que esta é uma pre-anamnese, e quando for a loja para iniciar o seu tratamento precisará preencher a anamnese oficial com a profissional do laser ok?!"
antônia soares cunha,,TWdu55stcOEfNYrAC1QK,3 sessões|flamengo|lead|triagem|comanda cortesia aberta,,2026-08-28 13:40,CLIENTE,inbound,TYPE_WHATSAPP,,83994041791
antônia soares cunha,,TWdu55stcOEfNYrAC1QK,3 sessões|flamengo|lead|triagem|comanda cortesia aberta,,2026-08-28 13:40,CLIENTE,inbound,TYPE_WHATSAPP,,Não
antônia soares cunha,,TWdu55stcOEfNYrAC1QK,3 sessões|flamengo|lead|triagem|comanda cortesia aberta,,2026-08-28 13:41,AUTOMAÇÃO,workflow,TYPE_WHATSAPP,workflow,"Perfeito! 😊
Já estou encaminhando suas informações para uma de nossas consultoras.

Enquanto isso, me conta: além da área que você ganhou de presente, tem alguma outra área que você gostaria de conhecer melhor, sem compromisso? 💜"
antônia soares cunha,,TWdu55stcOEfNYrAC1QK,3 sessões|flamengo|lead|triagem|comanda cortesia aberta,,2026-08-28 13:41,CLIENTE,inbound,TYPE_WHATSAPP,,Não
antônia soares cunha,,TWdu55stcOEfNYrAC1QK,3 sessões|flamengo|lead|triagem|comanda cortesia aberta,,2026-08-28 13:41,CLIENTE,inbound,TYPE_WHATSAPP,,Não
antônia soares cunha,,TWdu55stcOEfNYrAC1QK,3 sessões|flamengo|lead|triagem|comanda cortesia aberta,,2026-08-28 13:41,CLIENTE,inbound,TYPE_WHATSAPP,,Não
antônia soares cunha,,TWdu55stcOEfNYrAC1QK,3 sessões|flamengo|lead|triagem|comanda cortesia aberta,,2026-08-28 13:41,SISTEMA,TYPE_ACTIVITY_OPPORTUNITY,TYPE_ACTIVITY_OPPORTUNITY,app,Opportunity updated
antônia soares cunha,,TWdu55stcOEfNYrAC1QK,3 sessões|flamengo|lead|triagem|comanda cortesia aberta,,2026-08-28 13:42,CLIENTE,inbound,TYPE_WHATSAPP,,Não
antônia soares cunha,,TWdu55stcOEfNYrAC1QK,3 sessões|flamengo|lead|triagem|comanda cortesia aberta,,2026-08-28 13:42,CLIENTE,inbound,TYPE_WHATSAPP,,Não
antônia soares cunha,,TWdu55stcOEfNYrAC1QK,3 sessões|flamengo|lead|triagem|comanda cortesia aberta,,2026-08-28 15:02,HUMANO,Unidade fla@,TYPE_WHATSAPP,app,"Olá Antonia! aqui é a Giulia, operadora do Laser da unidade do Flamengo."
antônia soares cunha,,TWdu55stcOEfNYrAC1QK,3 sessões|flamengo|lead|triagem|comanda cortesia aberta,,2026-08-28 15:02,HUMANO,Unidade fla@,TYPE_WHATSAPP,app,"Para continuarmos, preciso concluir seu cadastro no sistema e após seu cadastro, você pode vir na unidade realizar sua sessão presente.

Pode me informar sua data de nascimento?"
antônia soares cunha,,TWdu55stcOEfNYrAC1QK,3 sessões|flamengo|lead|triagem|comanda cortesia aberta,,2026-08-28 15:13,CLIENTE,inbound,TYPE_WHATSAPP,,30.03.1961
antônia soares cunha,,TWdu55stcOEfNYrAC1QK,3 sessões|flamengo|lead|triagem|comanda cortesia aberta,,2026-08-28 15:13,HUMANO,Unidade fla@,TYPE_WHATSAPP,app,A área seria buço ou axila?
antônia soares cunha,,TWdu55stcOEfNYrAC1QK,3 sessões|flamengo|lead|triagem|comanda cortesia aberta,,2026-08-28 15:14,CLIENTE,inbound,TYPE_WHATSAPP,,Seg.irei fazer virilha total
antônia soares cunha,,TWdu55stcOEfNYrAC1QK,3 sessões|flamengo|lead|triagem|comanda cortesia aberta,,2026-08-28 15:14,CLIENTE,inbound,TYPE_WHATSAPP,,Axila
antônia soares cunha,,TWdu55stcOEfNYrAC1QK,3 sessões|flamengo|lead|triagem|comanda cortesia aberta,,2026-08-28 15:17,HUMANO,Unidade fla@,TYPE_WHATSAPP,app,"Já realizei o cadastro, agora só comparecer na loja para finalizar e realizar as sessões.

Sem agendamentos, funcionamos sem hora marcada.
Horário de funcionamento do Laser: de terça à sexta, de 9:00 às 19:00 e sábados de 9:00 às 18:00.
Rua Marquês de Abrantes, 209 - Flamengo"
antônia soares cunha,,TWdu55stcOEfNYrAC1QK,3 sessões|flamengo|lead|triagem|comanda cortesia aberta,,2026-08-28 15:17,HUMANO,Unidade fla@,TYPE_WHATSAPP,app,Seja bem-vinda! 🌺
antônia soares cunha,,TWdu55stcOEfNYrAC1QK,3 sessões|flamengo|lead|triagem|comanda cortesia aberta,,2026-08-28 15:20,CLIENTE,inbound,TYPE_WHATSAPP,,Seg não funciona?
antônia soares cunha,,TWdu55stcOEfNYrAC1QK,3 sessões|flamengo|lead|triagem|comanda cortesia aberta,,2026-08-28 15:21,HUMANO,Unidade fla@,TYPE_WHATSAPP,app,terça à sábado.
antônia soares cunha,,TWdu55stcOEfNYrAC1QK,3 sessões|flamengo|lead|triagem|comanda cortesia aberta,,2026-08-28 15:22,CLIENTE,inbound,TYPE_WHATSAPP,,Qual a loja Flamengo
antônia soares cunha,,TWdu55stcOEfNYrAC1QK,3 sessões|flamengo|lead|triagem|comanda cortesia aberta,,2026-08-28 15:22,CLIENTE,inbound,TYPE_WHATSAPP,,Flamengo
antônia soares cunha,,TWdu55stcOEfNYrAC1QK,3 sessões|flamengo|lead|triagem|comanda cortesia aberta,,2026-08-28 15:22,HUMANO,Unidade fla@,TYPE_WHATSAPP,app,Pello Menos
antônia soares cunha,,TWdu55stcOEfNYrAC1QK,3 sessões|flamengo|lead|triagem|comanda cortesia aberta,,2026-08-28 15:24,HUMANO,Unidade fla@,TYPE_WHATSAPP,app,"isso, unidade do flamengo"
antônia soares cunha,,TWdu55stcOEfNYrAC1QK,3 sessões|flamengo|lead|triagem|comanda cortesia aberta,,2026-08-29 05:47,CLIENTE,inbound,TYPE_WHATSAPP,,Ok
antônia soares cunha,,TWdu55stcOEfNYrAC1QK,3 sessões|flamengo|lead|triagem|comanda cortesia aberta,,2026-09-15 11:35,SISTEMA,TYPE_ACTIVITY_OPPORTUNITY,TYPE_ACTIVITY_OPPORTUNITY,app,Opportunity updated
aonde e isso,,HhYeFryY0FbqxSqq5t9y,3 sessões|flamengo|lead|triagem|sem resposta,,2026-08-03 15:53,AUTOMAÇÃO,workflow,TYPE_WHATSAPP,workflow,"🎉 Parabéns! Você ganhou *3 sessões grátis* de depilação a laser com a *Pello Menos.*

Com o *Laser Hacok 4D* que acelera seus resultados e tem a ponteira resfriada garantindo o conforto em cada sessão.

Para liberar seu presente, digita aqui pra mim: *qual o seu nome completo?*"
aonde e isso,,HhYeFryY0FbqxSqq5t9y,3 sessões|flamengo|lead|triagem|sem resposta,,2026-08-03 15:53,AUTOMAÇÃO,workflow,TYPE_WHATSAPP,workflow,"Aaah, prazer falar com você, Aonde E Isso 😍

Eu sou a assistente virtual da Pello Menos, vou te ajudar por aqui rapidinho e já te encaminho para uma de nossas especialistas.

A Pello Menos é pioneira em depilação segura há mais de 28 anos, com o Laser Hakon 4D, que atua em quatro dimensões do pelo e garante mais conforto com ponteira a -12 °C.

Para eu fazer seu cadastro e lançar seu presente no nosso sistema, digita aqui seu CPF, por favor ⬇️"
aonde e isso,,HhYeFryY0FbqxSqq5t9y,3 sessões|flamengo|lead|triagem|sem resposta,,2026-08-03 15:53,AUTOMAÇÃO,workflow,TYPE_WHATSAPP,workflow,"Já anotei tudo aqui 💜
Agora só preciso que você me responda rapidinho sobre as contraindicações, para garantir sua segurança no tratamento, tudo bem?

1️⃣ Tem tatuagem ou cicatriz na área a ser tratada?
2️⃣ Possui pelos brancos, loiros ou ruivos na região?
3️⃣ Tem alguma doença diagnosticada? Se sim, qual?
4️⃣ Já teve algum tipo de câncer ?
5️⃣ Está usando algum medicamento atualmente?
6️⃣ Faz bronzeamento artificial com frequência?
7️⃣ Está grávida ou amamentando ?
8️⃣ Tem melasma ou outras condições na pele, como manchas ou sensibilidade?

👉 Se nenhuma das opções se aplicar a você, pode responder: ""Não para todas"". Assim, consigo Garantir o seu Presente com total segurança e tranquilidade! 😉

Só lembrando que esta é uma pre-anamnese, e quando for a loja para iniciar o seu tratamento precisará preencher a anamnese oficial com a profissional do laser ok?!"
aonde e isso,,HhYeFryY0FbqxSqq5t9y,3 sessões|flamengo|lead|triagem|sem resposta,,2026-08-03 15:53,CLIENTE,inbound,TYPE_WHATSAPP,,"*Headline:* Conheça a Pello Menos Flamengo
*Source URL:* https://wa.me/wamo/status/preview/558002821239/120250021877840326

Olá! Gostaria de resgatar o voucher das 3 sessões de axilas ou buço, por favor."
aonde e isso,,HhYeFryY0FbqxSqq5t9y,3 sessões|flamengo|lead|triagem|sem resposta,,2026-08-03 15:53,CLIENTE,inbound,TYPE_WHATSAPP,,Aonde e isso
aonde e isso,,HhYeFryY0FbqxSqq5t9y,3 sessões|flamengo|lead|triagem|sem resposta,,2026-08-03 15:53,CLIENTE,inbound,TYPE_WHATSAPP,,05350142798
aonde e isso,,HhYeFryY0FbqxSqq5t9y,3 sessões|flamengo|lead|triagem|sem resposta,,2026-08-03 15:53,SISTEMA,TYPE_ACTIVITY_OPPORTUNITY,TYPE_ACTIVITY_OPPORTUNITY,app,Opportunity created
aonde e isso,,HhYeFryY0FbqxSqq5t9y,3 sessões|flamengo|lead|triagem|sem resposta,,2026-08-03 15:54,AUTOMAÇÃO,workflow,TYPE_WHATSAPP,workflow,"Perfeito! 😊
Já estou encaminhando suas informações para uma de nossas consultoras.

Enquanto isso, me conta: além da área que você ganhou de presente, tem alguma outra área que você gostaria de conhecer melhor, sem compromisso? 💜"
aonde e isso,,HhYeFryY0FbqxSqq5t9y,3 sessões|flamengo|lead|triagem|sem resposta,,2026-08-03 15:54,CLIENTE,inbound,TYPE_WHATSAPP,,Onde fica ?
aonde e isso,,HhYeFryY0FbqxSqq5t9y,3 sessões|flamengo|lead|triagem|sem resposta,,2026-08-03 15:54,SISTEMA,TYPE_ACTIVITY_OPPORTUNITY,TYPE_ACTIVITY_OPPORTUNITY,app,Opportunity updated
aonde e isso,,HhYeFryY0FbqxSqq5t9y,3 sessões|flamengo|lead|triagem|sem resposta,,2026-08-03 15:57,CLIENTE,inbound,TYPE_WHATSAPP,,Virilha
aonde e isso,,HhYeFryY0FbqxSqq5t9y,3 sessões|flamengo|lead|triagem|sem resposta,,2026-08-03 18:59,HUMANO,Unidade fla@,TYPE_WHATSAPP,app,"Olá, somos unidade Flamengo"
aonde e isso,,HhYeFryY0FbqxSqq5t9y,3 sessões|flamengo|lead|triagem|sem resposta,,2026-08-03 19:00,HUMANO,Unidade fla@,TYPE_WHATSAPP,app,podemos seguir com o atendimento?
aonde e isso,,HhYeFryY0FbqxSqq5t9y,3 sessões|flamengo|lead|triagem|sem resposta,,2026-08-04 15:38,HUMANO,Unidade fla@,TYPE_WHATSAPP,app,"Olá! aqui é a Giulia, operadora do Laser da unidade do Flamengo."
aonde e isso,,HhYeFryY0FbqxSqq5t9y,3 sessões|flamengo|lead|triagem|sem resposta,,2026-08-04 15:39,HUMANO,Unidade fla@,TYPE_WHATSAPP,app,Pode me informar seu nome para prosseguirmos com o atendimento?
aonde e isso,,HhYeFryY0FbqxSqq5t9y,3 sessões|flamengo|lead|triagem|sem resposta,,2026-08-04 15:40,CLIENTE,inbound,TYPE_WHATSAPP,,Flamengo longe
aonde e isso,,HhYeFryY0FbqxSqq5t9y,3 sessões|flamengo|lead|triagem|sem resposta,,2026-08-04 15:40,CLIENTE,inbound,TYPE_WHATSAPP,,Eu trabalho em Copacabana
aonde e isso,,HhYeFryY0FbqxSqq5t9y,3 sessões|flamengo|lead|triagem|sem resposta,,2026-08-04 15:40,CLIENTE,inbound,TYPE_WHATSAPP,,E moro penha
aonde e isso,,HhYeFryY0FbqxSqq5t9y,3 sessões|flamengo|lead|triagem|sem resposta,,2026-08-14 14:28,SISTEMA,TYPE_ACTIVITY_OPPORTUNITY,TYPE_ACTIVITY_OPPORTUNITY,app,Opportunity updated
até qdo vai ter ter essa promoção?,,1DsQJFmulwJNZWF2LTmx,3 sessões|flamengo|lead|triagem|reativado|outros descontos|em atendimento,Gerência Ilha do Governador 2 Pello Menos,2026-07-09 23:32,AUTOMAÇÃO,workflow,TYPE_WHATSAPP,workflow,"🎉 Parabéns! Você ganhou *3 sessões grátis* de depilação a laser com a *Pello Menos.*

Com o *Laser Hacok 4D* que acelera seus resultados e tem a ponteira resfriada garantindo o conforto em cada sessão.

Para liberar seu presente, digita aqui pra mim: *qual o seu nome completo?*"
até qdo vai ter ter essa promoção?,,1DsQJFmulwJNZWF2LTmx,3 sessões|flamengo|lead|triagem|reativado|outros descontos|em atendimento,Gerência Ilha do Governador 2 Pello Menos,2026-07-09 23:32,CLIENTE,inbound,TYPE_WHATSAPP,,"*Headline:* Conheça a Pello Menos Flamengo
*Source URL:* https://fb.me/5rjwyxXQq

Olá! Gostaria de resgatar o voucher das 3 sessões de axilas ou buço, por favor."
até qdo vai ter ter essa promoção?,,1DsQJFmulwJNZWF2LTmx,3 sessões|flamengo|lead|triagem|reativado|outros descontos|em atendimento,Gerência Ilha do Governador 2 Pello Menos,2026-07-09 23:32,SISTEMA,TYPE_ACTIVITY_OPPORTUNITY,TYPE_ACTIVITY_OPPORTUNITY,app,Opportunity created
até qdo vai ter ter essa promoção?,,1DsQJFmulwJNZWF2LTmx,3 sessões|flamengo|lead|triagem|reativado|outros descontos|em atendimento,Gerência Ilha do Governador 2 Pello Menos,2026-07-09 23:33,AUTOMAÇÃO,workflow,TYPE_WHATSAPP,workflow,"Aaah, prazer falar com você, Dayana Veloso Cordeiro Pereira 😍

Eu sou a assistente virtual da Pello Menos, vou te ajudar por aqui rapidinho e já te encaminho para uma de nossas especialistas.

A Pello Menos é pioneira em depilação segura há mais de 28 anos, com o Laser Hakon 4D, que atua em quatro dimensões do pelo e garante mais conforto com ponteira a -12 °C.

Para eu fazer seu cadastro e lançar seu presente no nosso sistema, digita aqui seu CPF, por favor ⬇️"
até qdo vai ter ter essa promoção?,,1DsQJFmulwJNZWF2LTmx,3 sessões|flamengo|lead|triagem|reativado|outros descontos|em atendimento,Gerência Ilha do Governador 2 Pello Menos,2026-07-09 23:33,CLIENTE,inbound,TYPE_WHATSAPP,,Dayana Veloso Cordeiro Pereira
até qdo vai ter ter essa promoção?,,1DsQJFmulwJNZWF2LTmx,3 sessões|flamengo|lead|triagem|reativado|outros descontos|em atendimento,Gerência Ilha do Governador 2 Pello Menos,2026-07-09 23:34,AUTOMAÇÃO,workflow,TYPE_WHATSAPP,workflow,"Já anotei tudo aqui 💜
Agora só preciso que você me responda rapidinho sobre as contraindicações, para garantir sua segurança no tratamento, tudo bem?

1️⃣ Tem tatuagem ou cicatriz na área a ser tratada?
2️⃣ Possui pelos brancos, loiros ou ruivos na região?
3️⃣ Tem alguma doença diagnosticada? Se sim, qual?
4️⃣ Já teve algum tipo de câncer ?
5️⃣ Está usando algum medicamento atualmente?
6️⃣ Faz bronzeamento artificial com frequência?
7️⃣ Está grávida ou amamentando ?
8️⃣ Tem melasma ou outras condições na pele, como manchas ou sensibilidade?

👉 Se nenhuma das opções se aplicar a você, pode responder: ""Não para todas"". Assim, consigo Garantir o seu Presente com total segurança e tranquilidade! 😉

Só lembrando que esta é uma pre-anamnese, e quando for a loja para iniciar o seu tratamento precisará preencher a anamnese oficial com a profissional do laser ok?!"
até qdo vai ter ter essa promoção?,,1DsQJFmulwJNZWF2LTmx,3 sessões|flamengo|lead|triagem|reativado|outros descontos|em atendimento,Gerência Ilha do Governador 2 Pello Menos,2026-07-09 23:34,CLIENTE,inbound,TYPE_WHATSAPP,,12475464704
até qdo vai ter ter essa promoção?,,1DsQJFmulwJNZWF2LTmx,3 sessões|flamengo|lead|triagem|reativado|outros descontos|em atendimento,Gerência Ilha do Governador 2 Pello Menos,2026-07-10 13:42,AUTOMAÇÃO,workflow,TYPE_WHATSAPP,workflow,"Perfeito! 😊
Já estou encaminhando suas informações para uma de nossas consultoras.

Enquanto isso, me conta: além da área que você ganhou de presente, tem alguma outra área que você gostaria de conhecer melhor, sem compromisso? 💜"
até qdo vai ter ter essa promoção?,,1DsQJFmulwJNZWF2LTmx,3 sessões|flamengo|lead|triagem|reativado|outros descontos|em atendimento,Gerência Ilha do Governador 2 Pello Menos,2026-07-10 13:42,CLIENTE,inbound,TYPE_WHATSAPP,,"1 Não
2 Nāo
3 Nāo
4 Nāo
5 Nāo
6 Nāo
7 Nāo 
8 Nāo"
até qdo vai ter ter essa promoção?,,1DsQJFmulwJNZWF2LTmx,3 sessões|flamengo|lead|triagem|reativado|outros descontos|em atendimento,Gerência Ilha do Governador 2 Pello Menos,2026-07-10 13:42,SISTEMA,TYPE_ACTIVITY_OPPORTUNITY,TYPE_ACTIVITY_OPPORTUNITY,app,Opportunity updated
até qdo vai ter ter essa promoção?,,1DsQJFmulwJNZWF2LTmx,3 sessões|flamengo|lead|triagem|reativado|outros descontos|em atendimento,Gerência Ilha do Governador 2 Pello Menos,2026-07-10 13:44,CLIENTE,inbound,TYPE_WHATSAPP,,Essa área sem compromisso pode ser buço ou perna?
até qdo vai ter ter essa promoção?,,1DsQJFmulwJNZWF2LTmx,3 sessões|flamengo|lead|triagem|reativado|outros descontos|em atendimento,Gerência Ilha do Governador 2 Pello Menos,2026-07-10 14:42,HUMANO,Unidade fla@,TYPE_WHATSAPP,app,"Não, apenas buço ou axila.

Também estamos com uma ótima oportunidade: fechando nosso combo de (Virilha + meia perna), você ganha a região do buço ou axila por apenas 10x de 134,00!"
até qdo vai ter ter essa promoção?,,1DsQJFmulwJNZWF2LTmx,3 sessões|flamengo|lead|triagem|reativado|outros descontos|em atendimento,Gerência Ilha do Governador 2 Pello Menos,2026-07-10 14:47,HUMANO,Unidade fla@,TYPE_WHATSAPP,app,O que achou dessa oportunidade?
até qdo vai ter ter essa promoção?,,1DsQJFmulwJNZWF2LTmx,3 sessões|flamengo|lead|triagem|reativado|outros descontos|em atendimento,Gerência Ilha do Governador 2 Pello Menos,2026-07-14 11:09,SISTEMA,TYPE_ACTIVITY_OPPORTUNITY,TYPE_ACTIVITY_OPPORTUNITY,app,Opportunity updated
até qdo vai ter ter essa promoção?,,1DsQJFmulwJNZWF2LTmx,3 sessões|flamengo|lead|triagem|reativado|outros descontos|em atendimento,Gerência Ilha do Governador 2 Pello Menos,2026-08-19 10:09,CLIENTE,inbound,TYPE_WHATSAPP,,"*Headline:* Conheça a Pello Menos Ilha do Governador 2
*Source URL:* https://fb.me/4Rus6RW3A

Bom dia,tem sessão de virilha gratuito?"
até qdo vai ter ter essa promoção?,,1DsQJFmulwJNZWF2LTmx,3 sessões|flamengo|lead|triagem|reativado|outros descontos|em atendimento,Gerência Ilha do Governador 2 Pello Menos,2026-08-19 10:09,SISTEMA,TYPE_ACTIVITY_OPPORTUNITY,TYPE_ACTIVITY_OPPORTUNITY,app,Opportunity updated
até qdo vai ter ter essa promoção?,,1DsQJFmulwJNZWF2LTmx,3 sessões|flamengo|lead|triagem|reativado|outros descontos|em atendimento,Gerência Ilha do Governador 2 Pello Menos,2026-08-19 11:44,CLIENTE,inbound,TYPE_WHATSAPP,,"*Headline:* Conheça a Pello Menos Gonçalves Dias
*Source URL:* https://fb.me/kb6Xtn3e8

Olá! Gostaria de resgatar o voucher das 3 sessões de axilas ou buço, por favor."
até qdo vai ter ter essa promoção?,,1DsQJFmulwJNZWF2LTmx,3 sessões|flamengo|lead|triagem|reativado|outros descontos|em atendimento,Gerência Ilha do Governador 2 Pello Menos,2026-08-19 17:14,HUMANO,Unidade fla@,TYPE_WHATSAPP,app,"Boa tarde, esse contato é referente à unidade do Flamengo. Solicito que busque o nosso SAC para que consiga aproveitar os descontos de outras unidades."
até qdo vai ter ter essa promoção?,,1DsQJFmulwJNZWF2LTmx,3 sessões|flamengo|lead|triagem|reativado|outros descontos|em atendimento,Gerência Ilha do Governador 2 Pello Menos,2026-08-19 17:18,CLIENTE,inbound,TYPE_WHATSAPP,,Tem o zap deles?
até qdo vai ter ter essa promoção?,,1DsQJFmulwJNZWF2LTmx,3 sessões|flamengo|lead|triagem|reativado|outros descontos|em atendimento,Gerência Ilha do Governador 2 Pello Menos,2026-08-19 17:21,HUMANO,Unidade fla@,TYPE_WHATSAPP,app,0800 282 1233
até qdo vai ter ter essa promoção?,,1DsQJFmulwJNZWF2LTmx,3 sessões|flamengo|lead|triagem|reativado|outros descontos|em atendimento,Gerência Ilha do Governador 2 Pello Menos,2026-08-20 12:46,SISTEMA,TYPE_ACTIVITY_OPPORTUNITY,TYPE_ACTIVITY_OPPORTUNITY,app,Opportunity status changed
até qdo vai ter ter essa promoção?,,1DsQJFmulwJNZWF2LTmx,3 sessões|flamengo|lead|triagem|reativado|outros descontos|em atendimento,Gerência Ilha do Governador 2 Pello Menos,2026-09-01 16:29,CLIENTE,inbound,TYPE_WHATSAPP,,"*Headline:* Conheça a Pello Menos Ilha do Governador 2
*Source URL:* https://fb.me/kvptM729f

Olá! Gostaria de resgatar o voucher das 3 sessões de axilas ou buço, por favor."
até qdo vai ter ter essa promoção?,,1DsQJFmulwJNZWF2LTmx,3 sessões|flamengo|lead|triagem|reativado|outros descontos|em atendimento,Gerência Ilha do Governador 2 Pello Menos,2026-09-04 15:44,AUTOMAÇÃO,workflow,TYPE_WHATSAPP,workflow,"Oi! Que bom te ver por aqui 🤩

Parabéns pela decisão de começar seu tratamento!

Aqui na Pello Menos usamos o HAKON 4D, que proporciona um resultado mais rápido e duradouro.

E o melhor: a ponteira é geladinha (-12°C), deixando a aplicação muito mais confortável e segura para todos os tipos de pele.

Me conta, qual o seu nome? 💬"
até qdo vai ter ter essa promoção?,,1DsQJFmulwJNZWF2LTmx,3 sessões|flamengo|lead|triagem|reativado|outros descontos|em atendimento,Gerência Ilha do Governador 2 Pello Menos,2026-09-04 15:44,CLIENTE,inbound,TYPE_WHATSAPP,,"*Headline:* Conheça a Pello Menos Ilha do Governador 2
*Source URL:* https://fb.me/6Xnx4KlH9

Garanta seu desconto nos nossos combos no mês de Setembro."
até qdo vai ter ter essa promoção?,,1DsQJFmulwJNZWF2LTmx,3 sessões|flamengo|lead|triagem|reativado|outros descontos|em atendimento,Gerência Ilha do Governador 2 Pello Menos,2026-09-04 15:45,AUTOMAÇÃO,workflow,TYPE_WHATSAPP,workflow,"Aaah, prazer falar com você, Até Qdo Vai Ter Ter Essa Promoção? 😍

Muito obrigada pelas informações!
Eu sou a assistente virtual da Pello Menos, vou te ajudar por aqui rapidinho e já te encaminho para uma das nossas especialistas, tá?

Só pra você saber, a Pello Menos é pioneira em depilação feminina no Brasil, há mais de 30 anos cuidando de mulheres com excelência ✨

Vi que você clicou no nosso anúncio 👀
Me conta só uma coisinha pra gente te direcionar melhor…

Quais regiões mais te incomodam hoje e que você gostaria de se livrar dos pelinhos de vez? 💬"
até qdo vai ter ter essa promoção?,,1DsQJFmulwJNZWF2LTmx,3 sessões|flamengo|lead|triagem|reativado|outros descontos|em atendimento,Gerência Ilha do Governador 2 Pello Menos,2026-09-04 15:45,CLIENTE,inbound,TYPE_WHATSAPP,,Até qdo vai ter ter essa promoção?
até qdo vai ter ter essa promoção?,,1DsQJFmulwJNZWF2LTmx,3 sessões|flamengo|lead|triagem|reativado|outros descontos|em atendimento,Gerência Ilha do Governador 2 Pello Menos,2026-09-04 15:49,AUTOMAÇÃO,workflow,TYPE_WHATSAPP,workflow,"Perfeito! 😊
Já estou encaminhando suas informações para nossa consultora. 💜"
até qdo vai ter ter essa promoção?,,1DsQJFmulwJNZWF2LTmx,3 sessões|flamengo|lead|triagem|reativado|outros descontos|em atendimento,Gerência Ilha do Governador 2 Pello Menos,2026-09-04 15:49,CLIENTE,inbound,TYPE_WHATSAPP,,Sim
até qdo vai ter ter essa promoção?,,1DsQJFmulwJNZWF2LTmx,3 sessões|flamengo|lead|triagem|reativado|outros descontos|em atendimento,Gerência Ilha do Governador 2 Pello Menos,2026-09-04 15:49,SISTEMA,TYPE_ACTIVITY_OPPORTUNITY,TYPE_ACTIVITY_OPPORTUNITY,app,Opportunity status changed
até qdo vai ter ter essa promoção?,,1DsQJFmulwJNZWF2LTmx,3 sessões|flamengo|lead|triagem|reativado|outros descontos|em atendimento,Gerência Ilha do Governador 2 Pello Menos,2026-09-04 15:58,CLIENTE,inbound,TYPE_WHATSAPP,,Ok
até qdo vai ter ter essa promoção?,,1DsQJFmulwJNZWF2LTmx,3 sessões|flamengo|lead|triagem|reativado|outros descontos|em atendimento,Gerência Ilha do Governador 2 Pello Menos,2026-09-07 20:59,CLIENTE,inbound,TYPE_WHATSAPP,,"*Headline:* Conheça a Pello Menos Ilha do Governador 2
*Source URL:* https://fb.me/6DPNDlONB

Garanta seu desconto nos nossos combos no mês de Setembro."
até qdo vai ter ter essa promoção?,,1DsQJFmulwJNZWF2LTmx,3 sessões|flamengo|lead|triagem|reativado|outros descontos|em atendimento,Gerência Ilha do Governador 2 Pello Menos,2026-09-15 13:31,CLIENTE,inbound,TYPE_WHATSAPP,,"*Headline:* Conheça a Pello Menos Ilha do Governador 2
*Source URL:* https://fb.me/4a5dprSwx

Olá! Gostaria de resgatar o voucher das 3 sessões de axilas ou buço, por favor."
beth de paula,,JnCuJayJJnkFLgf1j54p,outros descontos|flamengo|lead|triagem|sem resposta,,2026-07-23 19:46,AUTOMAÇÃO,workflow,TYPE_WHATSAPP,workflow,"Oi! Que bom te ver por aqui 🤩

Parabéns pela decisão de começar seu tratamento!

Aqui na Pello Menos usamos o HAKON 4D, que proporciona um resultado mais rápido e duradouro.

E o melhor: a ponteira é geladinha (-12°C), deixando a aplicação muito mais confortável e segura para todos os tipos de pele.

Me conta, qual o seu nome? 💬"
beth de paula,,JnCuJayJJnkFLgf1j54p,outros descontos|flamengo|lead|triagem|sem resposta,,2026-07-23 19:46,CLIENTE,inbound,TYPE_WHATSAPP,,"*Headline:* Conheça a Pello Menos Flamengo
*Source URL:* https://fb.me/4I46k7PL9

Garanta seu desconto nos nossos combos no mês de Julho."
beth de paula,,JnCuJayJJnkFLgf1j54p,outros descontos|flamengo|lead|triagem|sem resposta,,2026-07-23 19:46,SISTEMA,TYPE_ACTIVITY_OPPORTUNITY,TYPE_ACTIVITY_OPPORTUNITY,app,Opportunity created
beth de paula,,JnCuJayJJnkFLgf1j54p,outros descontos|flamengo|lead|triagem|sem resposta,,2026-07-31 11:52,HUMANO,Unidade fla@,TYPE_WHATSAPP,app,"Olá! aqui é a Giulia!

Sou a operadora do Laser da unidade do Flamengo e vou estar dando continuidade no seu atendimento!
Aproveite as oportunidades dos combos de Julho, válidos até 31/07! Vou te apresentar os combos:
🌸Combo 1: Virilha total + 1/2 perna: 10x de 164,80
🌸Combo 2: Virilha cavada + 1/2 perna: 10x de 152,80
🌸Combo 3: Virilha comum + 1/2 perna: 10x de 134,00
Fechando qualquer combo, ganhe de brinde: axila ou buço!

O que achou dessa oportunidade?"
beth de paula,,JnCuJayJJnkFLgf1j54p,outros descontos|flamengo|lead|triagem|sem resposta,,2026-07-31 11:52,SISTEMA,TYPE_ACTIVITY_OPPORTUNITY,TYPE_ACTIVITY_OPPORTUNITY,app,Opportunity updated
beth de paula,,JnCuJayJJnkFLgf1j54p,outros descontos|flamengo|lead|triagem|sem resposta,,2026-08-14 14:43,SISTEMA,TYPE_ACTIVITY_OPPORTUNITY,TYPE_ACTIVITY_OPPORTUNITY,app,Opportunity updated
beth de paula,,JnCuJayJJnkFLgf1j54p,outros descontos|flamengo|lead|triagem|sem resposta,,2026-08-22 10:19,HUMANO,Unidade fla@,TYPE_WHATSAPP,app,Oi! 🤩 Você recebeu uma indicação com direito a 3 sessões de axilas gratuitas. Me chama que te explico como garantir.
boa tarde,,XJAKKLL6dS2AZ5kkK7rb,3 sessões|flamengo|lead|triagem|sem resposta,,2026-07-25 14:51,AUTOMAÇÃO,workflow,TYPE_WHATSAPP,workflow,"🎉 Parabéns! Você ganhou *3 sessões grátis* de depilação a laser com a *Pello Menos.*

Com o *Laser Hacok 4D* que acelera seus resultados e tem a ponteira resfriada garantindo o conforto em cada sessão.

Para liberar seu presente, digita aqui pra mim: *qual o seu nome completo?*"
boa tarde,,XJAKKLL6dS2AZ5kkK7rb,3 sessões|flamengo|lead|triagem|sem resposta,,2026-07-25 14:51,AUTOMAÇÃO,workflow,TYPE_WHATSAPP,workflow,"Aaah, prazer falar com você, Boa Tarde 😍

Eu sou a assistente virtual da Pello Menos, vou te ajudar por aqui rapidinho e já te encaminho para uma de nossas especialistas.

A Pello Menos é pioneira em depilação segura há mais de 28 anos, com o Laser Hakon 4D, que atua em quatro dimensões do pelo e garante mais conforto com ponteira a -12 °C.

Para eu fazer seu cadastro e lançar seu presente no nosso sistema, digita aqui seu CPF, por favor ⬇️"
boa tarde,,XJAKKLL6dS2AZ5kkK7rb,3 sessões|flamengo|lead|triagem|sem resposta,,2026-07-25 14:51,CLIENTE,inbound,TYPE_WHATSAPP,,"*Headline:* Conheça a Pello Menos Flamengo
*Source URL:* https://fb.me/69wP2o0It

Olá! Gostaria de resgatar o voucher das 3 sessões de axilas ou buço, por favor."
boa tarde,,XJAKKLL6dS2AZ5kkK7rb,3 sessões|flamengo|lead|triagem|sem resposta,,2026-07-25 14:51,CLIENTE,inbound,TYPE_WHATSAPP,,Boa tarde
boa tarde,,XJAKKLL6dS2AZ5kkK7rb,3 sessões|flamengo|lead|triagem|sem resposta,,2026-07-25 14:51,SISTEMA,TYPE_ACTIVITY_OPPORTUNITY,TYPE_ACTIVITY_OPPORTUNITY,app,Opportunity created
boa tarde,,XJAKKLL6dS2AZ5kkK7rb,3 sessões|flamengo|lead|triagem|sem resposta,,2026-07-25 14:56,HUMANO,Unidade fla@,TYPE_WHATSAPP,app,"Olá, aqui é a Giulia, operadora do Laser da unidade do Flamengo. Para continuarmos, preciso concluir seu cadastro no sistema e após seu cadastro, você pode vir na unidade concluir e realizar sua sessão presente. Pode me informar seu nome completo, cpf e data de nascimento?"
boa tarde,,XJAKKLL6dS2AZ5kkK7rb,3 sessões|flamengo|lead|triagem|sem resposta,,2026-07-25 14:58,CLIENTE,inbound,TYPE_WHATSAPP,,Ok muito obrigadaaa
boa tarde,,XJAKKLL6dS2AZ5kkK7rb,3 sessões|flamengo|lead|triagem|sem resposta,,2026-07-25 16:37,HUMANO,Unidade fla@,TYPE_WHATSAPP,app,vamos fazer seu cadastro para a retirada do voucher?
boa tarde,,XJAKKLL6dS2AZ5kkK7rb,3 sessões|flamengo|lead|triagem|sem resposta,,2026-07-25 16:38,HUMANO,Unidade fla@,TYPE_WHATSAPP,app,axilas?
boa tarde,,XJAKKLL6dS2AZ5kkK7rb,3 sessões|flamengo|lead|triagem|sem resposta,,2026-07-31 11:52,SISTEMA,TYPE_ACTIVITY_OPPORTUNITY,TYPE_ACTIVITY_OPPORTUNITY,app,Opportunity updated
boa tarde,,XJAKKLL6dS2AZ5kkK7rb,3 sessões|flamengo|lead|triagem|sem resposta,,2026-08-22 10:18,HUMANO,Unidade fla@,TYPE_WHATSAPP,app,Sua condição ainda está disponível no momento. Me chama para garantir. 😊
"boa tarde! meu nome é duda, teria como ter esse desconto em botafogo, é que eu moro aqui aí fica mais facil pra mim",,Ak6beLRqUdMDCnKX1E5p,outros descontos|flamengo|lead|triagem|sem resposta,,2026-08-31 13:49,AUTOMAÇÃO,workflow,TYPE_WHATSAPP,workflow,"Oi! Que bom te ver por aqui 🤩

Parabéns pela decisão de começar seu tratamento!

Aqui na Pello Menos usamos o HAKON 4D, que proporciona um resultado mais rápido e duradouro.

E o melhor: a ponteira é geladinha (-12°C), deixando a aplicação muito mais confortável e segura para todos os tipos de pele.

Me conta, qual o seu nome? 💬"
"boa tarde! meu nome é duda, teria como ter esse desconto em botafogo, é que eu moro aqui aí fica mais facil pra mim",,Ak6beLRqUdMDCnKX1E5p,outros descontos|flamengo|lead|triagem|sem resposta,,2026-08-31 13:49,CLIENTE,inbound,TYPE_WHATSAPP,,"*Headline:* Conheça a Pello Menos Flamengo
*Source URL:* https://www.instagram.com/p/Dbv7ZDzAD2M/

Garanta seu desconto nos nossos combos no mês de Agosto."
"boa tarde! meu nome é duda, teria como ter esse desconto em botafogo, é que eu moro aqui aí fica mais facil pra mim",,Ak6beLRqUdMDCnKX1E5p,outros descontos|flamengo|lead|triagem|sem resposta,,2026-08-31 13:49,SISTEMA,TYPE_ACTIVITY_OPPORTUNITY,TYPE_ACTIVITY_OPPORTUNITY,app,Opportunity created
"boa tarde! meu nome é duda, teria como ter esse desconto em botafogo, é que eu moro aqui aí fica mais facil pra mim",,Ak6beLRqUdMDCnKX1E5p,outros descontos|flamengo|lead|triagem|sem resposta,,2026-08-31 13:50,CLIENTE,inbound,TYPE_WHATSAPP,,"boa tarde! meu nome é duda, teria como ter esse desconto em botafogo, é que eu moro aqui aí fica mais facil pra mim"
"boa tarde! meu nome é duda, teria como ter esse desconto em botafogo, é que eu moro aqui aí fica mais facil pra mim",,Ak6beLRqUdMDCnKX1E5p,outros descontos|flamengo|lead|triagem|sem resposta,,2026-08-31 13:51,AUTOMAÇÃO,workflow,TYPE_WHATSAPP,workflow,"Aaah, prazer falar com você, Boa Tarde! Meu Nome É Duda, Teria Como Ter Esse Desconto Em Botafogo, É Que Eu Moro Aqui Aí Fica Mais Facil Pra Mim 😍

Muito obrigada pelas informações!
Eu sou a assistente virtual da Pello Menos, vou te ajudar por aqui rapidinho e já te encaminho para uma das nossas especialistas, tá?

Só pra você saber, a Pello Menos é pioneira em depilação feminina no Brasil, há mais de 30 anos cuidando de mulheres com excelência ✨

Vi que você clicou no nosso anúncio 👀
Me conta só uma coisinha pra gente te direcionar melhor…

Quais regiões mais te incomodam hoje e que você gostaria de se livrar dos pelinhos de vez? 💬"
"boa tarde! meu nome é duda, teria como ter esse desconto em botafogo, é que eu moro aqui aí fica mais facil pra mim",,Ak6beLRqUdMDCnKX1E5p,outros descontos|flamengo|lead|triagem|sem resposta,,2026-08-31 13:51,AUTOMAÇÃO,workflow,TYPE_WHATSAPP,workflow,"Perfeito! 😊
Já estou encaminhando suas informações para nossa consultora. 💜"
"boa tarde! meu nome é duda, teria como ter esse desconto em botafogo, é que eu moro aqui aí fica mais facil pra mim",,Ak6beLRqUdMDCnKX1E5p,outros descontos|flamengo|lead|triagem|sem resposta,,2026-08-31 13:51,CLIENTE,inbound,TYPE_WHATSAPP,,queria axilas e virilha completa
"boa tarde! meu nome é duda, teria como ter esse desconto em botafogo, é que eu moro aqui aí fica mais facil pra mim",,Ak6beLRqUdMDCnKX1E5p,outros descontos|flamengo|lead|triagem|sem resposta,,2026-08-31 13:51,SISTEMA,TYPE_ACTIVITY_OPPORTUNITY,TYPE_ACTIVITY_OPPORTUNITY,app,Opportunity updated
"boa tarde! meu nome é duda, teria como ter esse desconto em botafogo, é que eu moro aqui aí fica mais facil pra mim",,Ak6beLRqUdMDCnKX1E5p,outros descontos|flamengo|lead|triagem|sem resposta,,2026-08-31 18:54,HUMANO,Unidade fla@,TYPE_WHATSAPP,app,OLA
"boa tarde! meu nome é duda, teria como ter esse desconto em botafogo, é que eu moro aqui aí fica mais facil pra mim",,Ak6beLRqUdMDCnKX1E5p,outros descontos|flamengo|lead|triagem|sem resposta,,2026-08-31 18:55,HUMANO,Unidade fla@,TYPE_WHATSAPP,app,"Boa noite, Duda. É um prazer fazer contato com vc."
"boa tarde! meu nome é duda, teria como ter esse desconto em botafogo, é que eu moro aqui aí fica mais facil pra mim",,Ak6beLRqUdMDCnKX1E5p,outros descontos|flamengo|lead|triagem|sem resposta,,2026-08-31 18:56,HUMANO,Unidade fla@,TYPE_WHATSAPP,app,"Gostaria de comprar um combo da Virilha completa - 10x 83,60 + axila 10 sessões poe R$94,90?"
"boa tarde! meu nome é duda, teria como ter esse desconto em botafogo, é que eu moro aqui aí fica mais facil pra mim",,Ak6beLRqUdMDCnKX1E5p,outros descontos|flamengo|lead|triagem|sem resposta,,2026-08-31 19:28,CLIENTE,inbound,TYPE_WHATSAPP,,teria como eu fazer em botafogo?
"boa tarde! meu nome é duda, teria como ter esse desconto em botafogo, é que eu moro aqui aí fica mais facil pra mim",,Ak6beLRqUdMDCnKX1E5p,outros descontos|flamengo|lead|triagem|sem resposta,,2026-09-01 09:36,HUMANO,Unidade fla@,TYPE_WHATSAPP,app,"Olá, bom dia. Sugiro que faça contato com o SAC 08002821233"
"boa tarde! meu nome é duda, teria como ter esse desconto em botafogo, é que eu moro aqui aí fica mais facil pra mim",,Ak6beLRqUdMDCnKX1E5p,outros descontos|flamengo|lead|triagem|sem resposta,,2026-09-15 11:33,SISTEMA,TYPE_ACTIVITY_OPPORTUNITY,TYPE_ACTIVITY_OPPORTUNITY,app,Opportunity updated
bom dia!,,SRCAmVeOOeRwIR28GgwO,3 sessões|flamengo|lead|triagem|sem resposta,,2026-06-26 10:52,AUTOMAÇÃO,workflow,TYPE_WHATSAPP,workflow,"🎉 Parabéns! Você ganhou *3 sessões grátis* de depilação a laser com a *Pello Menos.*

Com o *Laser Hacok 4D* que acelera seus resultados e tem a ponteira resfriada garantindo o conforto em cada sessão.

Para liberar seu presente, digita aqui pra mim: *qual o seu nome completo?*"
bom dia!,,SRCAmVeOOeRwIR28GgwO,3 sessões|flamengo|lead|triagem|sem resposta,,2026-06-26 10:52,AUTOMAÇÃO,workflow,TYPE_WHATSAPP,workflow,"Aaah, prazer falar com você, Bom Dia! 😍

Eu sou a assistente virtual da Pello Menos, vou te ajudar por aqui rapidinho e já te encaminho para uma de nossas especialistas.

A Pello Menos é pioneira em depilação segura há mais de 28 anos, com o Laser Hakon 4D, que atua em quatro dimensões do pelo e garante mais conforto com ponteira a -12 °C.

Para eu fazer seu cadastro e lançar seu presente no nosso sistema, digita aqui seu CPF, por favor ⬇️"
bom dia!,,SRCAmVeOOeRwIR28GgwO,3 sessões|flamengo|lead|triagem|sem resposta,,2026-06-26 10:52,CLIENTE,inbound,TYPE_WHATSAPP,,"*Headline:* Conheça a Pello Menos Flamengo
*Source URL:* https://www.instagram.com/p/DZ79xG9gPZw/

Olá! Gostaria de resgatar o voucher das 3 sessões de axilas ou buço, por favor."
bom dia!,,SRCAmVeOOeRwIR28GgwO,3 sessões|flamengo|lead|triagem|sem resposta,,2026-06-26 10:52,CLIENTE,inbound,TYPE_WHATSAPP,,Bom dia!
bom dia!,,SRCAmVeOOeRwIR28GgwO,3 sessões|flamengo|lead|triagem|sem resposta,,2026-06-26 10:52,SISTEMA,TYPE_ACTIVITY_OPPORTUNITY,TYPE_ACTIVITY_OPPORTUNITY,app,Opportunity created
bom dia!,,SRCAmVeOOeRwIR28GgwO,3 sessões|flamengo|lead|triagem|sem resposta,,2026-06-26 10:53,AUTOMAÇÃO,workflow,TYPE_WHATSAPP,workflow,"Já anotei tudo aqui 💜
Agora só preciso que você me responda rapidinho sobre as contraindicações, para garantir sua segurança no tratamento, tudo bem?

1️⃣ Tem tatuagem ou cicatriz na área a ser tratada?
2️⃣ Possui pelos brancos, loiros ou ruivos na região?
3️⃣ Tem alguma doença diagnosticada? Se sim, qual?
4️⃣ Já teve algum tipo de câncer ?
5️⃣ Está usando algum medicamento atualmente?
6️⃣ Faz bronzeamento artificial com frequência?
7️⃣ Está grávida ou amamentando ?
8️⃣ Tem melasma ou outras condições na pele, como manchas ou sensibilidade?

👉 Se nenhuma das opções se aplicar a você, pode responder: ""Não para todas"". Assim, consigo Garantir o seu Presente com total segurança e tranquilidade! 😉

Só lembrando que esta é uma pre-anamnese, e quando for a loja para iniciar o seu tratamento precisará preencher a anamnese oficial com a profissional do laser ok?!"
bom dia!,,SRCAmVeOOeRwIR28GgwO,3 sessões|flamengo|lead|triagem|sem resposta,,2026-06-26 10:53,CLIENTE,inbound,TYPE_WHATSAPP,,Joseany Alves Mendes
bom dia!,,SRCAmVeOOeRwIR28GgwO,3 sessões|flamengo|lead|triagem|sem resposta,,2026-06-26 10:54,AUTOMAÇÃO,workflow,TYPE_WHATSAPP,workflow,"Perfeito! 😊
Já estou encaminhando suas informações para uma de nossas consultoras.

Enquanto isso, me conta: além da área que você ganhou de presente, tem alguma outra área que você gostaria de conhecer melhor, sem compromisso? 💜"
bom dia!,,SRCAmVeOOeRwIR28GgwO,3 sessões|flamengo|lead|triagem|sem resposta,,2026-06-26 10:54,CLIENTE,inbound,TYPE_WHATSAPP,,Ok
bom dia!,,SRCAmVeOOeRwIR28GgwO,3 sessões|flamengo|lead|triagem|sem resposta,,2026-06-26 10:54,SISTEMA,TYPE_ACTIVITY_OPPORTUNITY,TYPE_ACTIVITY_OPPORTUNITY,app,Opportunity updated
bom dia!,,SRCAmVeOOeRwIR28GgwO,3 sessões|flamengo|lead|triagem|sem resposta,,2026-06-26 11:49,HUMANO,Unidade fla@,TYPE_WHATSAPP,app,"Olá Joseany, aqui é a Giulia, operadora do Laser da unidade do Flamengo.

Para continuarmos, preciso concluir seu cadastro no sistema para liberar seu Voucher e após seu cadastro, você pode vir na unidade concluir e realizar sua sessão. Me informa seu cpf e data de nascimento?"
bom dia!,,SRCAmVeOOeRwIR28GgwO,3 sessões|flamengo|lead|triagem|sem resposta,,2026-07-29 12:11,SISTEMA,TYPE_ACTIVITY_OPPORTUNITY,TYPE_ACTIVITY_OPPORTUNITY,app,Opportunity updated
bom dia!,,SRCAmVeOOeRwIR28GgwO,3 sessões|flamengo|lead|triagem|sem resposta,,2026-08-22 10:42,HUMANO,Unidade fla@,TYPE_WHATSAPP,app,"Depilação a Laser - Condição Especial

Oi! 😊 Passando para saber se você ainda tem interesse em fazer sua depilação a laser. Vi que nossa conversa acabou ficando parada e quis te chamar porque posso verificar se ainda temos uma condição especial para você. Se fizer sentido, me chama que te explico rapidinho! 💜"
bom diaa! essa promoção da axila só está disponível na unidade do flamengo?,,JDGYbj3ZtMpBiylbEWu2,outros descontos|flamengo|lead|triagem|sem resposta,,2026-08-08 10:24,AUTOMAÇÃO,workflow,TYPE_WHATSAPP,workflow,"Oi! Que bom te ver por aqui 🤩

Parabéns pela decisão de começar seu tratamento!

Aqui na Pello Menos usamos o HAKON 4D, que proporciona um resultado mais rápido e duradouro.

E o melhor: a ponteira é geladinha (-12°C), deixando a aplicação muito mais confortável e segura para todos os tipos de pele.

Me conta, qual o seu nome? 💬"
bom diaa! essa promoção da axila só está disponível na unidade do flamengo?,,JDGYbj3ZtMpBiylbEWu2,outros descontos|flamengo|lead|triagem|sem resposta,,2026-08-08 10:24,AUTOMAÇÃO,workflow,TYPE_WHATSAPP,workflow,"Aaah, prazer falar com você, Bom Diaa! Essa Promoção Da Axila Só Está Disponível Na Unidade Do Flamengo? 😍

Muito obrigada pelas informações!
Eu sou a assistente virtual da Pello Menos, vou te ajudar por aqui rapidinho e já te encaminho para uma das nossas especialistas, tá?

Só pra você saber, a Pello Menos é pioneira em depilação feminina no Brasil, há mais de 30 anos cuidando de mulheres com excelência ✨

Vi que você clicou no nosso anúncio 👀
Me conta só uma coisinha pra gente te direcionar melhor…

Quais regiões mais te incomodam hoje e que você gostaria de se livrar dos pelinhos de vez? 💬"
bom diaa! essa promoção da axila só está disponível na unidade do flamengo?,,JDGYbj3ZtMpBiylbEWu2,outros descontos|flamengo|lead|triagem|sem resposta,,2026-08-08 10:24,CLIENTE,inbound,TYPE_WHATSAPP,,"*Headline:* Conheça a Pello Menos Flamengo
*Source URL:* https://fb.me/9HLf8bnhP

Garanta seu desconto nos nossos combos no mês de Agosto."
bom diaa! essa promoção da axila só está disponível na unidade do flamengo?,,JDGYbj3ZtMpBiylbEWu2,outros descontos|flamengo|lead|triagem|sem resposta,,2026-08-08 10:24,CLIENTE,inbound,TYPE_WHATSAPP,,Bom diaa! Essa promoção da axila só está disponível na unidade do flamengo?
bom diaa! essa promoção da axila só está disponível na unidade do flamengo?,,JDGYbj3ZtMpBiylbEWu2,outros descontos|flamengo|lead|triagem|sem resposta,,2026-08-08 10:24,SISTEMA,TYPE_ACTIVITY_OPPORTUNITY,TYPE_ACTIVITY_OPPORTUNITY,app,Opportunity created
bom diaa! essa promoção da axila só está disponível na unidade do flamengo?,,JDGYbj3ZtMpBiylbEWu2,outros descontos|flamengo|lead|triagem|sem resposta,,2026-08-08 11:35,HUMANO,Unidade fla@,TYPE_WHATSAPP,app,"Bom dia, sim. O voucher é exclusivo para a unidade do flamengo."
bom diaa! essa promoção da axila só está disponível na unidade do flamengo?,,JDGYbj3ZtMpBiylbEWu2,outros descontos|flamengo|lead|triagem|sem resposta,,2026-08-14 15:03,SISTEMA,TYPE_ACTIVITY_OPPORTUNITY,TYPE_ACTIVITY_OPPORTUNITY,app,Opportunity updated
bruna bernardes carvalhal de oliveira,,DdhgM2BYCWsiTErMUaW5,3 sessões|flamengo|lead|triagem|sem resposta,,2026-08-01 12:48,AUTOMAÇÃO,workflow,TYPE_WHATSAPP,workflow,"🎉 Parabéns! Você ganhou *3 sessões grátis* de depilação a laser com a *Pello Menos.*

Com o *Laser Hacok 4D* que acelera seus resultados e tem a ponteira resfriada garantindo o conforto em cada sessão.

Para liberar seu presente, digita aqui pra mim: *qual o seu nome completo?*"
bruna bernardes carvalhal de oliveira,,DdhgM2BYCWsiTErMUaW5,3 sessões|flamengo|lead|triagem|sem resposta,,2026-08-01 12:48,CLIENTE,inbound,TYPE_WHATSAPP,,"*Headline:* Conheça a Pello Menos Flamengo
*Source URL:* https://www.instagram.com/p/Dadlk7tA4hY/

Olá! Gostaria de resgatar o voucher das 3 sessões de axilas ou buço, por favor."
bruna bernardes carvalhal de oliveira,,DdhgM2BYCWsiTErMUaW5,3 sessões|flamengo|lead|triagem|sem resposta,,2026-08-01 12:49,SISTEMA,TYPE_ACTIVITY_OPPORTUNITY,TYPE_ACTIVITY_OPPORTUNITY,app,Opportunity created
bruna bernardes carvalhal de oliveira,,DdhgM2BYCWsiTErMUaW5,3 sessões|flamengo|lead|triagem|sem resposta,,2026-08-01 13:00,AUTOMAÇÃO,workflow,TYPE_WHATSAPP,workflow,"Aaah, prazer falar com você, Bruna Bernardes Carvalhal De Oliveira 😍

Eu sou a assistente virtual da Pello Menos, vou te ajudar por aqui rapidinho e já te encaminho para uma de nossas especialistas.

A Pello Menos é pioneira em depilação segura há mais de 28 anos, com o Laser Hakon 4D, que atua em quatro dimensões do pelo e garante mais conforto com ponteira a -12 °C.

Para eu fazer seu cadastro e lançar seu presente no nosso sistema, digita aqui seu CPF, por favor ⬇️"
bruna bernardes carvalhal de oliveira,,DdhgM2BYCWsiTErMUaW5,3 sessões|flamengo|lead|triagem|sem resposta,,2026-08-01 13:00,CLIENTE,inbound,TYPE_WHATSAPP,,Bruna Bernardes Carvalhal de Oliveira
bruna bernardes carvalhal de oliveira,,DdhgM2BYCWsiTErMUaW5,3 sessões|flamengo|lead|triagem|sem resposta,,2026-08-01 13:03,AUTOMAÇÃO,workflow,TYPE_WHATSAPP,workflow,"Já anotei tudo aqui 💜
Agora só preciso que você me responda rapidinho sobre as contraindicações, para garantir sua segurança no tratamento, tudo bem?

1️⃣ Tem tatuagem ou cicatriz na área a ser tratada?
2️⃣ Possui pelos brancos, loiros ou ruivos na região?
3️⃣ Tem alguma doença diagnosticada? Se sim, qual?
4️⃣ Já teve algum tipo de câncer ?
5️⃣ Está usando algum medicamento atualmente?
6️⃣ Faz bronzeamento artificial com frequência?
7️⃣ Está grávida ou amamentando ?
8️⃣ Tem melasma ou outras condições na pele, como manchas ou sensibilidade?

👉 Se nenhuma das opções se aplicar a você, pode responder: ""Não para todas"". Assim, consigo Garantir o seu Presente com total segurança e tranquilidade! 😉

Só lembrando que esta é uma pre-anamnese, e quando for a loja para iniciar o seu tratamento precisará preencher a anamnese oficial com a profissional do laser ok?!"
bruna bernardes carvalhal de oliveira,,DdhgM2BYCWsiTErMUaW5,3 sessões|flamengo|lead|triagem|sem resposta,,2026-08-01 13:03,CLIENTE,inbound,TYPE_WHATSAPP,,101.739.577-22
bruna bernardes carvalhal de oliveira,,DdhgM2BYCWsiTErMUaW5,3 sessões|flamengo|lead|triagem|sem resposta,,2026-08-01 13:06,AUTOMAÇÃO,workflow,TYPE_WHATSAPP,workflow,"Perfeito! 😊
Já estou encaminhando suas informações para uma de nossas consultoras.

Enquanto isso, me conta: além da área que você ganhou de presente, tem alguma outra área que você gostaria de conhecer melhor, sem compromisso? 💜"
bruna bernardes carvalhal de oliveira,,DdhgM2BYCWsiTErMUaW5,3 sessões|flamengo|lead|triagem|sem resposta,,2026-08-01 13:06,CLIENTE,inbound,TYPE_WHATSAPP,,"Não 
Não 
Não 
Não 
Não 
Não 
Não 
Não"
bruna bernardes carvalhal de oliveira,,DdhgM2BYCWsiTErMUaW5,3 sessões|flamengo|lead|triagem|sem resposta,,2026-08-01 13:07,SISTEMA,TYPE_ACTIVITY_OPPORTUNITY,TYPE_ACTIVITY_OPPORTUNITY,app,Opportunity updated
bruna bernardes carvalhal de oliveira,,DdhgM2BYCWsiTErMUaW5,3 sessões|flamengo|lead|triagem|sem resposta,,2026-08-01 13:09,CLIENTE,inbound,TYPE_WHATSAPP,,Rosto
bruna bernardes carvalhal de oliveira,,DdhgM2BYCWsiTErMUaW5,3 sessões|flamengo|lead|triagem|sem resposta,,2026-08-01 13:40,HUMANO,Unidade fla@,TYPE_WHATSAPP,app,"ol´a, boa tarde. Rosto completo?"
bruna bernardes carvalhal de oliveira,,DdhgM2BYCWsiTErMUaW5,3 sessões|flamengo|lead|triagem|sem resposta,,2026-08-01 14:25,HUMANO,Unidade fla@,TYPE_WHATSAPP,app,"Nossa tabela está com 55% de desconto. 
O serviço Rosto completo - faixa, queixo, nariz, buço
de R$ 1.445,00 por R$ 650,25

ou seria alguma área específica?"
bruna bernardes carvalhal de oliveira,,DdhgM2BYCWsiTErMUaW5,3 sessões|flamengo|lead|triagem|sem resposta,,2026-08-14 14:28,SISTEMA,TYPE_ACTIVITY_OPPORTUNITY,TYPE_ACTIVITY_OPPORTUNITY,app,Opportunity updated
bruna bernardes carvalhal de oliveira,,DdhgM2BYCWsiTErMUaW5,3 sessões|flamengo|lead|triagem|sem resposta,,2026-08-22 10:13,HUMANO,Unidade fla@,TYPE_WHATSAPP,app,Sua condição ainda está disponível no momento. Me chama para garantir. 😊
bruna de araújo,,nodlsGl1wJCCxQeRr9Iy,3 sessões|flamengo|lead|triagem|sem resposta,,2026-07-31 11:50,AUTOMAÇÃO,workflow,TYPE_WHATSAPP,workflow,"🎉 Parabéns! Você ganhou *3 sessões grátis* de depilação a laser com a *Pello Menos.*

Com o *Laser Hacok 4D* que acelera seus resultados e tem a ponteira resfriada garantindo o conforto em cada sessão.

Para liberar seu presente, digita aqui pra mim: *qual o seu nome completo?*"
bruna de araújo,,nodlsGl1wJCCxQeRr9Iy,3 sessões|flamengo|lead|triagem|sem resposta,,2026-07-31 11:50,CLIENTE,inbound,TYPE_WHATSAPP,,"*Headline:* Conheça a Pello Menos Flamengo
*Source URL:* https://wa.me/wamo/status/preview/558002821239/120250021877840326

Olá! Gostaria de resgatar o voucher das 3 sessões de axilas ou buço, por favor."
bruna de araújo,,nodlsGl1wJCCxQeRr9Iy,3 sessões|flamengo|lead|triagem|sem resposta,,2026-07-31 11:50,SISTEMA,TYPE_ACTIVITY_OPPORTUNITY,TYPE_ACTIVITY_OPPORTUNITY,app,Opportunity created
bruna de araújo,,nodlsGl1wJCCxQeRr9Iy,3 sessões|flamengo|lead|triagem|sem resposta,,2026-07-31 11:51,AUTOMAÇÃO,workflow,TYPE_WHATSAPP,workflow,"Aaah, prazer falar com você, Bruna De Araújo 😍

Eu sou a assistente virtual da Pello Menos, vou te ajudar por aqui rapidinho e já te encaminho para uma de nossas especialistas.

A Pello Menos é pioneira em depilação segura há mais de 28 anos, com o Laser Hakon 4D, que atua em quatro dimensões do pelo e garante mais conforto com ponteira a -12 °C.

Para eu fazer seu cadastro e lançar seu presente no nosso sistema, digita aqui seu CPF, por favor ⬇️"
bruna de araújo,,nodlsGl1wJCCxQeRr9Iy,3 sessões|flamengo|lead|triagem|sem resposta,,2026-07-31 11:51,CLIENTE,inbound,TYPE_WHATSAPP,,Bruna de Araújo
bruna de araújo,,nodlsGl1wJCCxQeRr9Iy,3 sessões|flamengo|lead|triagem|sem resposta,,2026-07-31 11:52,AUTOMAÇÃO,workflow,TYPE_WHATSAPP,workflow,"Já anotei tudo aqui 💜
Agora só preciso que você me responda rapidinho sobre as contraindicações, para garantir sua segurança no tratamento, tudo bem?

1️⃣ Tem tatuagem ou cicatriz na área a ser tratada?
2️⃣ Possui pelos brancos, loiros ou ruivos na região?
3️⃣ Tem alguma doença diagnosticada? Se sim, qual?
4️⃣ Já teve algum tipo de câncer ?
5️⃣ Está usando algum medicamento atualmente?
6️⃣ Faz bronzeamento artificial com frequência?
7️⃣ Está grávida ou amamentando ?
8️⃣ Tem melasma ou outras condições na pele, como manchas ou sensibilidade?

👉 Se nenhuma das opções se aplicar a você, pode responder: ""Não para todas"". Assim, consigo Garantir o seu Presente com total segurança e tranquilidade! 😉

Só lembrando que esta é uma pre-anamnese, e quando for a loja para iniciar o seu tratamento precisará preencher a anamnese oficial com a profissional do laser ok?!"
bruna de araújo,,nodlsGl1wJCCxQeRr9Iy,3 sessões|flamengo|lead|triagem|sem resposta,,2026-07-31 11:52,CLIENTE,inbound,TYPE_WHATSAPP,,07476823486
bruna de araújo,,nodlsGl1wJCCxQeRr9Iy,3 sessões|flamengo|lead|triagem|sem resposta,,2026-07-31 11:53,AUTOMAÇÃO,workflow,TYPE_WHATSAPP,workflow,"Perfeito! 😊
Já estou encaminhando suas informações para uma de nossas consultoras.

Enquanto isso, me conta: além da área que você ganhou de presente, tem alguma outra área que você gostaria de conhecer melhor, sem compromisso? 💜"
bruna de araújo,,nodlsGl1wJCCxQeRr9Iy,3 sessões|flamengo|lead|triagem|sem resposta,,2026-07-31 11:53,CLIENTE,inbound,TYPE_WHATSAPP,,Não para todas
bruna de araújo,,nodlsGl1wJCCxQeRr9Iy,3 sessões|flamengo|lead|triagem|sem resposta,,2026-07-31 11:53,SISTEMA,TYPE_ACTIVITY_OPPORTUNITY,TYPE_ACTIVITY_OPPORTUNITY,app,Opportunity updated
bruna de araújo,,nodlsGl1wJCCxQeRr9Iy,3 sessões|flamengo|lead|triagem|sem resposta,,2026-07-31 12:16,HUMANO,Unidade fla@,TYPE_WHATSAPP,app,"Olá! aqui é a Giulia, operadora do Laser da unidade do Flamengo.

Para continuarmos, preciso concluir seu cadastro no sistema e após seu cadastro, você pode vir na unidade concluir e realizar sua sessão presente.

Pode me informar sua data de nascimento?"
bruna de araújo,,nodlsGl1wJCCxQeRr9Iy,3 sessões|flamengo|lead|triagem|sem resposta,,2026-08-14 14:30,SISTEMA,TYPE_ACTIVITY_OPPORTUNITY,TYPE_ACTIVITY_OPPORTUNITY,app,Opportunity updated
bruna de araújo,,nodlsGl1wJCCxQeRr9Iy,3 sessões|flamengo|lead|triagem|sem resposta,,2026-08-22 10:14,HUMANO,Unidade fla@,TYPE_WHATSAPP,app,Sua condição ainda está disponível no momento. Me chama para garantir. 😊
bruna marinho,,J2mlZhoo5p2Z706ytdLt,3 sessões|flamengo|lead|triagem|sem resposta,,2026-08-03 16:35,AUTOMAÇÃO,workflow,TYPE_WHATSAPP,workflow,"🎉 Parabéns! Você ganhou *3 sessões grátis* de depilação a laser com a *Pello Menos.*

Com o *Laser Hacok 4D* que acelera seus resultados e tem a ponteira resfriada garantindo o conforto em cada sessão.

Para liberar seu presente, digita aqui pra mim: *qual o seu nome completo?*"
bruna marinho,,J2mlZhoo5p2Z706ytdLt,3 sessões|flamengo|lead|triagem|sem resposta,,2026-08-03 16:35,CLIENTE,inbound,TYPE_WHATSAPP,,"*Headline:* Conheça a Pello Menos Flamengo
*Source URL:* https://www.instagram.com/p/Dadlk7tA4hY/

Olá! Gostaria de resgatar o voucher das 3 sessões de axilas ou buço, por favor.

Sou da Tijuca"
bruna marinho,,J2mlZhoo5p2Z706ytdLt,3 sessões|flamengo|lead|triagem|sem resposta,,2026-08-03 16:35,SISTEMA,TYPE_ACTIVITY_OPPORTUNITY,TYPE_ACTIVITY_OPPORTUNITY,app,Opportunity created
bruna marinho,,J2mlZhoo5p2Z706ytdLt,3 sessões|flamengo|lead|triagem|sem resposta,,2026-08-03 18:59,HUMANO,Unidade fla@,TYPE_WHATSAPP,app,"Nossa loja é no Flamengo. Caso queria buscar o voucher para as loja da Tijuca aconselho a ligar para o SAC.

Caso queria utilizar a loja do Flamengo, é só continuar o atendimento"
bruna marinho,,J2mlZhoo5p2Z706ytdLt,3 sessões|flamengo|lead|triagem|sem resposta,,2026-08-14 15:10,SISTEMA,TYPE_ACTIVITY_OPPORTUNITY,TYPE_ACTIVITY_OPPORTUNITY,app,Opportunity updated
carla blanca,,ENIZiWuVhqx2wWvEDmU7,3 sessões|flamengo|lead|triagem|reativado|em atendimento,,2026-07-16 09:54,AUTOMAÇÃO,workflow,TYPE_WHATSAPP,workflow,"🎉 Parabéns! Você ganhou *3 sessões grátis* de depilação a laser com a *Pello Menos.*

Com o *Laser Hacok 4D* que acelera seus resultados e tem a ponteira resfriada garantindo o conforto em cada sessão.

Para liberar seu presente, digita aqui pra mim: *qual o seu nome completo?*"
carla blanca,,ENIZiWuVhqx2wWvEDmU7,3 sessões|flamengo|lead|triagem|reativado|em atendimento,,2026-07-16 09:54,CLIENTE,inbound,TYPE_WHATSAPP,,"*Headline:* Conheça a Pello Menos Flamengo
*Source URL:* https://www.instagram.com/p/Dadli8cAIli/

Olá! Gostaria de resgatar o voucher das 3 sessões de axilas ou buço, por favor."
carla blanca,,ENIZiWuVhqx2wWvEDmU7,3 sessões|flamengo|lead|triagem|reativado|em atendimento,,2026-07-16 09:54,SISTEMA,TYPE_ACTIVITY_OPPORTUNITY,TYPE_ACTIVITY_OPPORTUNITY,app,Opportunity created
carla blanca,,ENIZiWuVhqx2wWvEDmU7,3 sessões|flamengo|lead|triagem|reativado|em atendimento,,2026-07-16 09:55,AUTOMAÇÃO,workflow,TYPE_WHATSAPP,workflow,"Aaah, prazer falar com você, Carla Blanca 😍

Eu sou a assistente virtual da Pello Menos, vou te ajudar por aqui rapidinho e já te encaminho para uma de nossas especialistas.

A Pello Menos é pioneira em depilação segura há mais de 28 anos, com o Laser Hakon 4D, que atua em quatro dimensões do pelo e garante mais conforto com ponteira a -12 °C.

Para eu fazer seu cadastro e lançar seu presente no nosso sistema, digita aqui seu CPF, por favor ⬇️"
carla blanca,,ENIZiWuVhqx2wWvEDmU7,3 sessões|flamengo|lead|triagem|reativado|em atendimento,,2026-07-16 09:55,AUTOMAÇÃO,workflow,TYPE_WHATSAPP,workflow,"Já anotei tudo aqui 💜
Agora só preciso que você me responda rapidinho sobre as contraindicações, para garantir sua segurança no tratamento, tudo bem?

1️⃣ Tem tatuagem ou cicatriz na área a ser tratada?
2️⃣ Possui pelos brancos, loiros ou ruivos na região?
3️⃣ Tem alguma doença diagnosticada? Se sim, qual?
4️⃣ Já teve algum tipo de câncer ?
5️⃣ Está usando algum medicamento atualmente?
6️⃣ Faz bronzeamento artificial com frequência?
7️⃣ Está grávida ou amamentando ?
8️⃣ Tem melasma ou outras condições na pele, como manchas ou sensibilidade?

👉 Se nenhuma das opções se aplicar a você, pode responder: ""Não para todas"". Assim, consigo Garantir o seu Presente com total segurança e tranquilidade! 😉

Só lembrando que esta é uma pre-anamnese, e quando for a loja para iniciar o seu tratamento precisará preencher a anamnese oficial com a profissional do laser ok?!"
carla blanca,,ENIZiWuVhqx2wWvEDmU7,3 sessões|flamengo|lead|triagem|reativado|em atendimento,,2026-07-16 09:55,CLIENTE,inbound,TYPE_WHATSAPP,,Carla Blanca
carla blanca,,ENIZiWuVhqx2wWvEDmU7,3 sessões|flamengo|lead|triagem|reativado|em atendimento,,2026-07-16 09:55,CLIENTE,inbound,TYPE_WHATSAPP,,Qual o endereço?
carla blanca,,ENIZiWuVhqx2wWvEDmU7,3 sessões|flamengo|lead|triagem|reativado|em atendimento,,2026-07-16 09:56,AUTOMAÇÃO,workflow,TYPE_WHATSAPP,workflow,"Perfeito! 😊
Já estou encaminhando suas informações para uma de nossas consultoras.

Enquanto isso, me conta: além da área que você ganhou de presente, tem alguma outra área que você gostaria de conhecer melhor, sem compromisso? 💜"
carla blanca,,ENIZiWuVhqx2wWvEDmU7,3 sessões|flamengo|lead|triagem|reativado|em atendimento,,2026-07-16 09:56,CLIENTE,inbound,TYPE_WHATSAPP,,Não gosto de passar por mensagens meu CPF
carla blanca,,ENIZiWuVhqx2wWvEDmU7,3 sessões|flamengo|lead|triagem|reativado|em atendimento,,2026-07-16 09:56,CLIENTE,inbound,TYPE_WHATSAPP,,"Rosto, pescoço"
carla blanca,,ENIZiWuVhqx2wWvEDmU7,3 sessões|flamengo|lead|triagem|reativado|em atendimento,,2026-07-16 09:56,SISTEMA,TYPE_ACTIVITY_OPPORTUNITY,TYPE_ACTIVITY_OPPORTUNITY,app,Opportunity updated
carla blanca,,ENIZiWuVhqx2wWvEDmU7,3 sessões|flamengo|lead|triagem|reativado|em atendimento,,2026-07-16 09:58,HUMANO,Unidade fla@,TYPE_WHATSAPP,app,"Olá Carla! aqui é a Giulia, operadora do Laser da unidade do Flamengo.

Para continuarmos, preciso concluir seu cadastro no sistema e após seu cadastro, você pode vir na unidade concluir e resgatar seu presente.

Pode me informar sua data de nascimento, cpf e nome completo, por gentileza?"
carla blanca,,ENIZiWuVhqx2wWvEDmU7,3 sessões|flamengo|lead|triagem|reativado|em atendimento,,2026-07-16 10:00,CLIENTE,inbound,TYPE_WHATSAPP,,"[sem texto]
[anexos: 1]"
carla blanca,,ENIZiWuVhqx2wWvEDmU7,3 sessões|flamengo|lead|triagem|reativado|em atendimento,,2026-07-16 10:03,CLIENTE,inbound,TYPE_WHATSAPP,,Obrigada
carla blanca,,ENIZiWuVhqx2wWvEDmU7,3 sessões|flamengo|lead|triagem|reativado|em atendimento,,2026-07-16 10:03,CLIENTE,inbound,TYPE_WHATSAPP,,Irei sim
carla blanca,,ENIZiWuVhqx2wWvEDmU7,3 sessões|flamengo|lead|triagem|reativado|em atendimento,,2026-07-16 10:03,HUMANO,Unidade fla@,TYPE_WHATSAPP,app,"A senhora pode vir na unidade dar as informações, se assim preferir. Rua Marquês de Abrantes, 209 - Flamengo

Tenha um ótimo dia."
carla blanca,,ENIZiWuVhqx2wWvEDmU7,3 sessões|flamengo|lead|triagem|reativado|em atendimento,,2026-07-29 12:05,SISTEMA,TYPE_ACTIVITY_OPPORTUNITY,TYPE_ACTIVITY_OPPORTUNITY,app,Opportunity updated
carla blanca,,ENIZiWuVhqx2wWvEDmU7,3 sessões|flamengo|lead|triagem|reativado|em atendimento,,2026-07-31 11:56,SISTEMA,TYPE_ACTIVITY_OPPORTUNITY,TYPE_ACTIVITY_OPPORTUNITY,app,Opportunity updated
carla blanca,,ENIZiWuVhqx2wWvEDmU7,3 sessões|flamengo|lead|triagem|reativado|em atendimento,,2026-08-04 11:25,CLIENTE,inbound,TYPE_WHATSAPP,,"*Headline:* Conheça a Pello Menos Flamengo
*Source URL:* https://www.instagram.com/p/Dadlk7tA4hY/

Olá! Gostaria de resgatar o voucher das 3 sessões de axilas ou buço, por favor."
carla blanca,,ENIZiWuVhqx2wWvEDmU7,3 sessões|flamengo|lead|triagem|reativado|em atendimento,,2026-08-04 11:25,SISTEMA,TYPE_ACTIVITY_OPPORTUNITY,TYPE_ACTIVITY_OPPORTUNITY,app,Opportunity updated
carla blanca,,ENIZiWuVhqx2wWvEDmU7,3 sessões|flamengo|lead|triagem|reativado|em atendimento,,2026-08-14 14:46,SISTEMA,TYPE_ACTIVITY_OPPORTUNITY,TYPE_ACTIVITY_OPPORTUNITY,app,Opportunity updated
carla blanca,,ENIZiWuVhqx2wWvEDmU7,3 sessões|flamengo|lead|triagem|reativado|em atendimento,,2026-08-22 10:34,HUMANO,Unidade fla@,TYPE_WHATSAPP,app,Oi! 🤩 Você recebeu uma indicação com direito a 3 sessões de axilas gratuitas. Me chama que te explico como garantir.
carla blanca,,ENIZiWuVhqx2wWvEDmU7,3 sessões|flamengo|lead|triagem|reativado|em atendimento,,2026-08-22 10:36,CLIENTE,inbound,TYPE_WHATSAPP,,Oi
carla blanca,,ENIZiWuVhqx2wWvEDmU7,3 sessões|flamengo|lead|triagem|reativado|em atendimento,,2026-08-22 10:36,SISTEMA,TYPE_ACTIVITY_OPPORTUNITY,TYPE_ACTIVITY_OPPORTUNITY,app,Opportunity updated
carlos messias,,1363dVwnB2pGG7gllSSf,outros descontos|flamengo|lead|triagem,,2026-09-21 10:16,AUTOMAÇÃO,workflow,TYPE_WHATSAPP,workflow,"Oi! Que bom te ver por aqui 🤩

Parabéns pela decisão de começar seu tratamento!

Aqui na Pello Menos usamos o HAKON 4D, que proporciona um resultado mais rápido e duradouro.

E o melhor: a ponteira é geladinha (-12°C), deixando a aplicação muito mais confortável e segura para todos os tipos de pele.

Me conta, qual o seu nome? 💬"
carlos messias,,1363dVwnB2pGG7gllSSf,outros descontos|flamengo|lead|triagem,,2026-09-21 10:16,CLIENTE,inbound,TYPE_WHATSAPP,,"*Headline:* Conheça a Pello Menos Flamengo
*Source URL:* https://www.instagram.com/p/DdbrGKDgUgt/

Garanta seu desconto nos nossos combos no mês de Setembro."
carlos messias,,1363dVwnB2pGG7gllSSf,outros descontos|flamengo|lead|triagem,,2026-09-21 10:16,SISTEMA,TYPE_ACTIVITY_OPPORTUNITY,TYPE_ACTIVITY_OPPORTUNITY,app,Opportunity created
carlos messias,,1363dVwnB2pGG7gllSSf,outros descontos|flamengo|lead|triagem,,2026-09-21 13:12,HUMANO,Unidade fla@,TYPE_WHATSAPP,app,"Olá, boa tarde, Carlos.

Quais as áreas que te incomodam?"
carlos messias,,1363dVwnB2pGG7gllSSf,outros descontos|flamengo|lead|triagem,,2026-09-21 23:45,CLIENTE,inbound,TYPE_WHATSAPP,,Peitoral
carlos messias,,1363dVwnB2pGG7gllSSf,outros descontos|flamengo|lead|triagem,,2026-09-22 10:00,HUMANO,Unidade fla@,TYPE_WHATSAPP,app,"Para a região do Tórax, estamos com 50% de desconto: de 1.420,00 por 10x de 71,00!"
carlos messias,,1363dVwnB2pGG7gllSSf,outros descontos|flamengo|lead|triagem,,2026-09-22 10:02,CLIENTE,inbound,TYPE_WHATSAPP,,Não quero depilação a laser
carlos messias,,1363dVwnB2pGG7gllSSf,outros descontos|flamengo|lead|triagem,,2026-09-22 10:02,HUMANO,Unidade fla@,TYPE_WHATSAPP,app,"e Tórax + Abdomen de 2.365,00 por 10x de 118,25"
carlos messias,,1363dVwnB2pGG7gllSSf,outros descontos|flamengo|lead|triagem,,2026-09-22 10:02,HUMANO,Unidade fla@,TYPE_WHATSAPP,app,"Além desses descontos, estamos também com Faixa de barba ou Axila por 94,90!"
carlos messias,,1363dVwnB2pGG7gllSSf,outros descontos|flamengo|lead|triagem,,2026-09-22 10:03,CLIENTE,inbound,TYPE_WHATSAPP,,Não quero depilação a laser
carlos messias,,1363dVwnB2pGG7gllSSf,outros descontos|flamengo|lead|triagem,,2026-09-22 10:03,CLIENTE,inbound,TYPE_WHATSAPP,,👆👆👆
carlos messias,,1363dVwnB2pGG7gllSSf,outros descontos|flamengo|lead|triagem,,2026-09-22 10:03,HUMANO,Unidade fla@,TYPE_WHATSAPP,app,Este contato é referente ao Laser da unidade Flamengo.
carlos messias,,1363dVwnB2pGG7gllSSf,outros descontos|flamengo|lead|triagem,,2026-09-22 10:04,CLIENTE,inbound,TYPE_WHATSAPP,,Quero depilação comum
carlos messias,,1363dVwnB2pGG7gllSSf,outros descontos|flamengo|lead|triagem,,2026-09-22 10:05,HUMANO,Unidade fla@,TYPE_WHATSAPP,app,"Depilação na Cera - Tórax 52,90."
carlos messias,,1363dVwnB2pGG7gllSSf,outros descontos|flamengo|lead|triagem,,2026-09-22 10:06,CLIENTE,inbound,TYPE_WHATSAPP,,Vcs têm uma unidade para atendimento masculino?
carlos messias,,1363dVwnB2pGG7gllSSf,outros descontos|flamengo|lead|triagem,,2026-09-22 10:19,HUMANO,Unidade fla@,TYPE_WHATSAPP,app,Nossa unidade do Flamengo oferece atendimento masculino
carlos messias,,1363dVwnB2pGG7gllSSf,outros descontos|flamengo|lead|triagem,,2026-09-22 10:41,CLIENTE,inbound,TYPE_WHATSAPP,,Ah tá
carlos messias,,1363dVwnB2pGG7gllSSf,outros descontos|flamengo|lead|triagem,,2026-09-22 10:42,CLIENTE,inbound,TYPE_WHATSAPP,,Fica aonde?
carlos messias,,1363dVwnB2pGG7gllSSf,outros descontos|flamengo|lead|triagem,,2026-09-22 11:03,HUMANO,Unidade fla@,TYPE_WHATSAPP,app,"Sem agendamentos, funcionamos sem hora marcada - Rua Marquês de Abrantes, 209 - Flamengo"
carlos messias,,1363dVwnB2pGG7gllSSf,outros descontos|flamengo|lead|triagem,,2026-09-22 11:41,CLIENTE,inbound,TYPE_WHATSAPP,,É perto do metrô?
carlos messias,,1363dVwnB2pGG7gllSSf,outros descontos|flamengo|lead|triagem,,2026-09-22 11:47,HUMANO,Unidade fla@,TYPE_WHATSAPP,app,supermercado Hortifruti - https://maps.app.goo.gl/i2kxW3bCmqDMW2qx7
carol albuquerque,,SSAGy1GdqMPbcnibDyVB,3 sessões|flamengo|lead|triagem|sem resposta,,2026-07-01 17:50,AUTOMAÇÃO,workflow,TYPE_WHATSAPP,workflow,"🎉 Parabéns! Você ganhou *3 sessões grátis* de depilação a laser com a *Pello Menos.*

Com o *Laser Hacok 4D* que acelera seus resultados e tem a ponteira resfriada garantindo o conforto em cada sessão.

Para liberar seu presente, digita aqui pra mim: *qual o seu nome completo?*"
carol albuquerque,,SSAGy1GdqMPbcnibDyVB,3 sessões|flamengo|lead|triagem|sem resposta,,2026-07-01 17:50,CLIENTE,inbound,TYPE_WHATSAPP,,"*Headline:* Conheça a Pello Menos Flamengo
*Source URL:* https://www.instagram.com/p/DZ79xG9gPZw/

Olá! Gostaria de resgatar o voucher das 3 sessões de axilas ou buço, por favor."
carol albuquerque,,SSAGy1GdqMPbcnibDyVB,3 sessões|flamengo|lead|triagem|sem resposta,,2026-07-01 17:50,SISTEMA,TYPE_ACTIVITY_OPPORTUNITY,TYPE_ACTIVITY_OPPORTUNITY,app,Opportunity created
carol albuquerque,,SSAGy1GdqMPbcnibDyVB,3 sessões|flamengo|lead|triagem|sem resposta,,2026-07-14 11:18,SISTEMA,TYPE_ACTIVITY_OPPORTUNITY,TYPE_ACTIVITY_OPPORTUNITY,app,Opportunity updated
carol albuquerque,,SSAGy1GdqMPbcnibDyVB,3 sessões|flamengo|lead|triagem|sem resposta,,2026-08-22 10:41,HUMANO,Unidade fla@,TYPE_WHATSAPP,app,"Depilação a Laser - Condição Especial

Oi! 😊 Passando para saber se você ainda tem interesse em fazer sua depilação a laser. Vi que nossa conversa acabou ficando parada e quis te chamar porque posso verificar se ainda temos uma condição especial para você. Se fizer sentido, me chama que te explico rapidinho! 💜"
chris oliveira,,Gay6UFYm6Wkvynn2eASi,3 sessões|flamengo|lead|triagem|em atendimento,,2026-09-04 12:24,AUTOMAÇÃO,workflow,TYPE_WHATSAPP,workflow,"🎉 Parabéns! Você ganhou *3 sessões grátis* de depilação a laser com a *Pello Menos.*

Com o *Laser Hacok 4D* que acelera seus resultados e tem a ponteira resfriada garantindo o conforto em cada sessão.

Para liberar seu presente, digita aqui pra mim: *qual o seu nome completo?*"
chris oliveira,,Gay6UFYm6Wkvynn2eASi,3 sessões|flamengo|lead|triagem|em atendimento,,2026-09-04 12:24,CLIENTE,inbound,TYPE_WHATSAPP,,"*Headline:* Conheça a Pello Menos Flamengo
*Source URL:* https://www.instagram.com/p/Dbs61qhgMjk/

Olá! Gostaria de resgatar o voucher das 3 sessões de axilas ou buço, por favor."
chris oliveira,,Gay6UFYm6Wkvynn2eASi,3 sessões|flamengo|lead|triagem|em atendimento,,2026-09-04 12:24,SISTEMA,TYPE_ACTIVITY_OPPORTUNITY,TYPE_ACTIVITY_OPPORTUNITY,app,Opportunity created
chris oliveira,,Gay6UFYm6Wkvynn2eASi,3 sessões|flamengo|lead|triagem|em atendimento,,2026-09-04 12:25,AUTOMAÇÃO,workflow,TYPE_WHATSAPP,workflow,"Aaah, prazer falar com você, Chris Oliveira 😍

Eu sou a assistente virtual da Pello Menos, vou te ajudar por aqui rapidinho e já te encaminho para uma de nossas especialistas.

A Pello Menos é pioneira em depilação segura há mais de 28 anos, com o Laser Hakon 4D, que atua em quatro dimensões do pelo e garante mais conforto com ponteira a -12 °C.

Para eu fazer seu cadastro e lançar seu presente no nosso sistema, digita aqui seu CPF, por favor ⬇️"
chris oliveira,,Gay6UFYm6Wkvynn2eASi,3 sessões|flamengo|lead|triagem|em atendimento,,2026-09-04 12:25,AUTOMAÇÃO,workflow,TYPE_WHATSAPP,workflow,"Já anotei tudo aqui 💜
Agora só preciso que você me responda rapidinho sobre as contraindicações, para garantir sua segurança no tratamento, tudo bem?

1️⃣ Tem tatuagem ou cicatriz na área a ser tratada?
2️⃣ Possui pelos brancos, loiros ou ruivos na região?
3️⃣ Tem alguma doença diagnosticada? Se sim, qual?
4️⃣ Já teve algum tipo de câncer ?
5️⃣ Está usando algum medicamento atualmente?
6️⃣ Faz bronzeamento artificial com frequência?
7️⃣ Está grávida ou amamentando ?
8️⃣ Tem melasma ou outras condições na pele, como manchas ou sensibilidade?

👉 Se nenhuma das opções se aplicar a você, pode responder: ""Não para todas"". Assim, consigo Garantir o seu Presente com total segurança e tranquilidade! 😉

Só lembrando que esta é uma pre-anamnese, e quando for a loja para iniciar o seu tratamento precisará preencher a anamnese oficial com a profissional do laser ok?!"
chris oliveira,,Gay6UFYm6Wkvynn2eASi,3 sessões|flamengo|lead|triagem|em atendimento,,2026-09-04 12:25,CLIENTE,inbound,TYPE_WHATSAPP,,Chris Oliveira
chris oliveira,,Gay6UFYm6Wkvynn2eASi,3 sessões|flamengo|lead|triagem|em atendimento,,2026-09-04 12:25,CLIENTE,inbound,TYPE_WHATSAPP,,Onde será
chris oliveira,,Gay6UFYm6Wkvynn2eASi,3 sessões|flamengo|lead|triagem|em atendimento,,2026-09-04 12:26,AUTOMAÇÃO,workflow,TYPE_WHATSAPP,workflow,"Perfeito! 😊
Já estou encaminhando suas informações para uma de nossas consultoras.

Enquanto isso, me conta: além da área que você ganhou de presente, tem alguma outra área que você gostaria de conhecer melhor, sem compromisso? 💜"
chris oliveira,,Gay6UFYm6Wkvynn2eASi,3 sessões|flamengo|lead|triagem|em atendimento,,2026-09-04 12:26,CLIENTE,inbound,TYPE_WHATSAPP,,Não para todas
chris oliveira,,Gay6UFYm6Wkvynn2eASi,3 sessões|flamengo|lead|triagem|em atendimento,,2026-09-04 12:26,SISTEMA,TYPE_ACTIVITY_OPPORTUNITY,TYPE_ACTIVITY_OPPORTUNITY,app,Opportunity updated
chris oliveira,,Gay6UFYm6Wkvynn2eASi,3 sessões|flamengo|lead|triagem|em atendimento,,2026-09-04 12:27,CLIENTE,inbound,TYPE_WHATSAPP,,Quero o brinde
chris oliveira,,Gay6UFYm6Wkvynn2eASi,3 sessões|flamengo|lead|triagem|em atendimento,,2026-09-04 14:12,HUMANO,Unidade fla@,TYPE_WHATSAPP,app,"Olá Chris! aqui é a Giulia, operadora do Laser da unidade do Flamengo."
chris oliveira,,Gay6UFYm6Wkvynn2eASi,3 sessões|flamengo|lead|triagem|em atendimento,,2026-09-04 14:13,HUMANO,Unidade fla@,TYPE_WHATSAPP,app,"Para continuarmos, preciso concluir seu cadastro no sistema e após seu cadastro, você pode vir na unidade realizar sua sessão presente.

Pode me informar sua data de nascimento, cpf e nome completo?"
chris oliveira,,Gay6UFYm6Wkvynn2eASi,3 sessões|flamengo|lead|triagem|em atendimento,,2026-09-15 11:31,HUMANO,Unidade fla@,TYPE_WHATSAPP,app,Sua condição ainda está disponível no momento. Me chama para garantir. 😊
cintia ferreira,,z7gPiNqMffU8ugcEE66k,flamengo|triagem|sem resposta,,2026-05-27 09:54,AUTOMAÇÃO,workflow,TYPE_WHATSAPP,workflow,"Oi! Que bom te ver por aqui 🤩

Parabéns pela decisão de começar seu tratamento!

Aqui na Pello Menos usamos o HAKON 4D, que proporciona um resultado mais rápido e duradouro.

E o melhor: a ponteira é geladinha (-12°C), deixando a aplicação muito mais confortável e segura para todos os tipos de pele.

Me conta, qual o seu nome? 💬"
cintia ferreira,,z7gPiNqMffU8ugcEE66k,flamengo|triagem|sem resposta,,2026-05-27 09:54,CLIENTE,inbound,TYPE_WHATSAPP,,"*Headline:* Conheça a Pello Menos Flamengo
*Source URL:* https://www.instagram.com/p/DYz_d3QgKlw/

Olá! Garanta seu desconto no combo Virilha Total + Interglúteos."
cintia ferreira,,z7gPiNqMffU8ugcEE66k,flamengo|triagem|sem resposta,,2026-05-27 09:54,CLIENTE,inbound,TYPE_WHATSAPP,,Cintia
cintia ferreira,,z7gPiNqMffU8ugcEE66k,flamengo|triagem|sem resposta,,2026-05-27 09:54,SISTEMA,TYPE_ACTIVITY_OPPORTUNITY,TYPE_ACTIVITY_OPPORTUNITY,app,Opportunity created
cintia ferreira,,z7gPiNqMffU8ugcEE66k,flamengo|triagem|sem resposta,,2026-05-27 10:01,AUTOMAÇÃO,workflow,TYPE_WHATSAPP,workflow,"Aaah, prazer falar com você, Cintia Ferreira 😍

Muito obrigada pelas informações!
Eu sou a assistente virtual da Pello Menos, vou te ajudar por aqui rapidinho e já te encaminho para uma das nossas especialistas, tá?

Só pra você saber, a Pello Menos é pioneira em depilação feminina no Brasil, há mais de 30 anos cuidando de mulheres com excelência ✨

Vi que você clicou no nosso anúncio 👀
Me conta só uma coisinha pra gente te direcionar melhor…

Quais regiões mais te incomodam hoje e que você gostaria de se livrar dos pelinhos de vez? 💬"
cintia ferreira,,z7gPiNqMffU8ugcEE66k,flamengo|triagem|sem resposta,,2026-05-27 16:37,HUMANO,Unidade Flamengo Pello Menos - 2,TYPE_WHATSAPP,app,"Olá! Me chamo Giulia, sou a biomédica responsável da unidade do flamengo."
cintia ferreira,,z7gPiNqMffU8ugcEE66k,flamengo|triagem|sem resposta,,2026-05-27 16:38,HUMANO,Unidade Flamengo Pello Menos - 2,TYPE_WHATSAPP,app,🔥PROMOÇÃO RELÂMPAGO🔥
cintia ferreira,,z7gPiNqMffU8ugcEE66k,flamengo|triagem|sem resposta,,2026-05-27 16:39,HUMANO,Unidade Flamengo Pello Menos - 2,TYPE_WHATSAPP,app,"Virilha total + interglúteos: 10x de 104,50"
cintia ferreira,,z7gPiNqMffU8ugcEE66k,flamengo|triagem|sem resposta,,2026-05-28 15:55,CLIENTE,inbound,TYPE_WHATSAPP,,"*Headline:* Conheça a Pello Menos Flamengo
*Source URL:* https://www.instagram.com/p/DYz_d3QgKlw/

Olá"
cintia ferreira,,z7gPiNqMffU8ugcEE66k,flamengo|triagem|sem resposta,,2026-05-28 15:55,CLIENTE,inbound,TYPE_WHATSAPP,,Gostaria de saber o valor do pacote para depilação a laser da virilha (total)
cintia ferreira,,z7gPiNqMffU8ugcEE66k,flamengo|triagem|sem resposta,,2026-05-28 16:26,HUMANO,Unidade Flamengo Pello Menos - 2,TYPE_WHATSAPP,app,"Olá, boa tarde! Virilha total você ganha o interglúteo. Valor: 10x de 104,50"
cintia ferreira,,z7gPiNqMffU8ugcEE66k,flamengo|triagem|sem resposta,,2026-05-28 16:27,CLIENTE,inbound,TYPE_WHATSAPP,,Para qualquer loja ou só no Flamengo?
cintia ferreira,,z7gPiNqMffU8ugcEE66k,flamengo|triagem|sem resposta,,2026-05-28 16:27,HUMANO,Unidade Flamengo Pello Menos - 2,TYPE_WHATSAPP,app,Qualquer unidade Pellomenos
cintia ferreira,,z7gPiNqMffU8ugcEE66k,flamengo|triagem|sem resposta,,2026-07-14 11:20,SISTEMA,TYPE_ACTIVITY_OPPORTUNITY,TYPE_ACTIVITY_OPPORTUNITY,app,Opportunity updated
cintia ferreira,,z7gPiNqMffU8ugcEE66k,flamengo|triagem|sem resposta,,2026-07-14 11:20,SISTEMA,TYPE_ACTIVITY_OPPORTUNITY,TYPE_ACTIVITY_OPPORTUNITY,app,Opportunity status changed
cintia ferreira,,z7gPiNqMffU8ugcEE66k,flamengo|triagem|sem resposta,,2026-07-14 11:20,SISTEMA,TYPE_ACTIVITY_OPPORTUNITY,TYPE_ACTIVITY_OPPORTUNITY,app,Opportunity updated
claudinha73,,2946SiJZfjEldS2OUBQE,outros descontos|flamengo|lead|triagem|sem resposta,,2026-07-11 14:38,AUTOMAÇÃO,workflow,TYPE_WHATSAPP,workflow,"Oi! Que bom te ver por aqui 🤩

Parabéns pela decisão de começar seu tratamento!

Aqui na Pello Menos usamos o HAKON 4D, que proporciona um resultado mais rápido e duradouro.

E o melhor: a ponteira é geladinha (-12°C), deixando a aplicação muito mais confortável e segura para todos os tipos de pele.

Me conta, qual o seu nome? 💬"
claudinha73,,2946SiJZfjEldS2OUBQE,outros descontos|flamengo|lead|triagem|sem resposta,,2026-07-11 14:38,CLIENTE,inbound,TYPE_WHATSAPP,,"*Headline:* Conheça a Pello Menos Flamengo
*Source URL:* https://fb.me/7amfOvsO3

Garanta seu desconto nos nossos combos no mês de Julho."
claudinha73,,2946SiJZfjEldS2OUBQE,outros descontos|flamengo|lead|triagem|sem resposta,,2026-07-11 14:38,SISTEMA,TYPE_ACTIVITY_OPPORTUNITY,TYPE_ACTIVITY_OPPORTUNITY,app,Opportunity created
claudinha73,,2946SiJZfjEldS2OUBQE,outros descontos|flamengo|lead|triagem|sem resposta,,2026-07-11 17:01,HUMANO,Unidade fla@,TYPE_WHATSAPP,app,"Olá, para darmos melhores informações, precisamos saber um pouco mais de você.

Qual seu nome? Já é cliente Pellomenos?"
claudinha73,,2946SiJZfjEldS2OUBQE,outros descontos|flamengo|lead|triagem|sem resposta,,2026-07-14 11:10,SISTEMA,TYPE_ACTIVITY_OPPORTUNITY,TYPE_ACTIVITY_OPPORTUNITY,app,Opportunity updated
claudinha73,,2946SiJZfjEldS2OUBQE,outros descontos|flamengo|lead|triagem|sem resposta,,2026-07-14 11:11,SISTEMA,TYPE_ACTIVITY_OPPORTUNITY,TYPE_ACTIVITY_OPPORTUNITY,app,Opportunity updated
claudinha73,,2946SiJZfjEldS2OUBQE,outros descontos|flamengo|lead|triagem|sem resposta,,2026-07-15 10:40,SISTEMA,TYPE_ACTIVITY_OPPORTUNITY,TYPE_ACTIVITY_OPPORTUNITY,app,Opportunity updated
claudinha73,,2946SiJZfjEldS2OUBQE,outros descontos|flamengo|lead|triagem|sem resposta,,2026-07-29 12:55,SISTEMA,TYPE_ACTIVITY_OPPORTUNITY,TYPE_ACTIVITY_OPPORTUNITY,app,Opportunity updated
claudinha73,,2946SiJZfjEldS2OUBQE,outros descontos|flamengo|lead|triagem|sem resposta,,2026-07-30 18:01,HUMANO,Unidade fla@,TYPE_WHATSAPP,app,"Olá! aqui é a Giulia!

Sou a operadora do Laser da unidade do Flamengo e vou estar dando continuidade no seu atendimento!
Aproveite as oportunidades dos combos de Julho, válidos até 31/07! Vou te apresentar os combos:
🌸Combo 1: Virilha total + 1/2 perna: 10x de 164,80
🌸Combo 2: Virilha cavada + 1/2 perna: 10x de 152,80
🌸Combo 3: Virilha comum + 1/2 perna: 10x de 134,00
Fechando qualquer combo, ganhe de brinde: axila ou buço!

O que achou dessa oportunidade?"
claudinha73,,2946SiJZfjEldS2OUBQE,outros descontos|flamengo|lead|triagem|sem resposta,,2026-08-21 11:43,SISTEMA,TYPE_ACTIVITY_OPPORTUNITY,TYPE_ACTIVITY_OPPORTUNITY,app,Opportunity updated
claudinha73,,2946SiJZfjEldS2OUBQE,outros descontos|flamengo|lead|triagem|sem resposta,,2026-08-22 10:35,HUMANO,Unidade fla@,TYPE_WHATSAPP,app,Sua condição ainda está disponível no momento. Me chama para garantir. 😊
cristiane pereira barbosa alves,,YfmznfNDvGYT6TqPXt0L,3 sessões|flamengo|lead|triagem|reativado|em atendimento,,2026-07-15 11:43,AUTOMAÇÃO,workflow,TYPE_WHATSAPP,workflow,"🎉 Parabéns! Você ganhou *3 sessões grátis* de depilação a laser com a *Pello Menos.*

Com o *Laser Hacok 4D* que acelera seus resultados e tem a ponteira resfriada garantindo o conforto em cada sessão.

Para liberar seu presente, digita aqui pra mim: *qual o seu nome completo?*"
cristiane pereira barbosa alves,,YfmznfNDvGYT6TqPXt0L,3 sessões|flamengo|lead|triagem|reativado|em atendimento,,2026-07-15 11:43,CLIENTE,inbound,TYPE_WHATSAPP,,"*Headline:* Conheça a Pello Menos Flamengo
*Source URL:* https://www.instagram.com/p/Dadli8cAIli/

Olá! Gostaria de resgatar o voucher das 3 sessões de axilas ou buço, por favor."
cristiane pereira barbosa alves,,YfmznfNDvGYT6TqPXt0L,3 sessões|flamengo|lead|triagem|reativado|em atendimento,,2026-07-15 11:43,CLIENTE,inbound,TYPE_WHATSAPP,,Cristiane Pereira Barbosa Alves
cristiane pereira barbosa alves,,YfmznfNDvGYT6TqPXt0L,3 sessões|flamengo|lead|triagem|reativado|em atendimento,,2026-07-15 11:43,SISTEMA,TYPE_ACTIVITY_OPPORTUNITY,TYPE_ACTIVITY_OPPORTUNITY,app,Opportunity created
cristiane pereira barbosa alves,,YfmznfNDvGYT6TqPXt0L,3 sessões|flamengo|lead|triagem|reativado|em atendimento,,2026-07-15 11:44,AUTOMAÇÃO,workflow,TYPE_WHATSAPP,workflow,"Aaah, prazer falar com você, Cristiane Pereira Barbosa Alves 😍

Eu sou a assistente virtual da Pello Menos, vou te ajudar por aqui rapidinho e já te encaminho para uma de nossas especialistas.

A Pello Menos é pioneira em depilação segura há mais de 28 anos, com o Laser Hakon 4D, que atua em quatro dimensões do pelo e garante mais conforto com ponteira a -12 °C.

Para eu fazer seu cadastro e lançar seu presente no nosso sistema, digita aqui seu CPF, por favor ⬇️"
cristiane pereira barbosa alves,,YfmznfNDvGYT6TqPXt0L,3 sessões|flamengo|lead|triagem|reativado|em atendimento,,2026-07-15 11:44,AUTOMAÇÃO,workflow,TYPE_WHATSAPP,workflow,"Já anotei tudo aqui 💜
Agora só preciso que você me responda rapidinho sobre as contraindicações, para garantir sua segurança no tratamento, tudo bem?

1️⃣ Tem tatuagem ou cicatriz na área a ser tratada?
2️⃣ Possui pelos brancos, loiros ou ruivos na região?
3️⃣ Tem alguma doença diagnosticada? Se sim, qual?
4️⃣ Já teve algum tipo de câncer ?
5️⃣ Está usando algum medicamento atualmente?
6️⃣ Faz bronzeamento artificial com frequência?
7️⃣ Está grávida ou amamentando ?
8️⃣ Tem melasma ou outras condições na pele, como manchas ou sensibilidade?

👉 Se nenhuma das opções se aplicar a você, pode responder: ""Não para todas"". Assim, consigo Garantir o seu Presente com total segurança e tranquilidade! 😉

Só lembrando que esta é uma pre-anamnese, e quando for a loja para iniciar o seu tratamento precisará preencher a anamnese oficial com a profissional do laser ok?!"
cristiane pereira barbosa alves,,YfmznfNDvGYT6TqPXt0L,3 sessões|flamengo|lead|triagem|reativado|em atendimento,,2026-07-15 11:44,CLIENTE,inbound,TYPE_WHATSAPP,,131.010.607-02
cristiane pereira barbosa alves,,YfmznfNDvGYT6TqPXt0L,3 sessões|flamengo|lead|triagem|reativado|em atendimento,,2026-07-15 11:45,AUTOMAÇÃO,workflow,TYPE_WHATSAPP,workflow,"Perfeito! 😊
Já estou encaminhando suas informações para uma de nossas consultoras.

Enquanto isso, me conta: além da área que você ganhou de presente, tem alguma outra área que você gostaria de conhecer melhor, sem compromisso? 💜"
cristiane pereira barbosa alves,,YfmznfNDvGYT6TqPXt0L,3 sessões|flamengo|lead|triagem|reativado|em atendimento,,2026-07-15 11:45,CLIENTE,inbound,TYPE_WHATSAPP,,Não para todas
cristiane pereira barbosa alves,,YfmznfNDvGYT6TqPXt0L,3 sessões|flamengo|lead|triagem|reativado|em atendimento,,2026-07-15 11:45,CLIENTE,inbound,TYPE_WHATSAPP,,Virilha e ânus
cristiane pereira barbosa alves,,YfmznfNDvGYT6TqPXt0L,3 sessões|flamengo|lead|triagem|reativado|em atendimento,,2026-07-15 11:45,SISTEMA,TYPE_ACTIVITY_OPPORTUNITY,TYPE_ACTIVITY_OPPORTUNITY,app,Opportunity updated
cristiane pereira barbosa alves,,YfmznfNDvGYT6TqPXt0L,3 sessões|flamengo|lead|triagem|reativado|em atendimento,,2026-07-15 11:53,HUMANO,Unidade fla@,TYPE_WHATSAPP,app,"Olá Giovanna, aqui é a Giulia, operadora do Laser da unidade do Flamengo."
cristiane pereira barbosa alves,,YfmznfNDvGYT6TqPXt0L,3 sessões|flamengo|lead|triagem|reativado|em atendimento,,2026-07-15 11:59,HUMANO,Unidade fla@,TYPE_WHATSAPP,app,*Cristiane!
cristiane pereira barbosa alves,,YfmznfNDvGYT6TqPXt0L,3 sessões|flamengo|lead|triagem|reativado|em atendimento,,2026-07-15 11:59,HUMANO,Unidade fla@,TYPE_WHATSAPP,app,"Estamos com uma ótima oportunidade para Virilha total que é inclusa a região do ânus. 
🌸Combo promocional (Virilha total + 1/2 perna) ganha a região do buço ou axila: de 1.648,00 por apenas 10x de 164,80!
🌸E apenas virilha total com 50% de desconto: de 2.090,00 por 10x de 104,50!"
cristiane pereira barbosa alves,,YfmznfNDvGYT6TqPXt0L,3 sessões|flamengo|lead|triagem|reativado|em atendimento,,2026-07-15 12:01,HUMANO,Unidade fla@,TYPE_WHATSAPP,app,O que achou dessa oportunidade?
cristiane pereira barbosa alves,,YfmznfNDvGYT6TqPXt0L,3 sessões|flamengo|lead|triagem|reativado|em atendimento,,2026-07-29 12:07,SISTEMA,TYPE_ACTIVITY_OPPORTUNITY,TYPE_ACTIVITY_OPPORTUNITY,app,Opportunity updated
cristiane pereira barbosa alves,,YfmznfNDvGYT6TqPXt0L,3 sessões|flamengo|lead|triagem|reativado|em atendimento,,2026-08-21 13:01,CLIENTE,inbound,TYPE_WHATSAPP,,"*Headline:* Conheça a Pello Menos Estrada dos Bandeirantes
*Source URL:* https://www.instagram.com/p/DaV0dktgof5/

Olá! Gostaria de resgatar o voucher das 3 sessões de axilas ou buço, por favor."
cristiane pereira barbosa alves,,YfmznfNDvGYT6TqPXt0L,3 sessões|flamengo|lead|triagem|reativado|em atendimento,,2026-08-21 13:01,SISTEMA,TYPE_ACTIVITY_OPPORTUNITY,TYPE_ACTIVITY_OPPORTUNITY,app,Opportunity updated
cristiane pereira barbosa alves,,YfmznfNDvGYT6TqPXt0L,3 sessões|flamengo|lead|triagem|reativado|em atendimento,,2026-08-21 15:28,HUMANO,Unidade fla@,TYPE_WHATSAPP,app,"Boa tarde, esse contato é referente à unidade do Flamengo. Solicito que busque o nosso SAC para que consiga aproveitar os descontos de outras unidades. 0800 282 1233"
cátia,,pxn3qFWpz3vZy5umCFK4,outros descontos|flamengo|lead|triagem|sem resposta,,2026-08-04 07:14,AUTOMAÇÃO,workflow,TYPE_WHATSAPP,workflow,"Oi! Que bom te ver por aqui 🤩

Parabéns pela decisão de começar seu tratamento!

Aqui na Pello Menos usamos o HAKON 4D, que proporciona um resultado mais rápido e duradouro.

E o melhor: a ponteira é geladinha (-12°C), deixando a aplicação muito mais confortável e segura para todos os tipos de pele.

Me conta, qual o seu nome? 💬"
cátia,,pxn3qFWpz3vZy5umCFK4,outros descontos|flamengo|lead|triagem|sem resposta,,2026-08-04 07:14,CLIENTE,inbound,TYPE_WHATSAPP,,"*Headline:* Conheça a Pello Menos Flamengo
*Source URL:* https://fb.me/a9cHJHK3x

Garanta seu desconto nos nossos combos no mês de Julho."
cátia,,pxn3qFWpz3vZy5umCFK4,outros descontos|flamengo|lead|triagem|sem resposta,,2026-08-04 07:14,SISTEMA,TYPE_ACTIVITY_OPPORTUNITY,TYPE_ACTIVITY_OPPORTUNITY,app,Opportunity created
cátia,,pxn3qFWpz3vZy5umCFK4,outros descontos|flamengo|lead|triagem|sem resposta,,2026-08-14 15:10,SISTEMA,TYPE_ACTIVITY_OPPORTUNITY,TYPE_ACTIVITY_OPPORTUNITY,app,Opportunity updated
cátia,,pxn3qFWpz3vZy5umCFK4,outros descontos|flamengo|lead|triagem|sem resposta,,2026-08-22 10:12,HUMANO,Unidade fla@,TYPE_WHATSAPP,app,Sua condição ainda está disponível no momento. Me chama para garantir. 😊
célia 🌻,,IHOKPpVkfS3DxKLJRmll,3 sessões|flamengo|lead|triagem|sem resposta,,2026-06-23 09:33,AUTOMAÇÃO,workflow,TYPE_WHATSAPP,workflow,"🎉 Parabéns! Você ganhou *3 sessões grátis* de depilação a laser com a *Pello Menos.*

Com o *Laser Hacok 4D* que acelera seus resultados e tem a ponteira resfriada garantindo o conforto em cada sessão.

Para liberar seu presente, digita aqui pra mim: *qual o seu nome completo?*"
célia 🌻,,IHOKPpVkfS3DxKLJRmll,3 sessões|flamengo|lead|triagem|sem resposta,,2026-06-23 09:33,CLIENTE,inbound,TYPE_WHATSAPP,,"*Headline:* Conheça a Pello Menos Flamengo
*Source URL:* https://www.instagram.com/p/DYz_fD1AEPu/

Olá! Gostaria de resgatar o voucher das 3 sessões de axilas ou buço, por favor."
célia 🌻,,IHOKPpVkfS3DxKLJRmll,3 sessões|flamengo|lead|triagem|sem resposta,,2026-06-23 09:33,SISTEMA,TYPE_ACTIVITY_OPPORTUNITY,TYPE_ACTIVITY_OPPORTUNITY,app,Opportunity created
célia 🌻,,IHOKPpVkfS3DxKLJRmll,3 sessões|flamengo|lead|triagem|sem resposta,,2026-07-14 11:19,SISTEMA,TYPE_ACTIVITY_OPPORTUNITY,TYPE_ACTIVITY_OPPORTUNITY,app,Opportunity updated
célia 🌻,,IHOKPpVkfS3DxKLJRmll,3 sessões|flamengo|lead|triagem|sem resposta,,2026-08-22 10:44,HUMANO,Unidade fla@,TYPE_WHATSAPP,app,"Depilação a Laser - Condição Especial

Oi! 😊 Passando para saber se você ainda tem interesse em fazer sua depilação a laser. Vi que nossa conversa acabou ficando parada e quis te chamar porque posso verificar se ainda temos uma condição especial para você. Se fizer sentido, me chama que te explico rapidinho! 💜"
cínthya xavier🤪,,KMvtpAP6Aof6OOjmVvq1,flamengo|lead|triagem,,2026-09-15 10:13,CLIENTE,inbound,TYPE_WHATSAPP,,"*Headline:* Conheça a Pello Menos Flamengo
*Source URL:* https://fb.me/acmMjGbqg

Olá! Gostaria de conhecer o trabalho de vocês"
cínthya xavier🤪,,KMvtpAP6Aof6OOjmVvq1,flamengo|lead|triagem,,2026-09-15 10:13,SISTEMA,TYPE_ACTIVITY_OPPORTUNITY,TYPE_ACTIVITY_OPPORTUNITY,app,Opportunity created
cínthya xavier🤪,,KMvtpAP6Aof6OOjmVvq1,flamengo|lead|triagem,,2026-09-15 11:03,HUMANO,Unidade fla@,TYPE_WHATSAPP,app,"*R$ 94,90 por mês 💜
*
10 sessões de axilas com tratamento completo!

Mais praticidade, conforto e resultado definitivo ✨

Digite EU QUERO para garantir essa condição agora 🔥"
cínthya xavier🤪,,KMvtpAP6Aof6OOjmVvq1,flamengo|lead|triagem,,2026-09-15 11:06,HUMANO,Unidade fla@,TYPE_WHATSAPP,app,"Olá! aqui é a Giulia, operadora do Laser da unidade do Flamengo."
cínthya xavier🤪,,KMvtpAP6Aof6OOjmVvq1,flamengo|lead|triagem,,2026-09-15 11:07,CLIENTE,inbound,TYPE_WHATSAPP,,Virilha
cínthya xavier🤪,,KMvtpAP6Aof6OOjmVvq1,flamengo|lead|triagem,,2026-09-15 11:07,HUMANO,Unidade fla@,TYPE_WHATSAPP,app,Tem alguma região que te incomoda hoje Cinthya?
cínthya xavier🤪,,KMvtpAP6Aof6OOjmVvq1,flamengo|lead|triagem,,2026-09-15 11:13,HUMANO,Unidade fla@,TYPE_WHATSAPP,app,"Estamos com uma ótima oportunidade para a região da virilha neste mês de Setembro:

🌸 Compre Virilha total e ganhe 🎁Interglúteos + Cóccox + Psd P (faixa abaixo do umbigo) + Axilas"
cínthya xavier🤪,,KMvtpAP6Aof6OOjmVvq1,flamengo|lead|triagem,,2026-09-15 11:13,HUMANO,Unidade fla@,TYPE_WHATSAPP,app,Lembrando que essa oportunidade é exclusiva para a nossa unidade do Flamengo
cínthya xavier🤪,,KMvtpAP6Aof6OOjmVvq1,flamengo|lead|triagem,,2026-09-15 11:14,HUMANO,Unidade fla@,TYPE_WHATSAPP,app,O que achou dessa oportunidade Cinthya?
cínthya xavier🤪,,KMvtpAP6Aof6OOjmVvq1,flamengo|lead|triagem,,2026-09-15 11:15,CLIENTE,inbound,TYPE_WHATSAPP,,Queria uma unidade próxima de mim desculpe
cínthya xavier🤪,,KMvtpAP6Aof6OOjmVvq1,flamengo|lead|triagem,,2026-09-15 11:15,HUMANO,Unidade fla@,TYPE_WHATSAPP,app,"Por apenas 10x de 94,50!"
cínthya xavier🤪,,KMvtpAP6Aof6OOjmVvq1,flamengo|lead|triagem,,2026-09-15 11:37,HUMANO,Unidade fla@,TYPE_WHATSAPP,app,Esse contato é referente à unidade do Flamengo. Solicito que busque o nosso SAC para que consiga aproveitar os descontos de outras unidades. 0800 282 1233
daniela alejandra lasso latorre,,qZeUQc8gDXwwyiHTxyS7,flamengo|sem resposta,,2026-06-13 10:31,AUTOMAÇÃO,workflow,TYPE_WHATSAPP,workflow,"Oi! Que bom te ver por aqui 🤩

Parabéns pela decisão de começar seu tratamento!

Aqui na Pello Menos usamos o HAKON 4D, que proporciona um resultado mais rápido e duradouro.

E o melhor: a ponteira é geladinha (-12°C), deixando a aplicação muito mais confortável e segura para todos os tipos de pele.

Me conta, qual o seu nome? 💬"
daniela alejandra lasso latorre,,qZeUQc8gDXwwyiHTxyS7,flamengo|sem resposta,,2026-06-13 10:31,AUTOMAÇÃO,workflow,TYPE_WHATSAPP,workflow,"Aaah, prazer falar com você, Daniela Alejandra Lasso Latorre 😍

Muito obrigada pelas informações!
Eu sou a assistente virtual da Pello Menos, vou te ajudar por aqui rapidinho e já te encaminho para uma das nossas especialistas, tá?

Só pra você saber, a Pello Menos é pioneira em depilação feminina no Brasil, há mais de 30 anos cuidando de mulheres com excelência ✨

Vi que você clicou no nosso anúncio 👀
Me conta só uma coisinha pra gente te direcionar melhor…

Quais regiões mais te incomodam hoje e que você gostaria de se livrar dos pelinhos de vez? 💬"
daniela alejandra lasso latorre,,qZeUQc8gDXwwyiHTxyS7,flamengo|sem resposta,,2026-06-13 10:31,CLIENTE,inbound,TYPE_WHATSAPP,,"*Headline:* Conheça a Pello Menos Flamengo
*Source URL:* https://www.instagram.com/p/DZdDEU-gKBH/

Garanta seu desconto em qualquer virilha + 50% OFF em áreas adicionais."
daniela alejandra lasso latorre,,qZeUQc8gDXwwyiHTxyS7,flamengo|sem resposta,,2026-06-13 10:31,CLIENTE,inbound,TYPE_WHATSAPP,,Daniela
daniela alejandra lasso latorre,,qZeUQc8gDXwwyiHTxyS7,flamengo|sem resposta,,2026-06-13 10:31,SISTEMA,TYPE_ACTIVITY_OPPORTUNITY,TYPE_ACTIVITY_OPPORTUNITY,app,Opportunity created
daniela alejandra lasso latorre,,qZeUQc8gDXwwyiHTxyS7,flamengo|sem resposta,,2026-06-13 10:52,AUTOMAÇÃO,workflow,TYPE_WHATSAPP,workflow,"Perfeito! 😊
Já estou encaminhando suas informações para nossa consultora. 💜"
daniela alejandra lasso latorre,,qZeUQc8gDXwwyiHTxyS7,flamengo|sem resposta,,2026-06-13 10:52,CLIENTE,inbound,TYPE_WHATSAPP,,Biquini virilha e axilar
daniela alejandra lasso latorre,,qZeUQc8gDXwwyiHTxyS7,flamengo|sem resposta,,2026-06-13 10:52,SISTEMA,TYPE_ACTIVITY_OPPORTUNITY,TYPE_ACTIVITY_OPPORTUNITY,app,Opportunity updated
daniela alejandra lasso latorre,,qZeUQc8gDXwwyiHTxyS7,flamengo|sem resposta,,2026-06-13 11:13,CLIENTE,inbound,TYPE_WHATSAPP,,Obrigada
daniela alejandra lasso latorre,,qZeUQc8gDXwwyiHTxyS7,flamengo|sem resposta,,2026-06-13 12:07,HUMANO,Unidade fla@,TYPE_WHATSAPP,app,"Olá Daniela, aqui é a Giulia, especialista do laser da unidade Flamengo!"
daniela alejandra lasso latorre,,qZeUQc8gDXwwyiHTxyS7,flamengo|sem resposta,,2026-06-13 12:14,HUMANO,Unidade fla@,TYPE_WHATSAPP,app,"Estamos com promoções ótimas para a área da virilha e axila!

💘Qualquer virilha por 799,00 - 10 sessões
💘Axila por 94,90 - 10 sessões

🔸Adquirindo o pacote de virilha + qualquer outra área, a virilha sai à 649,00 - 10 sessões!"
daniela alejandra lasso latorre,,qZeUQc8gDXwwyiHTxyS7,flamengo|sem resposta,,2026-06-13 12:46,CLIENTE,inbound,TYPE_WHATSAPP,,A virilha e com biquini ?
daniela alejandra lasso latorre,,qZeUQc8gDXwwyiHTxyS7,flamengo|sem resposta,,2026-06-13 12:53,HUMANO,Unidade fla@,TYPE_WHATSAPP,app,"A virilha comum, sim.

A virilha comum é sem os lábios e ânus."
daniela alejandra lasso latorre,,qZeUQc8gDXwwyiHTxyS7,flamengo|sem resposta,,2026-06-13 12:55,CLIENTE,inbound,TYPE_WHATSAPP,,É tudo mas sim o anus só com os lábios ?
daniela alejandra lasso latorre,,qZeUQc8gDXwwyiHTxyS7,flamengo|sem resposta,,2026-06-13 13:20,HUMANO,Unidade fla@,TYPE_WHATSAPP,app,sem os lábios também.
daniela alejandra lasso latorre,,qZeUQc8gDXwwyiHTxyS7,flamengo|sem resposta,,2026-06-13 13:28,HUMANO,Unidade fla@,TYPE_WHATSAPP,app,"Virilha total: tira tudo
Virilha Comum: sem os lábios e ânus.
Virilha Cavada: tira tudo mas deixa uma pequena faixa de pêlos no púbis."
daniela alejandra lasso latorre,,qZeUQc8gDXwwyiHTxyS7,flamengo|sem resposta,,2026-06-13 13:34,CLIENTE,inbound,TYPE_WHATSAPP,,Virilha total
daniela alejandra lasso latorre,,qZeUQc8gDXwwyiHTxyS7,flamengo|sem resposta,,2026-06-13 13:37,HUMANO,Unidade fla@,TYPE_WHATSAPP,app,Vamos fechar então?
daniela alejandra lasso latorre,,qZeUQc8gDXwwyiHTxyS7,flamengo|sem resposta,,2026-06-13 13:46,HUMANO,Unidade fla@,TYPE_WHATSAPP,app,"Virilha total 10 sessões: 799,00
10 sessões é o tempo médio que precisamos para te entregar resultado.
Os pelos do nosso corpo nascem e caem em ciclos de aproximadamente 28 dias, por isso as sessões precisam respeitar esse intervalo.
A cada sessão, você vai perceber os pelos diminuindo cada vez mais, até praticamente desaparecer."
daniela alejandra lasso latorre,,qZeUQc8gDXwwyiHTxyS7,flamengo|sem resposta,,2026-07-29 12:11,SISTEMA,TYPE_ACTIVITY_OPPORTUNITY,TYPE_ACTIVITY_OPPORTUNITY,app,Opportunity updated
daniela alejandra lasso latorre,,qZeUQc8gDXwwyiHTxyS7,flamengo|sem resposta,,2026-07-29 12:12,SISTEMA,TYPE_ACTIVITY_OPPORTUNITY,TYPE_ACTIVITY_OPPORTUNITY,app,Opportunity updated
daniela alejandra lasso latorre,,qZeUQc8gDXwwyiHTxyS7,flamengo|sem resposta,,2026-08-21 11:44,SISTEMA,TYPE_ACTIVITY_OPPORTUNITY,TYPE_ACTIVITY_OPPORTUNITY,app,Opportunity updated
daniela alejandra lasso latorre,,qZeUQc8gDXwwyiHTxyS7,flamengo|sem resposta,,2026-08-21 11:46,HUMANO,Unidade fla@,TYPE_WHATSAPP,app,Consegui um desconto ainda melhor para você hoje. Me chama que te explico e já deixo reservado. 😊
danielle lima lacerda bartolome,,IaFTP99Z96M5XoYDrJQj,3 sessões|flamengo|lead|triagem|em atendimento,,2026-09-17 11:44,AUTOMAÇÃO,workflow,TYPE_WHATSAPP,workflow,"🎉 Parabéns! Você ganhou *3 sessões grátis* de depilação a laser com a *Pello Menos.*

Com o *Laser Hakon 4D* que acelera seus resultados e tem a ponteira resfriada garantindo o conforto em cada sessão.

Para liberar seu presente, digita aqui pra mim: *qual o seu nome completo?*"
danielle lima lacerda bartolome,,IaFTP99Z96M5XoYDrJQj,3 sessões|flamengo|lead|triagem|em atendimento,,2026-09-17 11:44,CLIENTE,inbound,TYPE_WHATSAPP,,"*Headline:* Conheça a Pello Menos Flamengo
*Source URL:* https://www.instagram.com/p/Dbs62HpgkRN/

Olá! Gostaria de resgatar o voucher das 3 sessões de axilas ou buço, por favor."
danielle lima lacerda bartolome,,IaFTP99Z96M5XoYDrJQj,3 sessões|flamengo|lead|triagem|em atendimento,,2026-09-17 11:45,SISTEMA,TYPE_ACTIVITY_OPPORTUNITY,TYPE_ACTIVITY_OPPORTUNITY,app,Opportunity created
danielle lima lacerda bartolome,,IaFTP99Z96M5XoYDrJQj,3 sessões|flamengo|lead|triagem|em atendimento,,2026-09-17 12:14,AUTOMAÇÃO,workflow,TYPE_WHATSAPP,workflow,"Aaah, prazer falar com você, Danielle Lima Lacerda Bartolome 😍

Eu sou a assistente virtual da Pello Menos, vou te ajudar por aqui rapidinho e já te encaminho para uma de nossas especialistas.

A Pello Menos é pioneira em depilação segura há mais de 28 anos, com o Laser Hakon 4D, que atua em quatro dimensões do pelo e garante mais conforto com ponteira a -12 °C.

Para eu fazer seu cadastro e lançar seu presente no nosso sistema, digita aqui seu CPF, por favor ⬇️"
danielle lima lacerda bartolome,,IaFTP99Z96M5XoYDrJQj,3 sessões|flamengo|lead|triagem|em atendimento,,2026-09-17 12:14,AUTOMAÇÃO,workflow,TYPE_WHATSAPP,workflow,"Já anotei tudo aqui 💜
Agora só preciso que você me responda rapidinho sobre as contraindicações, para garantir sua segurança no tratamento, tudo bem?

1️⃣ Tem tatuagem ou cicatriz na área a ser tratada?
2️⃣ Possui pelos brancos, loiros ou ruivos na região?
3️⃣ Tem alguma doença diagnosticada? Se sim, qual?
4️⃣ Já teve algum tipo de câncer ?
5️⃣ Está usando algum medicamento atualmente?
6️⃣ Faz bronzeamento artificial com frequência?
7️⃣ Está grávida ou amamentando ?
8️⃣ Tem melasma ou outras condições na pele, como manchas ou sensibilidade?

👉 Se nenhuma das opções se aplicar a você, pode responder: ""Não para todas"". Assim, consigo Garantir o seu Presente com total segurança e tranquilidade! 😉

Só lembrando que esta é uma pre-anamnese, e quando for a loja para iniciar o seu tratamento precisará preencher a anamnese oficial com a profissional do laser ok?!"
danielle lima lacerda bartolome,,IaFTP99Z96M5XoYDrJQj,3 sessões|flamengo|lead|triagem|em atendimento,,2026-09-17 12:14,CLIENTE,inbound,TYPE_WHATSAPP,,Danielle Lima Lacerda Bartolome
danielle lima lacerda bartolome,,IaFTP99Z96M5XoYDrJQj,3 sessões|flamengo|lead|triagem|em atendimento,,2026-09-17 12:14,CLIENTE,inbound,TYPE_WHATSAPP,,10873854748
danielle lima lacerda bartolome,,IaFTP99Z96M5XoYDrJQj,3 sessões|flamengo|lead|triagem|em atendimento,,2026-09-17 12:15,AUTOMAÇÃO,workflow,TYPE_WHATSAPP,workflow,"Perfeito! 😊
Já estou encaminhando suas informações para uma de nossas consultoras.

Enquanto isso, me conta: além da área que você ganhou de presente, tem alguma outra área que você gostaria de conhecer melhor, sem compromisso? 💜"
danielle lima lacerda bartolome,,IaFTP99Z96M5XoYDrJQj,3 sessões|flamengo|lead|triagem|em atendimento,,2026-09-17 12:15,CLIENTE,inbound,TYPE_WHATSAPP,,Não para todas
danielle lima lacerda bartolome,,IaFTP99Z96M5XoYDrJQj,3 sessões|flamengo|lead|triagem|em atendimento,,2026-09-17 12:15,SISTEMA,TYPE_ACTIVITY_OPPORTUNITY,TYPE_ACTIVITY_OPPORTUNITY,app,Opportunity updated
danielle lima lacerda bartolome,,IaFTP99Z96M5XoYDrJQj,3 sessões|flamengo|lead|triagem|em atendimento,,2026-09-17 13:37,HUMANO,Unidade fla@,TYPE_WHATSAPP,app,"Olá, seja bem vinda. Qual seria a área escolhida"
danielle lima lacerda bartolome,,IaFTP99Z96M5XoYDrJQj,3 sessões|flamengo|lead|triagem|em atendimento,,2026-09-17 14:02,CLIENTE,inbound,TYPE_WHATSAPP,,Quais são as disponíveis?
danielle lima lacerda bartolome,,IaFTP99Z96M5XoYDrJQj,3 sessões|flamengo|lead|triagem|em atendimento,,2026-09-17 14:32,HUMANO,Unidade fla@,TYPE_WHATSAPP,app,o voucher é: axila ou buço
danielle lima lacerda bartolome,,IaFTP99Z96M5XoYDrJQj,3 sessões|flamengo|lead|triagem|em atendimento,,2026-09-17 14:34,CLIENTE,inbound,TYPE_WHATSAPP,,Axila
danielle lima lacerda bartolome,,IaFTP99Z96M5XoYDrJQj,3 sessões|flamengo|lead|triagem|em atendimento,,2026-09-17 14:34,CLIENTE,inbound,TYPE_WHATSAPP,,Tem na unidade do Flamengo?!
danielle lima lacerda bartolome,,IaFTP99Z96M5XoYDrJQj,3 sessões|flamengo|lead|triagem|em atendimento,,2026-09-17 16:18,HUMANO,Unidade fla@,TYPE_WHATSAPP,app,O voucher é exclusivo para a unidade do flamengo mesmo
danielle lima lacerda bartolome,,IaFTP99Z96M5XoYDrJQj,3 sessões|flamengo|lead|triagem|em atendimento,,2026-09-17 16:44,CLIENTE,inbound,TYPE_WHATSAPP,,Perfeito
danielle lima lacerda bartolome,,IaFTP99Z96M5XoYDrJQj,3 sessões|flamengo|lead|triagem|em atendimento,,2026-09-18 03:31,CLIENTE,inbound,TYPE_WHATSAPP,,Olá! Confirmado para uso?
danielle lima lacerda bartolome,,IaFTP99Z96M5XoYDrJQj,3 sessões|flamengo|lead|triagem|em atendimento,,2026-09-18 10:21,HUMANO,Unidade fla@,TYPE_WHATSAPP,app,"Olá, bom dia!"
danielle lima lacerda bartolome,,IaFTP99Z96M5XoYDrJQj,3 sessões|flamengo|lead|triagem|em atendimento,,2026-09-18 10:21,HUMANO,Unidade fla@,TYPE_WHATSAPP,app,"Sim, só comparecer na loja para finalizar e realizar as sessões."
danielle lima lacerda bartolome,,IaFTP99Z96M5XoYDrJQj,3 sessões|flamengo|lead|triagem|em atendimento,,2026-09-18 10:22,HUMANO,Unidade fla@,TYPE_WHATSAPP,app,"Sem agendamentos, funcionamos sem hora marcada.
Horário de funcionamento do Laser: de terça à sexta, de 9:00 às 19:00 e sábados de 9:00 às 18:00.
Rua Marquês de Abrantes, 209 - Flamengo"
danielle lima lacerda bartolome,,IaFTP99Z96M5XoYDrJQj,3 sessões|flamengo|lead|triagem|em atendimento,,2026-09-18 10:24,CLIENTE,inbound,TYPE_WHATSAPP,,Tem algum preparo?
danielle lima lacerda bartolome,,IaFTP99Z96M5XoYDrJQj,3 sessões|flamengo|lead|triagem|em atendimento,,2026-09-18 10:26,HUMANO,Unidade fla@,TYPE_WHATSAPP,app,"Sim, passar gilette ou maquininha 2 dias antes de realizar a sessão"
danielle lima lacerda bartolome,,IaFTP99Z96M5XoYDrJQj,3 sessões|flamengo|lead|triagem|em atendimento,,2026-09-18 10:32,CLIENTE,inbound,TYPE_WHATSAPP,,Obrigada
eduardo,,Eng7T2rFI6UfbfotrOEF,3 sessões|flamengo|lead|triagem|comanda cortesia aberta,,2026-07-14 13:47,AUTOMAÇÃO,workflow,TYPE_WHATSAPP,workflow,"🎉 Parabéns! Você ganhou *3 sessões grátis* de depilação a laser com a *Pello Menos.*

Com o *Laser Hacok 4D* que acelera seus resultados e tem a ponteira resfriada garantindo o conforto em cada sessão.

Para liberar seu presente, digita aqui pra mim: *qual o seu nome completo?*"
eduardo,,Eng7T2rFI6UfbfotrOEF,3 sessões|flamengo|lead|triagem|comanda cortesia aberta,,2026-07-14 13:47,CLIENTE,inbound,TYPE_WHATSAPP,,"*Headline:* Conheça a Pello Menos Flamengo
*Source URL:* https://www.instagram.com/p/Dadli5aAm5S/

Olá! Gostaria de resgatar o voucher das 3 sessões de axilas ou buço, por favor."
eduardo,,Eng7T2rFI6UfbfotrOEF,3 sessões|flamengo|lead|triagem|comanda cortesia aberta,,2026-07-14 13:53,SISTEMA,TYPE_ACTIVITY_OPPORTUNITY,TYPE_ACTIVITY_OPPORTUNITY,app,Opportunity created
eduardo,,Eng7T2rFI6UfbfotrOEF,3 sessões|flamengo|lead|triagem|comanda cortesia aberta,,2026-07-14 17:38,HUMANO,Unidade fla@,TYPE_WHATSAPP,app,"Olá, boa noite

Para retirar p seu voucher é necessario informar seu nome completo e seu cpf .

Apos essas informações, preciso que responda sobre questões abaixo"
eduardo,,Eng7T2rFI6UfbfotrOEF,3 sessões|flamengo|lead|triagem|comanda cortesia aberta,,2026-07-14 17:39,HUMANO,Unidade fla@,TYPE_WHATSAPP,app,"Agora só preciso que você me responda rapidinho sobre as contraindicações, para garantir sua segurança no tratamento, tudo bem?

1️⃣ Tem tatuagem ou cicatriz na área a ser tratada?
2️⃣ Possui pelos brancos, loiros ou ruivos na região?
3️⃣ Tem alguma doença diagnosticada? Se sim, qual?
4️⃣ Já teve algum tipo de câncer ?
5️⃣ Está usando algum medicamento atualmente?
6️⃣ Faz bronzeamento artificial com frequência?
7️⃣ Está grávida ou amamentando ?
8️⃣ Tem melasma ou outras condições na pele, como manchas ou sensibilidade?

👉 Se nenhuma das opções se aplicar a você, pode responder: ""Não para todas"". Assim, consigo Garantir o seu Presente com total segurança e tranquilidade! 😉

Só lembrando que esta é uma pre-anamnese, e quando for a loja para iniciar o seu tratamento precisará preencher a anamnese oficial com a profissional do laser ok?!"
eduardo,,Eng7T2rFI6UfbfotrOEF,3 sessões|flamengo|lead|triagem|comanda cortesia aberta,,2026-07-15 10:39,SISTEMA,TYPE_ACTIVITY_OPPORTUNITY,TYPE_ACTIVITY_OPPORTUNITY,app,Opportunity updated
eduardo,,Eng7T2rFI6UfbfotrOEF,3 sessões|flamengo|lead|triagem|comanda cortesia aberta,,2026-07-29 12:08,SISTEMA,TYPE_ACTIVITY_OPPORTUNITY,TYPE_ACTIVITY_OPPORTUNITY,app,Opportunity updated
eduardo,,Eng7T2rFI6UfbfotrOEF,3 sessões|flamengo|lead|triagem|comanda cortesia aberta,,2026-07-29 12:08,SISTEMA,TYPE_ACTIVITY_OPPORTUNITY,TYPE_ACTIVITY_OPPORTUNITY,app,Opportunity updated
eduardo da silva,,s8WSA4BdoImYnZ3mWtdO,outros descontos|flamengo|lead|triagem,,2026-09-19 13:22,AUTOMAÇÃO,workflow,TYPE_WHATSAPP,workflow,"Oi! Que bom te ver por aqui 🤩

Parabéns pela decisão de começar seu tratamento!

Aqui na Pello Menos usamos o HAKON 4D, que proporciona um resultado mais rápido e duradouro.

E o melhor: a ponteira é geladinha (-12°C), deixando a aplicação muito mais confortável e segura para todos os tipos de pele.

Me conta, qual o seu nome? 💬"
eduardo da silva,,s8WSA4BdoImYnZ3mWtdO,outros descontos|flamengo|lead|triagem,,2026-09-19 13:22,CLIENTE,inbound,TYPE_WHATSAPP,,"*Headline:* Conheça a Pello Menos Flamengo
*Source URL:* https://fb.me/a03fk7odi

Garanta seu desconto nos nossos combos no mês de Setembro."
eduardo da silva,,s8WSA4BdoImYnZ3mWtdO,outros descontos|flamengo|lead|triagem,,2026-09-19 13:22,SISTEMA,TYPE_ACTIVITY_OPPORTUNITY,TYPE_ACTIVITY_OPPORTUNITY,app,Opportunity created
eduardo da silva,,s8WSA4BdoImYnZ3mWtdO,outros descontos|flamengo|lead|triagem,,2026-09-19 15:20,HUMANO,Unidade fla@,TYPE_WHATSAPP,app,"Olá, visualizei que está interessado em nossa promoção, Eduardo."
eduardo da silva,,s8WSA4BdoImYnZ3mWtdO,outros descontos|flamengo|lead|triagem,,2026-09-19 15:21,HUMANO,Unidade fla@,TYPE_WHATSAPP,app,"Temos uma promoção super especial.

-- Costas com 60% de desconto - 10x de 63,20
-- Barba com 60% de desconto - 10x de 42,80
-- Faixa de barba ou axila - 94,90

são 10 sessoes."
eduardo da silva,,s8WSA4BdoImYnZ3mWtdO,outros descontos|flamengo|lead|triagem,,2026-09-22 12:21,HUMANO,Unidade fla@,TYPE_WHATSAPP,app,"Seu atendimento

Dando continuidade ao seu atendimento por aqui. Me chama que te explico rapidinho e já deixo tudo encaminhado. 😊"
eliane amaral,,hIPGAI5Pqlqo3md66VKf,3 sessões|flamengo|triagem|sem resposta,,2026-05-29 14:41,AUTOMAÇÃO,workflow,TYPE_WHATSAPP,workflow,"🎉 Parabéns! Você ganhou *3 sessões grátis* de depilação a laser com a *Pello Menos.*

Com o *Laser Hacon 4D* que acelera seus resultados e tem a ponteira resfriada garantindo o conforto em cada sessão.

Para liberar seu presente, digita aqui pra mim: *qual o seu nome completo?*"
eliane amaral,,hIPGAI5Pqlqo3md66VKf,3 sessões|flamengo|triagem|sem resposta,,2026-05-29 14:41,CLIENTE,inbound,TYPE_WHATSAPP,,"*Headline:* Conheça a Pello Menos Flamengo
*Source URL:* https://www.instagram.com/p/DYz_e8zAE_q/

Olá! Gostaria de resgatar o voucher das 3 sessões de axilas ou buço, por favor."
eliane amaral,,hIPGAI5Pqlqo3md66VKf,3 sessões|flamengo|triagem|sem resposta,,2026-05-29 14:41,SISTEMA,TYPE_ACTIVITY_OPPORTUNITY,TYPE_ACTIVITY_OPPORTUNITY,app,Opportunity created
eliane amaral,,hIPGAI5Pqlqo3md66VKf,3 sessões|flamengo|triagem|sem resposta,,2026-07-14 11:19,SISTEMA,TYPE_ACTIVITY_OPPORTUNITY,TYPE_ACTIVITY_OPPORTUNITY,app,Opportunity updated
essa promoção só vale pro flamengo?,,VRktlKs8k4TtXYF5e4oh,3 sessões|flamengo|lead|triagem|em atendimento,,2026-09-17 16:14,AUTOMAÇÃO,workflow,TYPE_WHATSAPP,workflow,"🎉 Parabéns! Você ganhou *3 sessões grátis* de depilação a laser com a *Pello Menos.*

Com o *Laser Hakon 4D* que acelera seus resultados e tem a ponteira resfriada garantindo o conforto em cada sessão.

Para liberar seu presente, digita aqui pra mim: *qual o seu nome completo?*"
essa promoção só vale pro flamengo?,,VRktlKs8k4TtXYF5e4oh,3 sessões|flamengo|lead|triagem|em atendimento,,2026-09-17 16:14,AUTOMAÇÃO,workflow,TYPE_WHATSAPP,workflow,"Aaah, prazer falar com você, Essa Promoção Só Vale Pro Flamengo? 😍

Eu sou a assistente virtual da Pello Menos, vou te ajudar por aqui rapidinho e já te encaminho para uma de nossas especialistas.

A Pello Menos é pioneira em depilação segura há mais de 28 anos, com o Laser Hakon 4D, que atua em quatro dimensões do pelo e garante mais conforto com ponteira a -12 °C.

Para eu fazer seu cadastro e lançar seu presente no nosso sistema, digita aqui seu CPF, por favor ⬇️"
essa promoção só vale pro flamengo?,,VRktlKs8k4TtXYF5e4oh,3 sessões|flamengo|lead|triagem|em atendimento,,2026-09-17 16:14,CLIENTE,inbound,TYPE_WHATSAPP,,"*Headline:* Conheça a Pello Menos Flamengo
*Source URL:* https://wa.me/wamo/status/preview/558002821239/120251684903100326

Olá! Gostaria de resgatar o voucher das 3 sessões de axilas ou buço, por favor."
essa promoção só vale pro flamengo?,,VRktlKs8k4TtXYF5e4oh,3 sessões|flamengo|lead|triagem|em atendimento,,2026-09-17 16:14,CLIENTE,inbound,TYPE_WHATSAPP,,Essa promoção só vale pro Flamengo?
essa promoção só vale pro flamengo?,,VRktlKs8k4TtXYF5e4oh,3 sessões|flamengo|lead|triagem|em atendimento,,2026-09-17 16:14,SISTEMA,TYPE_ACTIVITY_OPPORTUNITY,TYPE_ACTIVITY_OPPORTUNITY,app,Opportunity created
essa promoção só vale pro flamengo?,,VRktlKs8k4TtXYF5e4oh,3 sessões|flamengo|lead|triagem|em atendimento,,2026-09-17 16:15,AUTOMAÇÃO,workflow,TYPE_WHATSAPP,workflow,"Já anotei tudo aqui 💜
Agora só preciso que você me responda rapidinho sobre as contraindicações, para garantir sua segurança no tratamento, tudo bem?

1️⃣ Tem tatuagem ou cicatriz na área a ser tratada?
2️⃣ Possui pelos brancos, loiros ou ruivos na região?
3️⃣ Tem alguma doença diagnosticada? Se sim, qual?
4️⃣ Já teve algum tipo de câncer ?
5️⃣ Está usando algum medicamento atualmente?
6️⃣ Faz bronzeamento artificial com frequência?
7️⃣ Está grávida ou amamentando ?
8️⃣ Tem melasma ou outras condições na pele, como manchas ou sensibilidade?

👉 Se nenhuma das opções se aplicar a você, pode responder: ""Não para todas"". Assim, consigo Garantir o seu Presente com total segurança e tranquilidade! 😉

Só lembrando que esta é uma pre-anamnese, e quando for a loja para iniciar o seu tratamento precisará preencher a anamnese oficial com a profissional do laser ok?!"
essa promoção só vale pro flamengo?,,VRktlKs8k4TtXYF5e4oh,3 sessões|flamengo|lead|triagem|em atendimento,,2026-09-17 16:15,CLIENTE,inbound,TYPE_WHATSAPP,,"Moro em Realengo,  a de bangu seria melhor pra mim"
essa promoção só vale pro flamengo?,,VRktlKs8k4TtXYF5e4oh,3 sessões|flamengo|lead|triagem|em atendimento,,2026-09-17 16:16,AUTOMAÇÃO,workflow,TYPE_WHATSAPP,workflow,"Perfeito! 😊
Já estou encaminhando suas informações para uma de nossas consultoras.

Enquanto isso, me conta: além da área que você ganhou de presente, tem alguma outra área que você gostaria de conhecer melhor, sem compromisso? 💜"
essa promoção só vale pro flamengo?,,VRktlKs8k4TtXYF5e4oh,3 sessões|flamengo|lead|triagem|em atendimento,,2026-09-17 16:16,CLIENTE,inbound,TYPE_WHATSAPP,,"1 não 
2 não 
3 não 
4 não 
5 não 
6 não 
7 não 
8 não"
essa promoção só vale pro flamengo?,,VRktlKs8k4TtXYF5e4oh,3 sessões|flamengo|lead|triagem|em atendimento,,2026-09-17 16:16,SISTEMA,TYPE_ACTIVITY_OPPORTUNITY,TYPE_ACTIVITY_OPPORTUNITY,app,Opportunity updated
essa promoção só vale pro flamengo?,,VRktlKs8k4TtXYF5e4oh,3 sessões|flamengo|lead|triagem|em atendimento,,2026-09-17 16:17,CLIENTE,inbound,TYPE_WHATSAPP,,Sim
essa promoção só vale pro flamengo?,,VRktlKs8k4TtXYF5e4oh,3 sessões|flamengo|lead|triagem|em atendimento,,2026-09-17 16:19,CLIENTE,inbound,TYPE_WHATSAPP,,"Tenho alguns pelos no queixo.
Por causa de alteração hormonal 
Tive ovários policisticos.
Devido a isso tenho muitos pelos.
Mas os do rosto me incomodam mais"
essa promoção só vale pro flamengo?,,VRktlKs8k4TtXYF5e4oh,3 sessões|flamengo|lead|triagem|em atendimento,,2026-09-17 16:19,HUMANO,Unidade fla@,TYPE_WHATSAPP,app,O voucher é exclusivo para a unidade do flamengo mesmo
essa promoção só vale pro flamengo?,,VRktlKs8k4TtXYF5e4oh,3 sessões|flamengo|lead|triagem|em atendimento,,2026-09-17 16:21,CLIENTE,inbound,TYPE_WHATSAPP,,"Agradeço,  mas lá infelizmente não consigo fazer.
Pq tenho um filho autista e tenho muita demanda com ele.
Queria próximo pq nunca fiz e gostaria de continuar o tratamento caso gostasse"
essa promoção só vale pro flamengo?,,VRktlKs8k4TtXYF5e4oh,3 sessões|flamengo|lead|triagem|em atendimento,,2026-09-17 16:21,CLIENTE,inbound,TYPE_WHATSAPP,,No flamengo é muito distante pra mim.
essa promoção só vale pro flamengo?,,VRktlKs8k4TtXYF5e4oh,3 sessões|flamengo|lead|triagem|em atendimento,,2026-09-17 16:26,CLIENTE,inbound,TYPE_WHATSAPP,,Obrigada
essa promoção só vale pro flamengo?,,VRktlKs8k4TtXYF5e4oh,3 sessões|flamengo|lead|triagem|em atendimento,,2026-09-17 16:26,HUMANO,Unidade fla@,TYPE_WHATSAPP,app,Esse contato é referente à unidade do Flamengo. Sugiro que busque o nosso SAC para que consiga aproveitar os descontos de outras unidades. 0800 282 1233
evandro de lucas,,HbMCqeLv9HruNfcXPJoR,flamengo|lead|triagem,,2026-09-17 09:04,CLIENTE,inbound,TYPE_WHATSAPP,,"*Headline:* Conheça a Pello Menos Flamengo
*Source URL:* https://fb.me/4sHoe0MS0

Olá bom dia! Trabalho como divulgador externo e panfletista. Gostaria de divulgar sua empresa?"
evandro de lucas,,HbMCqeLv9HruNfcXPJoR,flamengo|lead|triagem,,2026-09-17 09:05,SISTEMA,TYPE_ACTIVITY_OPPORTUNITY,TYPE_ACTIVITY_OPPORTUNITY,app,Opportunity created
evandro de lucas,,HbMCqeLv9HruNfcXPJoR,flamengo|lead|triagem,,2026-09-17 14:33,CLIENTE,inbound,TYPE_WHATSAPP,,Ok obrigado pelo retorno.
evandro de lucas,,HbMCqeLv9HruNfcXPJoR,flamengo|lead|triagem,,2026-09-17 14:33,HUMANO,Unidade fla@,TYPE_WHATSAPP,app,"Evandro, peço que entre em contato com nosso SAC
0800 282 1233"
evelyn bastos,,8aJ2674wDIo7zU7VSD6h,3 sessões|flamengo|lead|triagem|sem resposta,,2026-08-13 09:37,AUTOMAÇÃO,workflow,TYPE_WHATSAPP,workflow,"🎉 Parabéns! Você ganhou *3 sessões grátis* de depilação a laser com a *Pello Menos.*

Com o *Laser Hacok 4D* que acelera seus resultados e tem a ponteira resfriada garantindo o conforto em cada sessão.

Para liberar seu presente, digita aqui pra mim: *qual o seu nome completo?*"
evelyn bastos,,8aJ2674wDIo7zU7VSD6h,3 sessões|flamengo|lead|triagem|sem resposta,,2026-08-13 09:37,CLIENTE,inbound,TYPE_WHATSAPP,,"*Headline:* Conheça a Pello Menos Flamengo
*Source URL:* https://www.instagram.com/p/Dbs61vLgmWY/

Olá! Gostaria de resgatar o voucher das 3 sessões de axilas ou buço, por favor."
evelyn bastos,,8aJ2674wDIo7zU7VSD6h,3 sessões|flamengo|lead|triagem|sem resposta,,2026-08-13 09:37,SISTEMA,TYPE_ACTIVITY_OPPORTUNITY,TYPE_ACTIVITY_OPPORTUNITY,app,Opportunity created
evelyn bastos,,8aJ2674wDIo7zU7VSD6h,3 sessões|flamengo|lead|triagem|sem resposta,,2026-08-13 09:38,AUTOMAÇÃO,workflow,TYPE_WHATSAPP,workflow,"Aaah, prazer falar com você, Evelyn Bastos 😍

Eu sou a assistente virtual da Pello Menos, vou te ajudar por aqui rapidinho e já te encaminho para uma de nossas especialistas.

A Pello Menos é pioneira em depilação segura há mais de 28 anos, com o Laser Hakon 4D, que atua em quatro dimensões do pelo e garante mais conforto com ponteira a -12 °C.

Para eu fazer seu cadastro e lançar seu presente no nosso sistema, digita aqui seu CPF, por favor ⬇️"
evelyn bastos,,8aJ2674wDIo7zU7VSD6h,3 sessões|flamengo|lead|triagem|sem resposta,,2026-08-13 09:38,AUTOMAÇÃO,workflow,TYPE_WHATSAPP,workflow,"Já anotei tudo aqui 💜
Agora só preciso que você me responda rapidinho sobre as contraindicações, para garantir sua segurança no tratamento, tudo bem?

1️⃣ Tem tatuagem ou cicatriz na área a ser tratada?
2️⃣ Possui pelos brancos, loiros ou ruivos na região?
3️⃣ Tem alguma doença diagnosticada? Se sim, qual?
4️⃣ Já teve algum tipo de câncer ?
5️⃣ Está usando algum medicamento atualmente?
6️⃣ Faz bronzeamento artificial com frequência?
7️⃣ Está grávida ou amamentando ?
8️⃣ Tem melasma ou outras condições na pele, como manchas ou sensibilidade?

👉 Se nenhuma das opções se aplicar a você, pode responder: ""Não para todas"". Assim, consigo Garantir o seu Presente com total segurança e tranquilidade! 😉

Só lembrando que esta é uma pre-anamnese, e quando for a loja para iniciar o seu tratamento precisará preencher a anamnese oficial com a profissional do laser ok?!"
evelyn bastos,,8aJ2674wDIo7zU7VSD6h,3 sessões|flamengo|lead|triagem|sem resposta,,2026-08-13 09:38,CLIENTE,inbound,TYPE_WHATSAPP,,Evelyn Bastos
evelyn bastos,,8aJ2674wDIo7zU7VSD6h,3 sessões|flamengo|lead|triagem|sem resposta,,2026-08-13 09:38,CLIENTE,inbound,TYPE_WHATSAPP,,110.623.437-51
evelyn bastos,,8aJ2674wDIo7zU7VSD6h,3 sessões|flamengo|lead|triagem|sem resposta,,2026-08-13 09:39,AUTOMAÇÃO,workflow,TYPE_WHATSAPP,workflow,"Perfeito! 😊
Já estou encaminhando suas informações para uma de nossas consultoras.

Enquanto isso, me conta: além da área que você ganhou de presente, tem alguma outra área que você gostaria de conhecer melhor, sem compromisso? 💜"
evelyn bastos,,8aJ2674wDIo7zU7VSD6h,3 sessões|flamengo|lead|triagem|sem resposta,,2026-08-13 09:39,CLIENTE,inbound,TYPE_WHATSAPP,,"1-nao
2-nao
3-sim, asma
4- não
5- não
6-nao
7-sim"
evelyn bastos,,8aJ2674wDIo7zU7VSD6h,3 sessões|flamengo|lead|triagem|sem resposta,,2026-08-13 09:39,SISTEMA,TYPE_ACTIVITY_OPPORTUNITY,TYPE_ACTIVITY_OPPORTUNITY,app,Opportunity updated
evelyn bastos,,8aJ2674wDIo7zU7VSD6h,3 sessões|flamengo|lead|triagem|sem resposta,,2026-08-13 09:40,CLIENTE,inbound,TYPE_WHATSAPP,,"sim, virilha"
evelyn bastos,,8aJ2674wDIo7zU7VSD6h,3 sessões|flamengo|lead|triagem|sem resposta,,2026-08-13 12:34,HUMANO,Unidade fla@,TYPE_WHATSAPP,app,"Olá Evelyn! aqui é a Giulia, operadora do Laser da unidade do Flamengo."
evelyn bastos,,8aJ2674wDIo7zU7VSD6h,3 sessões|flamengo|lead|triagem|sem resposta,,2026-08-13 12:34,HUMANO,Unidade fla@,TYPE_WHATSAPP,app,"Vou te apresentar as condições especiais do mês de Agosto para virilha:
🌸Combo 1: Virilha total + Faixa (umbigo): 10x de 83,60
🌸Combo 2: Virilha comum + Axila: 10x de 62,29
🌸Combo 3: Virilha total + Faixa (umbigo) + perna inteira: 10x de 253,00"
evelyn bastos,,8aJ2674wDIo7zU7VSD6h,3 sessões|flamengo|lead|triagem|sem resposta,,2026-08-13 12:34,HUMANO,Unidade fla@,TYPE_WHATSAPP,app,O que achou das oportunidades?
evelyn bastos,,8aJ2674wDIo7zU7VSD6h,3 sessões|flamengo|lead|triagem|sem resposta,,2026-08-14 14:26,SISTEMA,TYPE_ACTIVITY_OPPORTUNITY,TYPE_ACTIVITY_OPPORTUNITY,app,Opportunity updated
evelyn bastos,,8aJ2674wDIo7zU7VSD6h,3 sessões|flamengo|lead|triagem|sem resposta,,2026-08-21 12:33,HUMANO,Unidade fla@,TYPE_WHATSAPP,app,"Seu atendimento

Dando continuidade ao seu atendimento por aqui. Me chama que te explico rapidinho e já deixo tudo encaminhado. 😊"
fabiana lourenço dos santos,,WCja69qXNmwCBjtpxNbY,3 sessões|flamengo|lead|triagem|sem resposta,,2026-07-22 11:36,AUTOMAÇÃO,workflow,TYPE_WHATSAPP,workflow,"🎉 Parabéns! Você ganhou *3 sessões grátis* de depilação a laser com a *Pello Menos.*

Com o *Laser Hacok 4D* que acelera seus resultados e tem a ponteira resfriada garantindo o conforto em cada sessão.

Para liberar seu presente, digita aqui pra mim: *qual o seu nome completo?*"
fabiana lourenço dos santos,,WCja69qXNmwCBjtpxNbY,3 sessões|flamengo|lead|triagem|sem resposta,,2026-07-22 11:36,CLIENTE,inbound,TYPE_WHATSAPP,,"*Headline:* Conheça a Pello Menos Flamengo
*Source URL:* https://www.instagram.com/p/Dadlk7tA4hY/

Olá! Gostaria de resgatar o voucher das 3 sessões de axilas ou buço, por favor."
fabiana lourenço dos santos,,WCja69qXNmwCBjtpxNbY,3 sessões|flamengo|lead|triagem|sem resposta,,2026-07-22 11:36,CLIENTE,inbound,TYPE_WHATSAPP,,Fabiana Lourenço dos Santos
fabiana lourenço dos santos,,WCja69qXNmwCBjtpxNbY,3 sessões|flamengo|lead|triagem|sem resposta,,2026-07-22 11:36,SISTEMA,TYPE_ACTIVITY_OPPORTUNITY,TYPE_ACTIVITY_OPPORTUNITY,app,Opportunity created
fabiana lourenço dos santos,,WCja69qXNmwCBjtpxNbY,3 sessões|flamengo|lead|triagem|sem resposta,,2026-07-22 11:37,AUTOMAÇÃO,workflow,TYPE_WHATSAPP,workflow,"Aaah, prazer falar com você, Fabiana Lourenço Dos Santos 😍

Eu sou a assistente virtual da Pello Menos, vou te ajudar por aqui rapidinho e já te encaminho para uma de nossas especialistas.

A Pello Menos é pioneira em depilação segura há mais de 28 anos, com o Laser Hakon 4D, que atua em quatro dimensões do pelo e garante mais conforto com ponteira a -12 °C.

Para eu fazer seu cadastro e lançar seu presente no nosso sistema, digita aqui seu CPF, por favor ⬇️"
fabiana lourenço dos santos,,WCja69qXNmwCBjtpxNbY,3 sessões|flamengo|lead|triagem|sem resposta,,2026-07-22 11:41,AUTOMAÇÃO,workflow,TYPE_WHATSAPP,workflow,"Já anotei tudo aqui 💜
Agora só preciso que você me responda rapidinho sobre as contraindicações, para garantir sua segurança no tratamento, tudo bem?

1️⃣ Tem tatuagem ou cicatriz na área a ser tratada?
2️⃣ Possui pelos brancos, loiros ou ruivos na região?
3️⃣ Tem alguma doença diagnosticada? Se sim, qual?
4️⃣ Já teve algum tipo de câncer ?
5️⃣ Está usando algum medicamento atualmente?
6️⃣ Faz bronzeamento artificial com frequência?
7️⃣ Está grávida ou amamentando ?
8️⃣ Tem melasma ou outras condições na pele, como manchas ou sensibilidade?

👉 Se nenhuma das opções se aplicar a você, pode responder: ""Não para todas"". Assim, consigo Garantir o seu Presente com total segurança e tranquilidade! 😉

Só lembrando que esta é uma pre-anamnese, e quando for a loja para iniciar o seu tratamento precisará preencher a anamnese oficial com a profissional do laser ok?!"
fabiana lourenço dos santos,,WCja69qXNmwCBjtpxNbY,3 sessões|flamengo|lead|triagem|sem resposta,,2026-07-22 11:41,CLIENTE,inbound,TYPE_WHATSAPP,,080.925.277-50
fabiana lourenço dos santos,,WCja69qXNmwCBjtpxNbY,3 sessões|flamengo|lead|triagem|sem resposta,,2026-07-22 11:42,AUTOMAÇÃO,workflow,TYPE_WHATSAPP,workflow,"Perfeito! 😊
Já estou encaminhando suas informações para uma de nossas consultoras.

Enquanto isso, me conta: além da área que você ganhou de presente, tem alguma outra área que você gostaria de conhecer melhor, sem compromisso? 💜"
fabiana lourenço dos santos,,WCja69qXNmwCBjtpxNbY,3 sessões|flamengo|lead|triagem|sem resposta,,2026-07-22 11:42,CLIENTE,inbound,TYPE_WHATSAPP,,Todas as perguntas negativo
fabiana lourenço dos santos,,WCja69qXNmwCBjtpxNbY,3 sessões|flamengo|lead|triagem|sem resposta,,2026-07-22 11:42,CLIENTE,inbound,TYPE_WHATSAPP,,Por enquanto só axila
fabiana lourenço dos santos,,WCja69qXNmwCBjtpxNbY,3 sessões|flamengo|lead|triagem|sem resposta,,2026-07-22 11:42,SISTEMA,TYPE_ACTIVITY_OPPORTUNITY,TYPE_ACTIVITY_OPPORTUNITY,app,Opportunity updated
fabiana lourenço dos santos,,WCja69qXNmwCBjtpxNbY,3 sessões|flamengo|lead|triagem|sem resposta,,2026-07-22 14:30,HUMANO,Unidade fla@,TYPE_WHATSAPP,app,"Olá Fabiana, aqui é a Giulia, operadora do Laser da unidade do Flamengo."
fabiana lourenço dos santos,,WCja69qXNmwCBjtpxNbY,3 sessões|flamengo|lead|triagem|sem resposta,,2026-07-22 14:30,HUMANO,Unidade fla@,TYPE_WHATSAPP,app,"Para continuarmos, preciso concluir seu cadastro no sistema e após seu cadastro, você pode vir na unidade concluir e realizar sua sessão presente.

Pode me informar sua data de nascimento?"
fabiana lourenço dos santos,,WCja69qXNmwCBjtpxNbY,3 sessões|flamengo|lead|triagem|sem resposta,,2026-07-22 14:31,CLIENTE,inbound,TYPE_WHATSAPP,,Agora q vi que é no Flamengo
fabiana lourenço dos santos,,WCja69qXNmwCBjtpxNbY,3 sessões|flamengo|lead|triagem|sem resposta,,2026-07-22 14:31,CLIENTE,inbound,TYPE_WHATSAPP,,Moro em Jacarepaguá
fabiana lourenço dos santos,,WCja69qXNmwCBjtpxNbY,3 sessões|flamengo|lead|triagem|sem resposta,,2026-07-22 14:31,HUMANO,Unidade fla@,TYPE_WHATSAPP,app,O desconto é exclusivo para a unidade Pellomenos do Flamengo.
fabiana lourenço dos santos,,WCja69qXNmwCBjtpxNbY,3 sessões|flamengo|lead|triagem|sem resposta,,2026-07-22 14:32,CLIENTE,inbound,TYPE_WHATSAPP,,Tá bem
fabiana lourenço dos santos,,WCja69qXNmwCBjtpxNbY,3 sessões|flamengo|lead|triagem|sem resposta,,2026-07-22 14:32,CLIENTE,inbound,TYPE_WHATSAPP,,Não dá para mim
fabiana lourenço dos santos,,WCja69qXNmwCBjtpxNbY,3 sessões|flamengo|lead|triagem|sem resposta,,2026-07-22 14:32,CLIENTE,inbound,TYPE_WHATSAPP,,Obrigada
fabiana lourenço dos santos,,WCja69qXNmwCBjtpxNbY,3 sessões|flamengo|lead|triagem|sem resposta,,2026-07-29 12:00,SISTEMA,TYPE_ACTIVITY_OPPORTUNITY,TYPE_ACTIVITY_OPPORTUNITY,app,Opportunity updated
fabiana soares ferreira,,fL6DULwQp6VULuSej9E0,3 sessões|flamengo|lead|triagem|sem resposta,,2026-08-10 15:39,AUTOMAÇÃO,workflow,TYPE_WHATSAPP,workflow,"🎉 Parabéns! Você ganhou *3 sessões grátis* de depilação a laser com a *Pello Menos.*

Com o *Laser Hacok 4D* que acelera seus resultados e tem a ponteira resfriada garantindo o conforto em cada sessão.

Para liberar seu presente, digita aqui pra mim: *qual o seu nome completo?*"
fabiana soares ferreira,,fL6DULwQp6VULuSej9E0,3 sessões|flamengo|lead|triagem|sem resposta,,2026-08-10 15:39,AUTOMAÇÃO,workflow,TYPE_WHATSAPP,workflow,"Aaah, prazer falar com você, Fabiana Soares Ferreira 😍

Eu sou a assistente virtual da Pello Menos, vou te ajudar por aqui rapidinho e já te encaminho para uma de nossas especialistas.

A Pello Menos é pioneira em depilação segura há mais de 28 anos, com o Laser Hakon 4D, que atua em quatro dimensões do pelo e garante mais conforto com ponteira a -12 °C.

Para eu fazer seu cadastro e lançar seu presente no nosso sistema, digita aqui seu CPF, por favor ⬇️"
fabiana soares ferreira,,fL6DULwQp6VULuSej9E0,3 sessões|flamengo|lead|triagem|sem resposta,,2026-08-10 15:39,CLIENTE,inbound,TYPE_WHATSAPP,,"*Headline:* Conheça a Pello Menos Flamengo
*Source URL:* https://wa.me/wamo/status/preview/558002821239/120250924979940326

Olá! Gostaria de resgatar o voucher das 3 sessões de axilas ou buço, por favor."
fabiana soares ferreira,,fL6DULwQp6VULuSej9E0,3 sessões|flamengo|lead|triagem|sem resposta,,2026-08-10 15:39,CLIENTE,inbound,TYPE_WHATSAPP,,Fabiana soares ferreira
fabiana soares ferreira,,fL6DULwQp6VULuSej9E0,3 sessões|flamengo|lead|triagem|sem resposta,,2026-08-10 15:39,SISTEMA,TYPE_ACTIVITY_OPPORTUNITY,TYPE_ACTIVITY_OPPORTUNITY,app,Opportunity created
fabiana soares ferreira,,fL6DULwQp6VULuSej9E0,3 sessões|flamengo|lead|triagem|sem resposta,,2026-08-10 16:01,HUMANO,Unidade fla@,TYPE_WHATSAPP,app,"Olá, para retirar seu voucher, vou precisar que informe seu CPF e que me responda sobre as contraindicações, e garantir sua segurança no tratamento, tudo bem?

1️⃣ Tem tatuagem ou cicatriz na área a ser tratada?
2️⃣ Possui pelos brancos, loiros ou ruivos na região?
3️⃣ Tem alguma doença diagnosticada? Se sim, qual?
4️⃣ Já teve algum tipo de câncer ?
5️⃣ Está usando algum medicamento atualmente?
6️⃣ Faz bronzeamento artificial com frequência?
7️⃣ Está grávida ou amamentando ?
8️⃣ Tem melasma ou outras condições na pele, como manchas ou sensibilidade?

👉 Se nenhuma das opções se aplicar a você, pode responder: ""Não para todas"". Assim, consigo Garantir o seu Presente com total segurança e tranquilidade! 😉

Só lembrando que esta é uma pre-anamnese, e quando for a loja para iniciar o seu tratamento precisará preencher a anamnese oficial com a profissional do laser ok?!"
fabiana soares ferreira,,fL6DULwQp6VULuSej9E0,3 sessões|flamengo|lead|triagem|sem resposta,,2026-08-14 14:51,SISTEMA,TYPE_ACTIVITY_OPPORTUNITY,TYPE_ACTIVITY_OPPORTUNITY,app,Opportunity updated
fabiana soares ferreira,,fL6DULwQp6VULuSej9E0,3 sessões|flamengo|lead|triagem|sem resposta,,2026-08-21 12:36,HUMANO,Unidade fla@,TYPE_WHATSAPP,app,Oi! 🙂 Falta pouco para finalizarmos seu cadastro e dar continuidade ao seu atendimento. Me chama que já deixo tudo pronto para você.
fernanda kely,,ZpRdmYk16xUcKXkakX9h,3 sessões|flamengo|lead|triagem|sem resposta,,2026-06-25 17:52,AUTOMAÇÃO,workflow,TYPE_WHATSAPP,workflow,"🎉 Parabéns! Você ganhou *3 sessões grátis* de depilação a laser com a *Pello Menos.*

Com o *Laser Hacok 4D* que acelera seus resultados e tem a ponteira resfriada garantindo o conforto em cada sessão.

Para liberar seu presente, digita aqui pra mim: *qual o seu nome completo?*"
fernanda kely,,ZpRdmYk16xUcKXkakX9h,3 sessões|flamengo|lead|triagem|sem resposta,,2026-06-25 17:52,CLIENTE,inbound,TYPE_WHATSAPP,,"*Headline:* Conheça a Pello Menos Flamengo
*Source URL:* https://www.instagram.com/p/DZ79xHRgzKG/

Olá! Gostaria de resgatar o voucher das 3 sessões de axilas ou buço, por favor."
fernanda kely,,ZpRdmYk16xUcKXkakX9h,3 sessões|flamengo|lead|triagem|sem resposta,,2026-06-25 17:52,SISTEMA,TYPE_ACTIVITY_OPPORTUNITY,TYPE_ACTIVITY_OPPORTUNITY,app,Opportunity created
fernanda kely,,ZpRdmYk16xUcKXkakX9h,3 sessões|flamengo|lead|triagem|sem resposta,,2026-07-14 11:18,SISTEMA,TYPE_ACTIVITY_OPPORTUNITY,TYPE_ACTIVITY_OPPORTUNITY,app,Opportunity updated
fernanda kely,,ZpRdmYk16xUcKXkakX9h,3 sessões|flamengo|lead|triagem|sem resposta,,2026-08-22 10:43,HUMANO,Unidade fla@,TYPE_WHATSAPP,app,Oi! 🙂 Falta pouco para finalizarmos seu cadastro e dar continuidade ao seu atendimento. Me chama que já deixo tudo pronto para você.
flavia regina pereira castro,,ewO0RShVTyuCwNPgSm6T,3 sessões|flamengo|lead|triagem|em atendimento,,2026-09-03 12:33,AUTOMAÇÃO,workflow,TYPE_WHATSAPP,workflow,"🎉 Parabéns! Você ganhou *3 sessões grátis* de depilação a laser com a *Pello Menos.*

Com o *Laser Hacok 4D* que acelera seus resultados e tem a ponteira resfriada garantindo o conforto em cada sessão.

Para liberar seu presente, digita aqui pra mim: *qual o seu nome completo?*"
flavia regina pereira castro,,ewO0RShVTyuCwNPgSm6T,3 sessões|flamengo|lead|triagem|em atendimento,,2026-09-03 12:33,CLIENTE,inbound,TYPE_WHATSAPP,,"*Headline:* Conheça a Pello Menos Flamengo
*Source URL:* https://www.instagram.com/p/Dbs61qhgMjk/

Olá! Gostaria de resgatar o voucher das 3 sessões de axilas ou buço, por favor."
flavia regina pereira castro,,ewO0RShVTyuCwNPgSm6T,3 sessões|flamengo|lead|triagem|em atendimento,,2026-09-03 12:33,SISTEMA,TYPE_ACTIVITY_OPPORTUNITY,TYPE_ACTIVITY_OPPORTUNITY,app,Opportunity created
flavia regina pereira castro,,ewO0RShVTyuCwNPgSm6T,3 sessões|flamengo|lead|triagem|em atendimento,,2026-09-03 12:39,AUTOMAÇÃO,workflow,TYPE_WHATSAPP,workflow,"Aaah, prazer falar com você, Flavia Regina Pereira Castro 😍

Eu sou a assistente virtual da Pello Menos, vou te ajudar por aqui rapidinho e já te encaminho para uma de nossas especialistas.

A Pello Menos é pioneira em depilação segura há mais de 28 anos, com o Laser Hakon 4D, que atua em quatro dimensões do pelo e garante mais conforto com ponteira a -12 °C.

Para eu fazer seu cadastro e lançar seu presente no nosso sistema, digita aqui seu CPF, por favor ⬇️"
flavia regina pereira castro,,ewO0RShVTyuCwNPgSm6T,3 sessões|flamengo|lead|triagem|em atendimento,,2026-09-03 12:39,CLIENTE,inbound,TYPE_WHATSAPP,,Flavia Regina Pereira Castro
flavia regina pereira castro,,ewO0RShVTyuCwNPgSm6T,3 sessões|flamengo|lead|triagem|em atendimento,,2026-09-03 12:40,AUTOMAÇÃO,workflow,TYPE_WHATSAPP,workflow,"Já anotei tudo aqui 💜
Agora só preciso que você me responda rapidinho sobre as contraindicações, para garantir sua segurança no tratamento, tudo bem?

1️⃣ Tem tatuagem ou cicatriz na área a ser tratada?
2️⃣ Possui pelos brancos, loiros ou ruivos na região?
3️⃣ Tem alguma doença diagnosticada? Se sim, qual?
4️⃣ Já teve algum tipo de câncer ?
5️⃣ Está usando algum medicamento atualmente?
6️⃣ Faz bronzeamento artificial com frequência?
7️⃣ Está grávida ou amamentando ?
8️⃣ Tem melasma ou outras condições na pele, como manchas ou sensibilidade?

👉 Se nenhuma das opções se aplicar a você, pode responder: ""Não para todas"". Assim, consigo Garantir o seu Presente com total segurança e tranquilidade! 😉

Só lembrando que esta é uma pre-anamnese, e quando for a loja para iniciar o seu tratamento precisará preencher a anamnese oficial com a profissional do laser ok?!"
flavia regina pereira castro,,ewO0RShVTyuCwNPgSm6T,3 sessões|flamengo|lead|triagem|em atendimento,,2026-09-03 12:40,CLIENTE,inbound,TYPE_WHATSAPP,,05235796756
flavia regina pereira castro,,ewO0RShVTyuCwNPgSm6T,3 sessões|flamengo|lead|triagem|em atendimento,,2026-09-03 12:41,AUTOMAÇÃO,workflow,TYPE_WHATSAPP,workflow,"Perfeito! 😊
Já estou encaminhando suas informações para uma de nossas consultoras.

Enquanto isso, me conta: além da área que você ganhou de presente, tem alguma outra área que você gostaria de conhecer melhor, sem compromisso? 💜"
flavia regina pereira castro,,ewO0RShVTyuCwNPgSm6T,3 sessões|flamengo|lead|triagem|em atendimento,,2026-09-03 12:41,CLIENTE,inbound,TYPE_WHATSAPP,,Não para todas
flavia regina pereira castro,,ewO0RShVTyuCwNPgSm6T,3 sessões|flamengo|lead|triagem|em atendimento,,2026-09-03 12:41,SISTEMA,TYPE_ACTIVITY_OPPORTUNITY,TYPE_ACTIVITY_OPPORTUNITY,app,Opportunity updated
flavia regina pereira castro,,ewO0RShVTyuCwNPgSm6T,3 sessões|flamengo|lead|triagem|em atendimento,,2026-09-03 13:18,HUMANO,Unidade fla@,TYPE_WHATSAPP,app,"Olá Flavia! aqui é a Giulia, operadora do Laser da unidade do Flamengo.

Tem alguma outra região que te incomoda hoje?"
flavia regina pereira castro,,ewO0RShVTyuCwNPgSm6T,3 sessões|flamengo|lead|triagem|em atendimento,,2026-09-15 11:32,HUMANO,Unidade fla@,TYPE_WHATSAPP,app,Sua condição ainda está disponível no momento. Me chama para garantir. 😊
geovanna portela,,rDMgJRIP4P8cPhbINoX8,3 sessões|flamengo|lead|triagem|sem resposta,,2026-08-06 16:46,AUTOMAÇÃO,workflow,TYPE_WHATSAPP,workflow,"🎉 Parabéns! Você ganhou *3 sessões grátis* de depilação a laser com a *Pello Menos.*

Com o *Laser Hacok 4D* que acelera seus resultados e tem a ponteira resfriada garantindo o conforto em cada sessão.

Para liberar seu presente, digita aqui pra mim: *qual o seu nome completo?*"
geovanna portela,,rDMgJRIP4P8cPhbINoX8,3 sessões|flamengo|lead|triagem|sem resposta,,2026-08-06 16:46,CLIENTE,inbound,TYPE_WHATSAPP,,"*Headline:* Conheça a Pello Menos Flamengo
*Source URL:* https://www.instagram.com/p/Dbs61qhgMjk/

Olá! Gostaria de resgatar o voucher das 3 sessões de axilas ou buço, por favor."
geovanna portela,,rDMgJRIP4P8cPhbINoX8,3 sessões|flamengo|lead|triagem|sem resposta,,2026-08-06 16:46,SISTEMA,TYPE_ACTIVITY_OPPORTUNITY,TYPE_ACTIVITY_OPPORTUNITY,app,Opportunity created
geovanna portela,,rDMgJRIP4P8cPhbINoX8,3 sessões|flamengo|lead|triagem|sem resposta,,2026-08-06 18:19,HUMANO,Unidade fla@,TYPE_WHATSAPP,app,"Olá, seja bem vinda. Para retirar seu voucher, preciso que responda as perguntas. Não se preocupe, é um pré cadastro para organizarmos sua retirada no sistema la na sua unidade - FLAMENGO"
geovanna portela,,rDMgJRIP4P8cPhbINoX8,3 sessões|flamengo|lead|triagem|sem resposta,,2026-08-14 15:03,SISTEMA,TYPE_ACTIVITY_OPPORTUNITY,TYPE_ACTIVITY_OPPORTUNITY,app,Opportunity updated
geovanna portela,,rDMgJRIP4P8cPhbINoX8,3 sessões|flamengo|lead|triagem|sem resposta,,2026-08-14 15:04,SISTEMA,TYPE_ACTIVITY_OPPORTUNITY,TYPE_ACTIVITY_OPPORTUNITY,app,Opportunity updated
geovanna portela,,rDMgJRIP4P8cPhbINoX8,3 sessões|flamengo|lead|triagem|sem resposta,,2026-08-21 12:37,HUMANO,Unidade fla@,TYPE_WHATSAPP,app,Oi! 🤩 Você recebeu uma indicação com direito a 3 sessões de axilas gratuitas. Me chama que te explico como garantir.
geraldo franco,,GN0dY5PoxgAKRTg2HpeA,"axila r$94,90|flamengo|lead|triagem",,2026-09-19 11:54,AUTOMAÇÃO,workflow,TYPE_WHATSAPP,workflow,"Oi! Que bom te ver por aqui 🤩

Parabéns pela decisão de começar seu tratamento!

Aqui na Pello Menos usamos o HAKON 4D, que proporciona um resultado mais rápido e duradouro.

E o melhor: a ponteira é geladinha (-12°C), deixando a aplicação muito mais confortável e segura para todos os tipos de pele.

Me conta, qual o seu nome? 💬"
geraldo franco,,GN0dY5PoxgAKRTg2HpeA,"axila r$94,90|flamengo|lead|triagem",,2026-09-19 11:54,CLIENTE,inbound,TYPE_WHATSAPP,,"*Headline:* Conheça a Pello Menos Flamengo
*Source URL:* https://fb.me/4sHoe0MS0

Olá! Gostaria de aproveitar as 10 sessões de axila por R$94, por favor."
geraldo franco,,GN0dY5PoxgAKRTg2HpeA,"axila r$94,90|flamengo|lead|triagem",,2026-09-19 11:54,SISTEMA,TYPE_ACTIVITY_OPPORTUNITY,TYPE_ACTIVITY_OPPORTUNITY,app,Opportunity created
geraldo franco,,GN0dY5PoxgAKRTg2HpeA,"axila r$94,90|flamengo|lead|triagem",,2026-09-19 15:24,HUMANO,Unidade fla@,TYPE_WHATSAPP,app,"Olá, boa tarde

Me chamo Marcus, obrigado pelo contato.

Além da Axila, possui alguma outra área que gostaria de realizar o tratamento?"
geraldo franco,,GN0dY5PoxgAKRTg2HpeA,"axila r$94,90|flamengo|lead|triagem",,2026-09-22 12:19,HUMANO,Unidade fla@,TYPE_WHATSAPP,app,"Confirmação de Atendimento

Oi! 😊 Vamos dar continuidade ao seu atendimento? Estou por aqui para tirar suas dúvidas e te ajudar a garantir o seu tratamento de depilação a laser. 💜"
germana araújo de oliveira,,z5tagMYt5NSS9FFIey1m,3 sessões|flamengo|lead|triagem|sem resposta,,2026-07-11 11:40,AUTOMAÇÃO,workflow,TYPE_WHATSAPP,workflow,"🎉 Parabéns! Você ganhou *3 sessões grátis* de depilação a laser com a *Pello Menos.*

Com o *Laser Hacok 4D* que acelera seus resultados e tem a ponteira resfriada garantindo o conforto em cada sessão.

Para liberar seu presente, digita aqui pra mim: *qual o seu nome completo?*"
germana araújo de oliveira,,z5tagMYt5NSS9FFIey1m,3 sessões|flamengo|lead|triagem|sem resposta,,2026-07-11 11:40,CLIENTE,inbound,TYPE_WHATSAPP,,"*Headline:* Conheça a Pello Menos Flamengo
*Source URL:* https://wa.me/wamo/status/preview/558002821239/120250021868980326

Olá! Gostaria de resgatar o voucher das 3 sessões de axilas ou buço, por favor."
germana araújo de oliveira,,z5tagMYt5NSS9FFIey1m,3 sessões|flamengo|lead|triagem|sem resposta,,2026-07-11 11:40,SISTEMA,TYPE_ACTIVITY_OPPORTUNITY,TYPE_ACTIVITY_OPPORTUNITY,app,Opportunity created
germana araújo de oliveira,,z5tagMYt5NSS9FFIey1m,3 sessões|flamengo|lead|triagem|sem resposta,,2026-07-11 11:51,AUTOMAÇÃO,workflow,TYPE_WHATSAPP,workflow,"Aaah, prazer falar com você, Germana Araújo De Oliveira 😍

Eu sou a assistente virtual da Pello Menos, vou te ajudar por aqui rapidinho e já te encaminho para uma de nossas especialistas.

A Pello Menos é pioneira em depilação segura há mais de 28 anos, com o Laser Hakon 4D, que atua em quatro dimensões do pelo e garante mais conforto com ponteira a -12 °C.

Para eu fazer seu cadastro e lançar seu presente no nosso sistema, digita aqui seu CPF, por favor ⬇️"
germana araújo de oliveira,,z5tagMYt5NSS9FFIey1m,3 sessões|flamengo|lead|triagem|sem resposta,,2026-07-11 11:51,CLIENTE,inbound,TYPE_WHATSAPP,,Germana Araújo de Oliveira
germana araújo de oliveira,,z5tagMYt5NSS9FFIey1m,3 sessões|flamengo|lead|triagem|sem resposta,,2026-07-11 13:06,HUMANO,Unidade fla@,TYPE_WHATSAPP,app,"Olá, boa tarde, para retirar seu voucher, preciso que responda essas questões."
germana araújo de oliveira,,z5tagMYt5NSS9FFIey1m,3 sessões|flamengo|lead|triagem|sem resposta,,2026-07-14 11:11,SISTEMA,TYPE_ACTIVITY_OPPORTUNITY,TYPE_ACTIVITY_OPPORTUNITY,app,Opportunity updated
germana araújo de oliveira,,z5tagMYt5NSS9FFIey1m,3 sessões|flamengo|lead|triagem|sem resposta,,2026-07-14 11:11,SISTEMA,TYPE_ACTIVITY_OPPORTUNITY,TYPE_ACTIVITY_OPPORTUNITY,app,Opportunity updated
germana araújo de oliveira,,z5tagMYt5NSS9FFIey1m,3 sessões|flamengo|lead|triagem|sem resposta,,2026-08-22 10:36,HUMANO,Unidade fla@,TYPE_WHATSAPP,app,Oi! 🙂 Falta pouco para finalizarmos seu cadastro e dar continuidade ao seu atendimento. Me chama que já deixo tudo pronto para você.
giovana rosário,,DpXaXRXk62BL4kqrhUOb,3 sessões|flamengo|lead|triagem|sem resposta,,2026-08-04 14:52,AUTOMAÇÃO,workflow,TYPE_WHATSAPP,workflow,"🎉 Parabéns! Você ganhou *3 sessões grátis* de depilação a laser com a *Pello Menos.*

Com o *Laser Hacok 4D* que acelera seus resultados e tem a ponteira resfriada garantindo o conforto em cada sessão.

Para liberar seu presente, digita aqui pra mim: *qual o seu nome completo?*"
giovana rosário,,DpXaXRXk62BL4kqrhUOb,3 sessões|flamengo|lead|triagem|sem resposta,,2026-08-04 14:52,CLIENTE,inbound,TYPE_WHATSAPP,,"*Headline:* Conheça a Pello Menos Flamengo
*Source URL:* https://www.instagram.com/p/Dadlk7tA4hY/

Olá! Gostaria de resgatar o voucher das 3 sessões de axilas ou buço, por favor."
giovana rosário,,DpXaXRXk62BL4kqrhUOb,3 sessões|flamengo|lead|triagem|sem resposta,,2026-08-04 14:52,SISTEMA,TYPE_ACTIVITY_OPPORTUNITY,TYPE_ACTIVITY_OPPORTUNITY,app,Opportunity created
giovana rosário,,DpXaXRXk62BL4kqrhUOb,3 sessões|flamengo|lead|triagem|sem resposta,,2026-08-14 15:08,SISTEMA,TYPE_ACTIVITY_OPPORTUNITY,TYPE_ACTIVITY_OPPORTUNITY,app,Opportunity updated
giovana rosário,,DpXaXRXk62BL4kqrhUOb,3 sessões|flamengo|lead|triagem|sem resposta,,2026-08-21 12:41,HUMANO,Unidade fla@,TYPE_WHATSAPP,app,"Seu atendimento

Dando continuidade ao seu atendimento por aqui. Me chama que te explico rapidinho e já deixo tudo encaminhado. 😊"
giovanna barros olivetti,,Ic7f7Y9N52yEwICrOEJv,3 sessões|flamengo|lead|triagem|comanda cortesia aberta,,2026-06-24 09:47,AUTOMAÇÃO,workflow,TYPE_WHATSAPP,workflow,"🎉 Parabéns! Você ganhou *3 sessões grátis* de depilação a laser com a *Pello Menos.*

Com o *Laser Hacok 4D* que acelera seus resultados e tem a ponteira resfriada garantindo o conforto em cada sessão.

Para liberar seu presente, digita aqui pra mim: *qual o seu nome completo?*"
giovanna barros olivetti,,Ic7f7Y9N52yEwICrOEJv,3 sessões|flamengo|lead|triagem|comanda cortesia aberta,,2026-06-24 09:47,CLIENTE,inbound,TYPE_WHATSAPP,,"*Headline:* Conheça a Pello Menos Flamengo
*Source URL:* https://www.instagram.com/p/DZ79xG9gPZw/

Olá! Gostaria de resgatar o voucher das 3 sessões de axilas ou buço, por favor."
giovanna barros olivetti,,Ic7f7Y9N52yEwICrOEJv,3 sessões|flamengo|lead|triagem|comanda cortesia aberta,,2026-06-24 09:47,SISTEMA,TYPE_ACTIVITY_OPPORTUNITY,TYPE_ACTIVITY_OPPORTUNITY,app,Opportunity created
giovanna barros olivetti,,Ic7f7Y9N52yEwICrOEJv,3 sessões|flamengo|lead|triagem|comanda cortesia aberta,,2026-06-24 09:48,AUTOMAÇÃO,workflow,TYPE_WHATSAPP,workflow,"Aaah, prazer falar com você, Giovanna Barros Olivetti 😍

Eu sou a assistente virtual da Pello Menos, vou te ajudar por aqui rapidinho e já te encaminho para uma de nossas especialistas.

A Pello Menos é pioneira em depilação segura há mais de 28 anos, com o Laser Hakon 4D, que atua em quatro dimensões do pelo e garante mais conforto com ponteira a -12 °C.

Para eu fazer seu cadastro e lançar seu presente no nosso sistema, digita aqui seu CPF, por favor ⬇️"
giovanna barros olivetti,,Ic7f7Y9N52yEwICrOEJv,3 sessões|flamengo|lead|triagem|comanda cortesia aberta,,2026-06-24 09:48,AUTOMAÇÃO,workflow,TYPE_WHATSAPP,workflow,"Já anotei tudo aqui 💜
Agora só preciso que você me responda rapidinho sobre as contraindicações, para garantir sua segurança no tratamento, tudo bem?

1️⃣ Tem tatuagem ou cicatriz na área a ser tratada?
2️⃣ Possui pelos brancos, loiros ou ruivos na região?
3️⃣ Tem alguma doença diagnosticada? Se sim, qual?
4️⃣ Já teve algum tipo de câncer ?
5️⃣ Está usando algum medicamento atualmente?
6️⃣ Faz bronzeamento artificial com frequência?
7️⃣ Está grávida ou amamentando ?
8️⃣ Tem melasma ou outras condições na pele, como manchas ou sensibilidade?

👉 Se nenhuma das opções se aplicar a você, pode responder: ""Não para todas"". Assim, consigo Garantir o seu Presente com total segurança e tranquilidade! 😉

Só lembrando que esta é uma pre-anamnese, e quando for a loja para iniciar o seu tratamento precisará preencher a anamnese oficial com a profissional do laser ok?!"
giovanna barros olivetti,,Ic7f7Y9N52yEwICrOEJv,3 sessões|flamengo|lead|triagem|comanda cortesia aberta,,2026-06-24 09:48,CLIENTE,inbound,TYPE_WHATSAPP,,Giovanna Barros Olivetti
giovanna barros olivetti,,Ic7f7Y9N52yEwICrOEJv,3 sessões|flamengo|lead|triagem|comanda cortesia aberta,,2026-06-24 09:48,CLIENTE,inbound,TYPE_WHATSAPP,,14493541733
giovanna barros olivetti,,Ic7f7Y9N52yEwICrOEJv,3 sessões|flamengo|lead|triagem|comanda cortesia aberta,,2026-06-24 09:49,AUTOMAÇÃO,workflow,TYPE_WHATSAPP,workflow,"Perfeito! 😊
Já estou encaminhando suas informações para uma de nossas consultoras.

Enquanto isso, me conta: além da área que você ganhou de presente, tem alguma outra área que você gostaria de conhecer melhor, sem compromisso? 💜"
giovanna barros olivetti,,Ic7f7Y9N52yEwICrOEJv,3 sessões|flamengo|lead|triagem|comanda cortesia aberta,,2026-06-24 09:49,CLIENTE,inbound,TYPE_WHATSAPP,,Nao para todos
giovanna barros olivetti,,Ic7f7Y9N52yEwICrOEJv,3 sessões|flamengo|lead|triagem|comanda cortesia aberta,,2026-06-24 09:49,SISTEMA,TYPE_ACTIVITY_OPPORTUNITY,TYPE_ACTIVITY_OPPORTUNITY,app,Opportunity updated
giovanna barros olivetti,,Ic7f7Y9N52yEwICrOEJv,3 sessões|flamengo|lead|triagem|comanda cortesia aberta,,2026-06-24 09:50,CLIENTE,inbound,TYPE_WHATSAPP,,Quero conhecer primeiro
giovanna barros olivetti,,Ic7f7Y9N52yEwICrOEJv,3 sessões|flamengo|lead|triagem|comanda cortesia aberta,,2026-06-24 10:29,HUMANO,Unidade fla@,TYPE_WHATSAPP,app,"Olá Giovanna, aqui é a Giulia, operadora do Laser da unidade do Flamengo.

Para continuarmos, preciso concluir seu cadastro no sistema e após seu cadastro, você pode vir na unidade concluir e realizar sua sessão."
giovanna barros olivetti,,Ic7f7Y9N52yEwICrOEJv,3 sessões|flamengo|lead|triagem|comanda cortesia aberta,,2026-06-24 10:30,HUMANO,Unidade fla@,TYPE_WHATSAPP,app,Pode me informar sua data de nascimento?
giovanna barros olivetti,,Ic7f7Y9N52yEwICrOEJv,3 sessões|flamengo|lead|triagem|comanda cortesia aberta,,2026-06-24 12:11,CLIENTE,inbound,TYPE_WHATSAPP,,"Oi, Giulia"
giovanna barros olivetti,,Ic7f7Y9N52yEwICrOEJv,3 sessões|flamengo|lead|triagem|comanda cortesia aberta,,2026-06-24 12:11,CLIENTE,inbound,TYPE_WHATSAPP,,"Me chamo Talita, sou mãe da Giovanna e estou fazendo o cadastro pra ela"
giovanna barros olivetti,,Ic7f7Y9N52yEwICrOEJv,3 sessões|flamengo|lead|triagem|comanda cortesia aberta,,2026-06-24 12:11,CLIENTE,inbound,TYPE_WHATSAPP,,26/12/2008
giovanna barros olivetti,,Ic7f7Y9N52yEwICrOEJv,3 sessões|flamengo|lead|triagem|comanda cortesia aberta,,2026-06-24 12:37,HUMANO,Unidade fla@,TYPE_WHATSAPP,app,Certo!
giovanna barros olivetti,,Ic7f7Y9N52yEwICrOEJv,3 sessões|flamengo|lead|triagem|comanda cortesia aberta,,2026-06-24 12:39,HUMANO,Unidade fla@,TYPE_WHATSAPP,app,"Já realizei o cadastro, agora só comparecer na loja para finalizar e realizar as sessões."
giovanna barros olivetti,,Ic7f7Y9N52yEwICrOEJv,3 sessões|flamengo|lead|triagem|comanda cortesia aberta,,2026-06-24 12:43,CLIENTE,inbound,TYPE_WHATSAPP,,Precisa agendar?
giovanna barros olivetti,,Ic7f7Y9N52yEwICrOEJv,3 sessões|flamengo|lead|triagem|comanda cortesia aberta,,2026-06-24 12:45,CLIENTE,inbound,TYPE_WHATSAPP,,"Ah, maravilha! Qto tempo leva, mais ou menos?"
giovanna barros olivetti,,Ic7f7Y9N52yEwICrOEJv,3 sessões|flamengo|lead|triagem|comanda cortesia aberta,,2026-06-24 12:45,HUMANO,Unidade fla@,TYPE_WHATSAPP,app,"Sem agendamentos, funcionamos sem hora marcada. Horário de funcionamento do Laser: de terça à sexta, de 9:00 às 19:00 e sábados de 9:00 às 18:00."
giovanna barros olivetti,,Ic7f7Y9N52yEwICrOEJv,3 sessões|flamengo|lead|triagem|comanda cortesia aberta,,2026-06-24 12:46,CLIENTE,inbound,TYPE_WHATSAPP,,"Me passe o endreço de vcs tb, por favor"
giovanna barros olivetti,,Ic7f7Y9N52yEwICrOEJv,3 sessões|flamengo|lead|triagem|comanda cortesia aberta,,2026-06-24 12:47,HUMANO,Unidade fla@,TYPE_WHATSAPP,app,"Rua Marquês de Abrantes, 209 - Flamengo"
giovanna barros olivetti,,Ic7f7Y9N52yEwICrOEJv,3 sessões|flamengo|lead|triagem|comanda cortesia aberta,,2026-06-24 12:47,HUMANO,Unidade fla@,TYPE_WHATSAPP,app,A sessão do Laser na Axila dura mais ou menos 10min.
giovanna barros olivetti,,Ic7f7Y9N52yEwICrOEJv,3 sessões|flamengo|lead|triagem|comanda cortesia aberta,,2026-06-24 12:55,CLIENTE,inbound,TYPE_WHATSAPP,,"Ok, obrigada"
giovanna barros olivetti,,Ic7f7Y9N52yEwICrOEJv,3 sessões|flamengo|lead|triagem|comanda cortesia aberta,,2026-06-24 14:43,SISTEMA,TYPE_ACTIVITY_OPPORTUNITY,TYPE_ACTIVITY_OPPORTUNITY,app,Opportunity updated
giovanna lissa,,vaWsWlLwVtHJsG8H2Oyq,3 sessões|flamengo|lead|triagem|sem resposta,,2026-07-07 12:53,AUTOMAÇÃO,workflow,TYPE_WHATSAPP,workflow,"🎉 Parabéns! Você ganhou *3 sessões grátis* de depilação a laser com a *Pello Menos.*

Com o *Laser Hacok 4D* que acelera seus resultados e tem a ponteira resfriada garantindo o conforto em cada sessão.

Para liberar seu presente, digita aqui pra mim: *qual o seu nome completo?*"
giovanna lissa,,vaWsWlLwVtHJsG8H2Oyq,3 sessões|flamengo|lead|triagem|sem resposta,,2026-07-07 12:53,CLIENTE,inbound,TYPE_WHATSAPP,,"*Headline:* Conheça a Pello Menos Flamengo
*Source URL:* https://www.instagram.com/p/Dadlk7tA4hY/

Olá! Gostaria de resgatar o voucher das 3 sessões de axilas ou buço, por favor."
giovanna lissa,,vaWsWlLwVtHJsG8H2Oyq,3 sessões|flamengo|lead|triagem|sem resposta,,2026-07-07 12:54,SISTEMA,TYPE_ACTIVITY_OPPORTUNITY,TYPE_ACTIVITY_OPPORTUNITY,app,Opportunity created
giovanna lissa,,vaWsWlLwVtHJsG8H2Oyq,3 sessões|flamengo|lead|triagem|sem resposta,,2026-07-07 14:25,HUMANO,Unidade fla@,TYPE_WHATSAPP,app,"Olá, podemos dar continuidade ao processo?"
giovanna lissa,,vaWsWlLwVtHJsG8H2Oyq,3 sessões|flamengo|lead|triagem|sem resposta,,2026-07-14 11:14,SISTEMA,TYPE_ACTIVITY_OPPORTUNITY,TYPE_ACTIVITY_OPPORTUNITY,app,Opportunity updated
giovanna lissa,,vaWsWlLwVtHJsG8H2Oyq,3 sessões|flamengo|lead|triagem|sem resposta,,2026-08-22 10:38,HUMANO,Unidade fla@,TYPE_WHATSAPP,app,Oi! 🙂 Falta pouco para finalizarmos seu cadastro e dar continuidade ao seu atendimento. Me chama que já deixo tudo pronto para você.
giselle lemos,,ZwNhvBzQYyAnFPxChYHi,flamengo|lead|triagem,,2026-08-25 15:18,CLIENTE,inbound,TYPE_WHATSAPP,,"*Headline:* Conheça a Pello Menos Flamengo
*Source URL:* https://www.instagram.com/p/Dbv7Y85APlD/

Boa tarde !
Gostaria de saber se estão contratando ?"
giselle lemos,,ZwNhvBzQYyAnFPxChYHi,flamengo|lead|triagem,,2026-08-25 15:19,SISTEMA,TYPE_ACTIVITY_OPPORTUNITY,TYPE_ACTIVITY_OPPORTUNITY,app,Opportunity created
giselle lemos,,ZwNhvBzQYyAnFPxChYHi,flamengo|lead|triagem,,2026-08-25 16:25,HUMANO,Unidade fla@,TYPE_WHATSAPP,app,"Boa tarde, esse contato é referente à atendimento do Laser Pello Menos. Solicito que busque o nosso SAC para que consiga tirar outras dúvidas: 0800 282 1233"
giselle lemos,,ZwNhvBzQYyAnFPxChYHi,flamengo|lead|triagem,,2026-08-25 17:31,CLIENTE,inbound,TYPE_WHATSAPP,,Obrigada
giselle lemos,,ZwNhvBzQYyAnFPxChYHi,flamengo|lead|triagem,,2026-09-02 09:13,CLIENTE,inbound,TYPE_WHATSAPP,,"*Headline:* Conheça a Pello Menos Gonçalves Dias
*Source URL:* https://fb.me/5zfUsJGCm

Bom dia !
Gostaria de saber se estão contratando depiladora ?"
giselle lemos,,ZwNhvBzQYyAnFPxChYHi,flamengo|lead|triagem,,2026-09-02 17:28,HUMANO,Unidade fla@,TYPE_WHATSAPP,app,"Olá, aqui é unidade Flamengo

Como podemos ajudar?"
giselle lemos,,ZwNhvBzQYyAnFPxChYHi,flamengo|lead|triagem,,2026-09-21 12:11,CLIENTE,inbound,TYPE_WHATSAPP,,"*Headline:* Conheça a Pello Menos Gonçalves Dias
*Source URL:* https://fb.me/7ZbXEKBiA

Bom dia !"
giselle lemos,,ZwNhvBzQYyAnFPxChYHi,flamengo|lead|triagem,,2026-09-21 13:14,CLIENTE,inbound,TYPE_WHATSAPP,,Obrigada
giselle lemos,,ZwNhvBzQYyAnFPxChYHi,flamengo|lead|triagem,,2026-09-21 13:14,HUMANO,Unidade fla@,TYPE_WHATSAPP,app,Solicito que entre em contato com nosso SAC 0800 282 1233
gomes,,RaUsTdCAwNDjIYdvxjIw,flamengo|lead|triagem|em negociação,,2026-08-01 11:14,CLIENTE,inbound,TYPE_WHATSAPP,,"*Headline:* Conheça a Pello Menos Flamengo
*Source URL:* https://www.instagram.com/p/Dadlk7tA4hY/

Olá! Gostaria de apresentar uma proposta comercial."
gomes,,RaUsTdCAwNDjIYdvxjIw,flamengo|lead|triagem|em negociação,,2026-08-01 11:14,SISTEMA,TYPE_ACTIVITY_OPPORTUNITY,TYPE_ACTIVITY_OPPORTUNITY,app,Opportunity created
gomes,,RaUsTdCAwNDjIYdvxjIw,flamengo|lead|triagem|em negociação,,2026-08-01 13:42,HUMANO,Unidade fla@,TYPE_WHATSAPP,app,"Olá, boa tarde."
gomes,,RaUsTdCAwNDjIYdvxjIw,flamengo|lead|triagem|em negociação,,2026-08-14 15:13,SISTEMA,TYPE_ACTIVITY_OPPORTUNITY,TYPE_ACTIVITY_OPPORTUNITY,app,Opportunity updated
"gostaria de saber se possui algum combo com virilha, buço",,HwGiqLDv1RwyB74FrC3v,outros descontos|flamengo|lead|triagem|sem resposta,,2026-08-28 17:40,AUTOMAÇÃO,workflow,TYPE_WHATSAPP,workflow,"Oi! Que bom te ver por aqui 🤩

Parabéns pela decisão de começar seu tratamento!

Aqui na Pello Menos usamos o HAKON 4D, que proporciona um resultado mais rápido e duradouro.

E o melhor: a ponteira é geladinha (-12°C), deixando a aplicação muito mais confortável e segura para todos os tipos de pele.

Me conta, qual o seu nome? 💬"
"gostaria de saber se possui algum combo com virilha, buço",,HwGiqLDv1RwyB74FrC3v,outros descontos|flamengo|lead|triagem|sem resposta,,2026-08-28 17:40,AUTOMAÇÃO,workflow,TYPE_WHATSAPP,workflow,"Aaah, prazer falar com você, Gostaria De Saber Se Possui Algum Combo Com Virilha, Buço 😍

Muito obrigada pelas informações!
Eu sou a assistente virtual da Pello Menos, vou te ajudar por aqui rapidinho e já te encaminho para uma das nossas especialistas, tá?

Só pra você saber, a Pello Menos é pioneira em depilação feminina no Brasil, há mais de 30 anos cuidando de mulheres com excelência ✨

Vi que você clicou no nosso anúncio 👀
Me conta só uma coisinha pra gente te direcionar melhor…

Quais regiões mais te incomodam hoje e que você gostaria de se livrar dos pelinhos de vez? 💬"
"gostaria de saber se possui algum combo com virilha, buço",,HwGiqLDv1RwyB74FrC3v,outros descontos|flamengo|lead|triagem|sem resposta,,2026-08-28 17:40,CLIENTE,inbound,TYPE_WHATSAPP,,"*Headline:* Conheça a Pello Menos Flamengo
*Source URL:* https://www.instagram.com/p/Dbv7YH_A00x/

Garanta seu desconto nos nossos combos no mês de Agosto."
"gostaria de saber se possui algum combo com virilha, buço",,HwGiqLDv1RwyB74FrC3v,outros descontos|flamengo|lead|triagem|sem resposta,,2026-08-28 17:40,CLIENTE,inbound,TYPE_WHATSAPP,,Olá
"gostaria de saber se possui algum combo com virilha, buço",,HwGiqLDv1RwyB74FrC3v,outros descontos|flamengo|lead|triagem|sem resposta,,2026-08-28 17:40,CLIENTE,inbound,TYPE_WHATSAPP,,"Gostaria de saber se possui algum combo com virilha, buço"
"gostaria de saber se possui algum combo com virilha, buço",,HwGiqLDv1RwyB74FrC3v,outros descontos|flamengo|lead|triagem|sem resposta,,2026-08-28 17:40,SISTEMA,TYPE_ACTIVITY_OPPORTUNITY,TYPE_ACTIVITY_OPPORTUNITY,app,Opportunity created
"gostaria de saber se possui algum combo com virilha, buço",,HwGiqLDv1RwyB74FrC3v,outros descontos|flamengo|lead|triagem|sem resposta,,2026-08-28 17:41,AUTOMAÇÃO,workflow,TYPE_WHATSAPP,workflow,"Perfeito! 😊
Já estou encaminhando suas informações para nossa consultora. 💜"
"gostaria de saber se possui algum combo com virilha, buço",,HwGiqLDv1RwyB74FrC3v,outros descontos|flamengo|lead|triagem|sem resposta,,2026-08-28 17:41,CLIENTE,inbound,TYPE_WHATSAPP,,"Buço, virilha"
"gostaria de saber se possui algum combo com virilha, buço",,HwGiqLDv1RwyB74FrC3v,outros descontos|flamengo|lead|triagem|sem resposta,,2026-08-28 17:41,SISTEMA,TYPE_ACTIVITY_OPPORTUNITY,TYPE_ACTIVITY_OPPORTUNITY,app,Opportunity updated
"gostaria de saber se possui algum combo com virilha, buço",,HwGiqLDv1RwyB74FrC3v,outros descontos|flamengo|lead|triagem|sem resposta,,2026-08-28 17:42,HUMANO,Unidade fla@,TYPE_WHATSAPP,app,"Olá Ester! aqui é a Giulia, operadora do Laser da unidade do Flamengo. Vou estar dando continuidade no seu atendimento!"
"gostaria de saber se possui algum combo com virilha, buço",,HwGiqLDv1RwyB74FrC3v,outros descontos|flamengo|lead|triagem|sem resposta,,2026-08-28 17:42,HUMANO,Unidade fla@,TYPE_WHATSAPP,app,Estamos com ótimas oportunidades para a região da virilha!
"gostaria de saber se possui algum combo com virilha, buço",,HwGiqLDv1RwyB74FrC3v,outros descontos|flamengo|lead|triagem|sem resposta,,2026-08-28 17:42,HUMANO,Unidade fla@,TYPE_WHATSAPP,app,"Vou te apresentar as condições especiais do mês de Agosto para virilha:
🌸Combo 1: Virilha total + Interglúteos + faixa (umbigo): 10x de 83,60
🌸Combo 2: Virilha comum + Axila ou Buço: 10x de 62,29
🌸Combo 3: Virilha total + Faixa (umbigo) + perna inteira: 10x de 253,00"
"gostaria de saber se possui algum combo com virilha, buço",,HwGiqLDv1RwyB74FrC3v,outros descontos|flamengo|lead|triagem|sem resposta,,2026-08-28 17:43,CLIENTE,inbound,TYPE_WHATSAPP,,Vcs tem a modalidade de cartão recorrente?
"gostaria de saber se possui algum combo com virilha, buço",,HwGiqLDv1RwyB74FrC3v,outros descontos|flamengo|lead|triagem|sem resposta,,2026-08-28 17:43,HUMANO,Unidade fla@,TYPE_WHATSAPP,app,"Claro! Você pode pagar no recorrente, com uma entrada via link de pagamento, e as demais quando vier na loja, cadastrar o cartão."
"gostaria de saber se possui algum combo com virilha, buço",,HwGiqLDv1RwyB74FrC3v,outros descontos|flamengo|lead|triagem|sem resposta,,2026-08-28 17:47,HUMANO,Unidade fla@,TYPE_WHATSAPP,app,O que você achou das condições?
"gostaria de saber se possui algum combo com virilha, buço",,HwGiqLDv1RwyB74FrC3v,outros descontos|flamengo|lead|triagem|sem resposta,,2026-09-01 12:32,SISTEMA,TYPE_ACTIVITY_OPPORTUNITY,TYPE_ACTIVITY_OPPORTUNITY,app,Opportunity updated
gostaria de saber sobre os pacotes,,OZ0wPHJtkAlZhUexoTEI,outros descontos|flamengo|lead|triagem|em atendimento,,2026-08-31 11:53,AUTOMAÇÃO,workflow,TYPE_WHATSAPP,workflow,"Oi! Que bom te ver por aqui 🤩

Parabéns pela decisão de começar seu tratamento!

Aqui na Pello Menos usamos o HAKON 4D, que proporciona um resultado mais rápido e duradouro.

E o melhor: a ponteira é geladinha (-12°C), deixando a aplicação muito mais confortável e segura para todos os tipos de pele.

Me conta, qual o seu nome? 💬"
gostaria de saber sobre os pacotes,,OZ0wPHJtkAlZhUexoTEI,outros descontos|flamengo|lead|triagem|em atendimento,,2026-08-31 11:53,CLIENTE,inbound,TYPE_WHATSAPP,,"*Headline:* Conheça a Pello Menos Flamengo
*Source URL:* https://www.instagram.com/p/Dbv7ZDzAD2M/

Garanta seu desconto nos nossos combos no mês de Agosto."
gostaria de saber sobre os pacotes,,OZ0wPHJtkAlZhUexoTEI,outros descontos|flamengo|lead|triagem|em atendimento,,2026-08-31 11:53,SISTEMA,TYPE_ACTIVITY_OPPORTUNITY,TYPE_ACTIVITY_OPPORTUNITY,app,Opportunity created
gostaria de saber sobre os pacotes,,OZ0wPHJtkAlZhUexoTEI,outros descontos|flamengo|lead|triagem|em atendimento,,2026-08-31 11:59,AUTOMAÇÃO,workflow,TYPE_WHATSAPP,workflow,"Aaah, prazer falar com você, Gostaria De Saber Sobre Os Pacotes 😍

Muito obrigada pelas informações!
Eu sou a assistente virtual da Pello Menos, vou te ajudar por aqui rapidinho e já te encaminho para uma das nossas especialistas, tá?

Só pra você saber, a Pello Menos é pioneira em depilação feminina no Brasil, há mais de 30 anos cuidando de mulheres com excelência ✨

Vi que você clicou no nosso anúncio 👀
Me conta só uma coisinha pra gente te direcionar melhor…

Quais regiões mais te incomodam hoje e que você gostaria de se livrar dos pelinhos de vez? 💬"
gostaria de saber sobre os pacotes,,OZ0wPHJtkAlZhUexoTEI,outros descontos|flamengo|lead|triagem|em atendimento,,2026-08-31 11:59,CLIENTE,inbound,TYPE_WHATSAPP,,Gostaria de saber sobre os pacotes
gostaria de saber sobre os pacotes,,OZ0wPHJtkAlZhUexoTEI,outros descontos|flamengo|lead|triagem|em atendimento,,2026-08-31 12:00,AUTOMAÇÃO,workflow,TYPE_WHATSAPP,workflow,"Perfeito! 😊
Já estou encaminhando suas informações para nossa consultora. 💜"
gostaria de saber sobre os pacotes,,OZ0wPHJtkAlZhUexoTEI,outros descontos|flamengo|lead|triagem|em atendimento,,2026-08-31 12:00,CLIENTE,inbound,TYPE_WHATSAPP,,"Virilha, atrás, buço, queixo e axilas"
gostaria de saber sobre os pacotes,,OZ0wPHJtkAlZhUexoTEI,outros descontos|flamengo|lead|triagem|em atendimento,,2026-08-31 12:00,SISTEMA,TYPE_ACTIVITY_OPPORTUNITY,TYPE_ACTIVITY_OPPORTUNITY,app,Opportunity updated
gostaria de saber sobre os pacotes,,OZ0wPHJtkAlZhUexoTEI,outros descontos|flamengo|lead|triagem|em atendimento,,2026-08-31 18:57,HUMANO,Unidade fla@,TYPE_WHATSAPP,app,"Olá, boa noite. 

Seja bem vinda ao pellomenos Flamengo"
gostaria de saber sobre os pacotes,,OZ0wPHJtkAlZhUexoTEI,outros descontos|flamengo|lead|triagem|em atendimento,,2026-08-31 18:58,HUMANO,Unidade fla@,TYPE_WHATSAPP,app,"Vou te apresentar as condições especiais do mês de Agosto para virilha:
🌸Combo 1: Virilha total + Interglúteos + faixa (umbigo): 10x de 83,60
🌸Combo 2: Virilha comum + Axila ou Buço: 10x de 62,29
🌸Combo 3: Virilha total + Faixa (umbigo) + perna inteira: 10x de 253,00"
gostaria de saber sobre os pacotes,,OZ0wPHJtkAlZhUexoTEI,outros descontos|flamengo|lead|triagem|em atendimento,,2026-09-15 11:34,HUMANO,Unidade fla@,TYPE_WHATSAPP,app,Consegui um desconto ainda melhor para você hoje. Me chama que te explico e já deixo reservado. 😊
gostaria de saber sobre os pacotes,,OZ0wPHJtkAlZhUexoTEI,outros descontos|flamengo|lead|triagem|em atendimento,,2026-09-15 11:48,CLIENTE,inbound,TYPE_WHATSAPP,,Bom dia
gostaria de saber sobre os pacotes,,OZ0wPHJtkAlZhUexoTEI,outros descontos|flamengo|lead|triagem|em atendimento,,2026-09-15 12:21,HUMANO,Unidade fla@,TYPE_WHATSAPP,app,"Bom dia, 

Seja bem-vinda!
Vi que mandou mensagem sobre algumas áreas.
Gostaria de saber sobre os valores e condições?"
gostaria de saber sobre os pacotes,,OZ0wPHJtkAlZhUexoTEI,outros descontos|flamengo|lead|triagem|em atendimento,,2026-09-15 12:22,HUMANO,Unidade fla@,TYPE_WHATSAPP,app,"Hoje, o nosso combo promocional são:

Virilha Total +
- Intergluteo"
gostaria de saber sobre os pacotes,,OZ0wPHJtkAlZhUexoTEI,outros descontos|flamengo|lead|triagem|em atendimento,,2026-09-15 12:23,HUMANO,Unidade fla@,TYPE_WHATSAPP,app,"Hoje, o nosso combo promocional são:

Virilha Total +
- Interglúteos
- Cóccix
- PSD P (faixa abaixo do umbigo)
- Axilas"
gostaria de saber sobre os pacotes,,OZ0wPHJtkAlZhUexoTEI,outros descontos|flamengo|lead|triagem|em atendimento,,2026-09-15 12:24,HUMANO,Unidade fla@,TYPE_WHATSAPP,app,"Temos também a promoção da Axilas e Buço caso compre separadamente.
Cada área por apenas R$94,90 - a vista no crédito ou débito (10 sessões)."
gostaria de saber sobre os pacotes,,OZ0wPHJtkAlZhUexoTEI,outros descontos|flamengo|lead|triagem|em atendimento,,2026-09-15 12:25,HUMANO,Unidade fla@,TYPE_WHATSAPP,app,"Toda nossa tabela está com 50% de desconto.
Ofertas validas para este mês de setembro."
gostaria de saber sobre os pacotes,,OZ0wPHJtkAlZhUexoTEI,outros descontos|flamengo|lead|triagem|em atendimento,,2026-09-16 10:59,HUMANO,Unidade fla@,TYPE_WHATSAPP,app,"Bom dia,

Possui alguma dúvida?"
grazielle mendes da silva,,D3b81ozRFqvO3epO7rua,3 sessões|flamengo|lead|triagem|reativado|sem resposta,,2026-07-18 15:50,AUTOMAÇÃO,workflow,TYPE_WHATSAPP,workflow,"🎉 Parabéns! Você ganhou *3 sessões grátis* de depilação a laser com a *Pello Menos.*

Com o *Laser Hacok 4D* que acelera seus resultados e tem a ponteira resfriada garantindo o conforto em cada sessão.

Para liberar seu presente, digita aqui pra mim: *qual o seu nome completo?*"
grazielle mendes da silva,,D3b81ozRFqvO3epO7rua,3 sessões|flamengo|lead|triagem|reativado|sem resposta,,2026-07-18 15:50,CLIENTE,inbound,TYPE_WHATSAPP,,"*Headline:* Conheça a Pello Menos Flamengo
*Source URL:* https://www.instagram.com/p/Dadlk7tA4hY/

Olá! Gostaria de resgatar o voucher das 3 sessões de axilas ou buço, por favor."
grazielle mendes da silva,,D3b81ozRFqvO3epO7rua,3 sessões|flamengo|lead|triagem|reativado|sem resposta,,2026-07-18 15:50,SISTEMA,TYPE_ACTIVITY_OPPORTUNITY,TYPE_ACTIVITY_OPPORTUNITY,app,Opportunity created
grazielle mendes da silva,,D3b81ozRFqvO3epO7rua,3 sessões|flamengo|lead|triagem|reativado|sem resposta,,2026-07-18 18:48,AUTOMAÇÃO,workflow,TYPE_WHATSAPP,workflow,"Aaah, prazer falar com você, Grazielle Mendes Da Silva 😍

Eu sou a assistente virtual da Pello Menos, vou te ajudar por aqui rapidinho e já te encaminho para uma de nossas especialistas.

A Pello Menos é pioneira em depilação segura há mais de 28 anos, com o Laser Hakon 4D, que atua em quatro dimensões do pelo e garante mais conforto com ponteira a -12 °C.

Para eu fazer seu cadastro e lançar seu presente no nosso sistema, digita aqui seu CPF, por favor ⬇️"
grazielle mendes da silva,,D3b81ozRFqvO3epO7rua,3 sessões|flamengo|lead|triagem|reativado|sem resposta,,2026-07-18 18:48,CLIENTE,inbound,TYPE_WHATSAPP,,Grazielle Mendes da Silva
grazielle mendes da silva,,D3b81ozRFqvO3epO7rua,3 sessões|flamengo|lead|triagem|reativado|sem resposta,,2026-07-21 10:58,SISTEMA,TYPE_ACTIVITY_OPPORTUNITY,TYPE_ACTIVITY_OPPORTUNITY,app,Opportunity updated
grazielle mendes da silva,,D3b81ozRFqvO3epO7rua,3 sessões|flamengo|lead|triagem|reativado|sem resposta,,2026-08-22 10:28,HUMANO,Unidade fla@,TYPE_WHATSAPP,app,"Seu atendimento

Dando continuidade ao seu atendimento por aqui. Me chama que te explico rapidinho e já deixo tudo encaminhado. 😊"
grazielle mendes da silva,,D3b81ozRFqvO3epO7rua,3 sessões|flamengo|lead|triagem|reativado|sem resposta,,2026-08-30 10:47,CLIENTE,inbound,TYPE_WHATSAPP,,Oi
grazielle mendes da silva,,D3b81ozRFqvO3epO7rua,3 sessões|flamengo|lead|triagem|reativado|sem resposta,,2026-08-30 10:47,SISTEMA,TYPE_ACTIVITY_OPPORTUNITY,TYPE_ACTIVITY_OPPORTUNITY,app,Opportunity updated
grazielle mendes da silva,,D3b81ozRFqvO3epO7rua,3 sessões|flamengo|lead|triagem|reativado|sem resposta,,2026-09-01 12:36,HUMANO,Unidade fla@,TYPE_WHATSAPP,app,Oi! 🙂 Falta pouco para finalizarmos seu cadastro e dar continuidade ao seu atendimento. Me chama que já deixo tudo pronto para você.
grazielle mendes da silva,,D3b81ozRFqvO3epO7rua,3 sessões|flamengo|lead|triagem|reativado|sem resposta,,2026-09-15 11:36,SISTEMA,TYPE_ACTIVITY_OPPORTUNITY,TYPE_ACTIVITY_OPPORTUNITY,app,Opportunity updated
guacirema rosário,,yGRK5Be5Oh7dFl9ZsitY,outros descontos|flamengo|lead|triagem,,2026-09-24 11:38,AUTOMAÇÃO,workflow,TYPE_WHATSAPP,workflow,"Oi! Que bom te ver por aqui 🤩

Parabéns pela decisão de começar seu tratamento!

Aqui na Pello Menos usamos o HAKON 4D, que proporciona um resultado mais rápido e duradouro.

E o melhor: a ponteira é geladinha (-12°C), deixando a aplicação muito mais confortável e segura para todos os tipos de pele.

Me conta, qual o seu nome? 💬"
guacirema rosário,,yGRK5Be5Oh7dFl9ZsitY,outros descontos|flamengo|lead|triagem,,2026-09-24 11:38,CLIENTE,inbound,TYPE_WHATSAPP,,"*Headline:* Conheça a Pello Menos Flamengo
*Source URL:* https://fb.me/4hwMuTNsG

Garanta seu desconto nos nossos combos no mês de Setembro."
guacirema rosário,,yGRK5Be5Oh7dFl9ZsitY,outros descontos|flamengo|lead|triagem,,2026-09-24 11:38,SISTEMA,TYPE_ACTIVITY_OPPORTUNITY,TYPE_ACTIVITY_OPPORTUNITY,app,Opportunity created
guacirema rosário,,yGRK5Be5Oh7dFl9ZsitY,outros descontos|flamengo|lead|triagem,,2026-09-24 13:26,HUMANO,Unidade fla@,TYPE_WHATSAPP,app,"Olá, boa tarde, qual a área que mais lhe incomoda?"
heloísa abreu,,eU1xd94zJEW8BQpiwuhJ,3 sessões|flamengo|lead|triagem|reativado|em atendimento,,2026-07-07 12:21,AUTOMAÇÃO,workflow,TYPE_WHATSAPP,workflow,"🎉 Parabéns! Você ganhou *3 sessões grátis* de depilação a laser com a *Pello Menos.*

Com o *Laser Hacok 4D* que acelera seus resultados e tem a ponteira resfriada garantindo o conforto em cada sessão.

Para liberar seu presente, digita aqui pra mim: *qual o seu nome completo?*"
heloísa abreu,,eU1xd94zJEW8BQpiwuhJ,3 sessões|flamengo|lead|triagem|reativado|em atendimento,,2026-07-07 12:21,CLIENTE,inbound,TYPE_WHATSAPP,,"*Headline:* Conheça a Pello Menos Flamengo
*Source URL:* https://www.instagram.com/p/DadlizVAmg9/

Olá! Gostaria de resgatar o voucher das 3 sessões de axilas ou buço, por favor."
heloísa abreu,,eU1xd94zJEW8BQpiwuhJ,3 sessões|flamengo|lead|triagem|reativado|em atendimento,,2026-07-07 12:21,SISTEMA,TYPE_ACTIVITY_OPPORTUNITY,TYPE_ACTIVITY_OPPORTUNITY,app,Opportunity created
heloísa abreu,,eU1xd94zJEW8BQpiwuhJ,3 sessões|flamengo|lead|triagem|reativado|em atendimento,,2026-07-07 14:25,HUMANO,Unidade fla@,TYPE_WHATSAPP,app,"Olá, podemos dar continuidade ao processo?"
heloísa abreu,,eU1xd94zJEW8BQpiwuhJ,3 sessões|flamengo|lead|triagem|reativado|em atendimento,,2026-07-07 15:40,CLIENTE,inbound,TYPE_WHATSAPP,,Heloisa Abreu
heloísa abreu,,eU1xd94zJEW8BQpiwuhJ,3 sessões|flamengo|lead|triagem|reativado|em atendimento,,2026-07-07 15:41,HUMANO,Unidade fla@,TYPE_WHATSAPP,app,"oi Heloisa, vc já é cliente Pellomenos? Preciso do seu CPF para registrar em nosso sistema"
heloísa abreu,,eU1xd94zJEW8BQpiwuhJ,3 sessões|flamengo|lead|triagem|reativado|em atendimento,,2026-07-14 11:15,SISTEMA,TYPE_ACTIVITY_OPPORTUNITY,TYPE_ACTIVITY_OPPORTUNITY,app,Opportunity updated
heloísa abreu,,eU1xd94zJEW8BQpiwuhJ,3 sessões|flamengo|lead|triagem|reativado|em atendimento,,2026-08-08 14:39,CLIENTE,inbound,TYPE_WHATSAPP,,"*Headline:* Conheça a Pello Menos Estrada dos Bandeirantes
*Source URL:* https://www.instagram.com/p/DaDOWb5AMr5/

Olá! Gostaria de resgatar o voucher das 3 sessões de axilas ou buço, por favor."
heloísa abreu,,eU1xd94zJEW8BQpiwuhJ,3 sessões|flamengo|lead|triagem|reativado|em atendimento,,2026-08-08 14:39,SISTEMA,TYPE_ACTIVITY_OPPORTUNITY,TYPE_ACTIVITY_OPPORTUNITY,app,Opportunity updated
heloísa abreu,,eU1xd94zJEW8BQpiwuhJ,3 sessões|flamengo|lead|triagem|reativado|em atendimento,,2026-08-21 11:44,SISTEMA,TYPE_ACTIVITY_OPPORTUNITY,TYPE_ACTIVITY_OPPORTUNITY,app,Opportunity updated
heloísa abreu,,eU1xd94zJEW8BQpiwuhJ,3 sessões|flamengo|lead|triagem|reativado|em atendimento,,2026-08-21 12:31,HUMANO,Unidade fla@,TYPE_WHATSAPP,app,"Desculpas pela Demora

Oi! 😊 Passando para pedir desculpas pela demora no retorno. Tivemos uma alta demanda e alguns imprevistos, mas agora consegui chegar até você. 💜 Se ainda tiver interesse em conhecer a depilação a laser e aproveitar as condições disponíveis, é só me responder por aqui. Vou adorar te ajudar!"
heloísa abreu,,eU1xd94zJEW8BQpiwuhJ,3 sessões|flamengo|lead|triagem|reativado|em atendimento,,2026-08-21 12:59,CLIENTE,inbound,TYPE_WHATSAPP,,Ok
heloísa abreu,,eU1xd94zJEW8BQpiwuhJ,3 sessões|flamengo|lead|triagem|reativado|em atendimento,,2026-08-21 12:59,SISTEMA,TYPE_ACTIVITY_OPPORTUNITY,TYPE_ACTIVITY_OPPORTUNITY,app,Opportunity updated
heloísa abreu,,eU1xd94zJEW8BQpiwuhJ,3 sessões|flamengo|lead|triagem|reativado|em atendimento,,2026-08-21 15:28,HUMANO,Unidade fla@,TYPE_WHATSAPP,app,"Boa tarde, esse contato é referente à unidade do Flamengo. Solicito que busque o nosso SAC para que consiga aproveitar os descontos de outras unidades. 0800 282 1233"
isabela almeida da silva,,2hN4JMEqsckPyDhBI6UL,3 sessões|flamengo|lead|triagem|em atendimento,,2026-09-02 13:02,AUTOMAÇÃO,workflow,TYPE_WHATSAPP,workflow,"🎉 Parabéns! Você ganhou *3 sessões grátis* de depilação a laser com a *Pello Menos.*

Com o *Laser Hacok 4D* que acelera seus resultados e tem a ponteira resfriada garantindo o conforto em cada sessão.

Para liberar seu presente, digita aqui pra mim: *qual o seu nome completo?*"
isabela almeida da silva,,2hN4JMEqsckPyDhBI6UL,3 sessões|flamengo|lead|triagem|em atendimento,,2026-09-02 13:02,CLIENTE,inbound,TYPE_WHATSAPP,,"*Headline:* Conheça a Pello Menos Flamengo
*Source URL:* https://www.instagram.com/p/Dbs61qhgMjk/

Olá! Gostaria de resgatar o voucher das 3 sessões de axilas ou buço, por favor."
isabela almeida da silva,,2hN4JMEqsckPyDhBI6UL,3 sessões|flamengo|lead|triagem|em atendimento,,2026-09-02 13:02,SISTEMA,TYPE_ACTIVITY_OPPORTUNITY,TYPE_ACTIVITY_OPPORTUNITY,app,Opportunity created
isabela almeida da silva,,2hN4JMEqsckPyDhBI6UL,3 sessões|flamengo|lead|triagem|em atendimento,,2026-09-02 13:03,AUTOMAÇÃO,workflow,TYPE_WHATSAPP,workflow,"Aaah, prazer falar com você, Isabela Almeida Da Silva 😍

Eu sou a assistente virtual da Pello Menos, vou te ajudar por aqui rapidinho e já te encaminho para uma de nossas especialistas.

A Pello Menos é pioneira em depilação segura há mais de 28 anos, com o Laser Hakon 4D, que atua em quatro dimensões do pelo e garante mais conforto com ponteira a -12 °C.

Para eu fazer seu cadastro e lançar seu presente no nosso sistema, digita aqui seu CPF, por favor ⬇️"
isabela almeida da silva,,2hN4JMEqsckPyDhBI6UL,3 sessões|flamengo|lead|triagem|em atendimento,,2026-09-02 13:03,CLIENTE,inbound,TYPE_WHATSAPP,,Isabela Almeida da Silva
isabela almeida da silva,,2hN4JMEqsckPyDhBI6UL,3 sessões|flamengo|lead|triagem|em atendimento,,2026-09-02 13:04,AUTOMAÇÃO,workflow,TYPE_WHATSAPP,workflow,"Já anotei tudo aqui 💜
Agora só preciso que você me responda rapidinho sobre as contraindicações, para garantir sua segurança no tratamento, tudo bem?

1️⃣ Tem tatuagem ou cicatriz na área a ser tratada?
2️⃣ Possui pelos brancos, loiros ou ruivos na região?
3️⃣ Tem alguma doença diagnosticada? Se sim, qual?
4️⃣ Já teve algum tipo de câncer ?
5️⃣ Está usando algum medicamento atualmente?
6️⃣ Faz bronzeamento artificial com frequência?
7️⃣ Está grávida ou amamentando ?
8️⃣ Tem melasma ou outras condições na pele, como manchas ou sensibilidade?

👉 Se nenhuma das opções se aplicar a você, pode responder: ""Não para todas"". Assim, consigo Garantir o seu Presente com total segurança e tranquilidade! 😉

Só lembrando que esta é uma pre-anamnese, e quando for a loja para iniciar o seu tratamento precisará preencher a anamnese oficial com a profissional do laser ok?!"
isabela almeida da silva,,2hN4JMEqsckPyDhBI6UL,3 sessões|flamengo|lead|triagem|em atendimento,,2026-09-02 13:04,CLIENTE,inbound,TYPE_WHATSAPP,,169.904.427-94
isabela almeida da silva,,2hN4JMEqsckPyDhBI6UL,3 sessões|flamengo|lead|triagem|em atendimento,,2026-09-02 13:45,AUTOMAÇÃO,workflow,TYPE_WHATSAPP,workflow,"Perfeito! 😊
Já estou encaminhando suas informações para uma de nossas consultoras.

Enquanto isso, me conta: além da área que você ganhou de presente, tem alguma outra área que você gostaria de conhecer melhor, sem compromisso? 💜"
isabela almeida da silva,,2hN4JMEqsckPyDhBI6UL,3 sessões|flamengo|lead|triagem|em atendimento,,2026-09-02 13:45,CLIENTE,inbound,TYPE_WHATSAPP,,"Já anotei tudo aqui 💜
Agora só preciso que você me responda rapidinho sobre as contraindicações, para garantir sua segurança no tratamento, tudo bem?

1️⃣ Tem tatuagem ou cicatriz na área a ser tratada? Não 
2️⃣ Possui pelos brancos, loiros ou ruivos na região? Não 
3️⃣ Tem alguma doença diagnosticada? Se sim, qual? Não 
4️⃣ Já teve algum tipo de câncer ? Não 
5️⃣ Está usando algum medicamento atualmente? Sim, ácido azelaico
6️⃣ Faz bronzeamento artificial com frequência? Não 
7️⃣ Está grávida ou amamentando ? Não 
8️⃣ Tem melasma ou outras condições na pele, como manchas ou sensibilidade? Não 

👉 Se nenhuma das opções se aplicar a você, pode responder: ""Não para todas"". Assim, consigo Garantir o seu Presente com total segurança e tranquilidade! 😉

Só lembrando que esta é uma pre-anamnese, e quando for a loja para iniciar o seu tratamento precisará preencher a anamnese oficial com a profissional do laser ok?!"
isabela almeida da silva,,2hN4JMEqsckPyDhBI6UL,3 sessões|flamengo|lead|triagem|em atendimento,,2026-09-02 13:45,SISTEMA,TYPE_ACTIVITY_OPPORTUNITY,TYPE_ACTIVITY_OPPORTUNITY,app,Opportunity updated
isabela almeida da silva,,2hN4JMEqsckPyDhBI6UL,3 sessões|flamengo|lead|triagem|em atendimento,,2026-09-02 17:19,HUMANO,Unidade fla@,TYPE_WHATSAPP,app,"Ola Isabela, seja bem vinda ao atendimento da pellomenos unidade Fçamengo"
isabela almeida da silva,,2hN4JMEqsckPyDhBI6UL,3 sessões|flamengo|lead|triagem|em atendimento,,2026-09-02 17:19,HUMANO,Unidade fla@,TYPE_WHATSAPP,app,Flamengo
isabela almeida da silva,,2hN4JMEqsckPyDhBI6UL,3 sessões|flamengo|lead|triagem|em atendimento,,2026-09-02 17:23,HUMANO,Unidade fla@,TYPE_WHATSAPP,app,"Para dar continuidade, preciso que informe a área - Axilas ou Buço e também, preciso que você me responda rapidinho sobre as contraindicações, para garantir sua segurança no tratamento, tudo bem?

1️⃣ Tem tatuagem ou cicatriz na área a ser tratada? Não
2️⃣ Possui pelos brancos, loiros ou ruivos na região? Não
3️⃣ Tem alguma doença diagnosticada? Se sim, qual? Não
4️⃣ Já teve algum tipo de câncer ? Não
5️⃣ Está usando algum medicamento atualmente? Sim, ácido azelaico
6️⃣ Faz bronzeamento artificial com frequência? Não
7️⃣ Está grávida ou amamentando ? Não
8️⃣ Tem melasma ou outras condições na pele, como manchas ou sensibilidade? Não

👉 Se nenhuma das opções se aplicar a você, pode responder: ""Não para todas"". Assim, consigo Garantir o seu Presente com total segurança e tranquilidade! 😉

Só lembrando que esta é uma pre-anamnese, e quando for a loja para iniciar o seu tratamento precisará preencher a anamnese oficial com a profissional do laser ok?!"
isabela almeida da silva,,2hN4JMEqsckPyDhBI6UL,3 sessões|flamengo|lead|triagem|em atendimento,,2026-09-15 11:32,HUMANO,Unidade fla@,TYPE_WHATSAPP,app,Sua condição ainda está disponível no momento. Me chama para garantir. 😊
jacira,,gPGkhZunIaMgHuipg4IX,outros descontos|flamengo|lead|triagem|sem resposta,,2026-07-18 12:47,CLIENTE,inbound,TYPE_WHATSAPP,,"*Headline:* Conheça a Pello Menos Flamengo
*Source URL:* https://fb.me/8MyFcECBb

Garanta seu desconto nos nossos combos no mês de Julho."
jacira,,gPGkhZunIaMgHuipg4IX,outros descontos|flamengo|lead|triagem|sem resposta,,2026-07-18 12:48,AUTOMAÇÃO,workflow,TYPE_WHATSAPP,workflow,"Oi! Que bom te ver por aqui 🤩

Parabéns pela decisão de começar seu tratamento!

Aqui na Pello Menos usamos o HAKON 4D, que proporciona um resultado mais rápido e duradouro.

E o melhor: a ponteira é geladinha (-12°C), deixando a aplicação muito mais confortável e segura para todos os tipos de pele.

Me conta, qual o seu nome? 💬"
jacira,,gPGkhZunIaMgHuipg4IX,outros descontos|flamengo|lead|triagem|sem resposta,,2026-07-18 12:48,SISTEMA,TYPE_ACTIVITY_OPPORTUNITY,TYPE_ACTIVITY_OPPORTUNITY,app,Opportunity created
jacira,,gPGkhZunIaMgHuipg4IX,outros descontos|flamengo|lead|triagem|sem resposta,,2026-07-18 14:17,HUMANO,Unidade fla@,TYPE_WHATSAPP,app,"Olá Jaciara! aqui é a Giulia, operadora do Laser da unidade do Flamengo."
jacira,,gPGkhZunIaMgHuipg4IX,outros descontos|flamengo|lead|triagem|sem resposta,,2026-07-18 14:18,HUMANO,Unidade fla@,TYPE_WHATSAPP,app,*Jacira
jacira,,gPGkhZunIaMgHuipg4IX,outros descontos|flamengo|lead|triagem|sem resposta,,2026-07-18 14:18,HUMANO,Unidade fla@,TYPE_WHATSAPP,app,Quais áreas são do seu interesse para o tratamento de Laser?
jacira,,gPGkhZunIaMgHuipg4IX,outros descontos|flamengo|lead|triagem|sem resposta,,2026-07-21 11:00,SISTEMA,TYPE_ACTIVITY_OPPORTUNITY,TYPE_ACTIVITY_OPPORTUNITY,app,Opportunity updated
jacira,,gPGkhZunIaMgHuipg4IX,outros descontos|flamengo|lead|triagem|sem resposta,,2026-07-29 12:13,SISTEMA,TYPE_ACTIVITY_OPPORTUNITY,TYPE_ACTIVITY_OPPORTUNITY,app,Opportunity updated
jacira,,gPGkhZunIaMgHuipg4IX,outros descontos|flamengo|lead|triagem|sem resposta,,2026-07-30 17:58,HUMANO,Unidade fla@,TYPE_WHATSAPP,app,"Olá, aqui é a Giulia!

Sou operadora do Laser da unidade do Flamengo e vou dar continuidade ao seu atendimento por aqui. Me chama que te explico melhor e já deixo tudo reservado!"
jacira,,gPGkhZunIaMgHuipg4IX,outros descontos|flamengo|lead|triagem|sem resposta,,2026-07-30 18:00,HUMANO,Unidade fla@,TYPE_WHATSAPP,app,"Olá! aqui é a Giulia!

Sou a operadora do Laser da unidade do Flamengo e vou estar dando continuidade no seu atendimento!
Aproveite as oportunidades dos combos de Julho, válidos até 31/07! Vou te apresentar os combos:
🌸Combo 1: Virilha total + 1/2 perna: 10x de 164,80
🌸Combo 2: Virilha cavada + 1/2 perna: 10x de 152,80
🌸Combo 3: Virilha comum + 1/2 perna: 10x de 134,00
Fechando qualquer combo, ganhe de brinde: axila ou buço!

O que achou dessa oportunidade?"
jacira,,gPGkhZunIaMgHuipg4IX,outros descontos|flamengo|lead|triagem|sem resposta,,2026-08-14 14:43,SISTEMA,TYPE_ACTIVITY_OPPORTUNITY,TYPE_ACTIVITY_OPPORTUNITY,app,Opportunity updated
jacira,,gPGkhZunIaMgHuipg4IX,outros descontos|flamengo|lead|triagem|sem resposta,,2026-08-22 10:31,HUMANO,Unidade fla@,TYPE_WHATSAPP,app,"Seu atendimento

Dando continuidade ao seu atendimento por aqui. Me chama que te explico rapidinho e já deixo tudo encaminhado. 😊"
jacqueline lima,,F8C33y16T5S3uyYQNR3Q,3 sessões|flamengo|lead|triagem|sem resposta,,2026-08-01 10:52,AUTOMAÇÃO,workflow,TYPE_WHATSAPP,workflow,"🎉 Parabéns! Você ganhou *3 sessões grátis* de depilação a laser com a *Pello Menos.*

Com o *Laser Hacok 4D* que acelera seus resultados e tem a ponteira resfriada garantindo o conforto em cada sessão.

Para liberar seu presente, digita aqui pra mim: *qual o seu nome completo?*"
jacqueline lima,,F8C33y16T5S3uyYQNR3Q,3 sessões|flamengo|lead|triagem|sem resposta,,2026-08-01 10:52,CLIENTE,inbound,TYPE_WHATSAPP,,"*Headline:* Conheça a Pello Menos Flamengo
*Source URL:* https://wa.me/wamo/status/preview/558002821239/120250021877840326

Olá! Gostaria de resgatar o voucher das 3 sessões de axilas ou buço, por favor."
jacqueline lima,,F8C33y16T5S3uyYQNR3Q,3 sessões|flamengo|lead|triagem|sem resposta,,2026-08-01 10:52,SISTEMA,TYPE_ACTIVITY_OPPORTUNITY,TYPE_ACTIVITY_OPPORTUNITY,app,Opportunity created
jacqueline lima,,F8C33y16T5S3uyYQNR3Q,3 sessões|flamengo|lead|triagem|sem resposta,,2026-08-01 13:49,HUMANO,Unidade fla@,TYPE_WHATSAPP,app,"Olá Jaqueline, seja bem vinda. Para darmos continuidade, preciso saber qual a área deseja utilizar seu voucher - axilas ou buco - 
Preciso que nos informe nome completo, CPF e data de nascimento para seguirmos com seu cadastro.

feito isso, daremos o ok para que siga até a loja - FLAMENGO - terminar seu cadastro com a operadora de laser."
jacqueline lima,,F8C33y16T5S3uyYQNR3Q,3 sessões|flamengo|lead|triagem|sem resposta,,2026-08-14 15:13,SISTEMA,TYPE_ACTIVITY_OPPORTUNITY,TYPE_ACTIVITY_OPPORTUNITY,app,Opportunity updated
jacqueline lima,,F8C33y16T5S3uyYQNR3Q,3 sessões|flamengo|lead|triagem|sem resposta,,2026-08-22 10:13,HUMANO,Unidade fla@,TYPE_WHATSAPP,app,Sua condição ainda está disponível no momento. Me chama para garantir. 😊
janaina agra,,usgGnowWPnHHpz4l9IhD,3 sessões|flamengo|lead|triagem|sem resposta,,2026-06-27 12:46,AUTOMAÇÃO,workflow,TYPE_WHATSAPP,workflow,"🎉 Parabéns! Você ganhou *3 sessões grátis* de depilação a laser com a *Pello Menos.*

Com o *Laser Hacok 4D* que acelera seus resultados e tem a ponteira resfriada garantindo o conforto em cada sessão.

Para liberar seu presente, digita aqui pra mim: *qual o seu nome completo?*"
janaina agra,,usgGnowWPnHHpz4l9IhD,3 sessões|flamengo|lead|triagem|sem resposta,,2026-06-27 12:46,CLIENTE,inbound,TYPE_WHATSAPP,,"*Headline:* Conheça a Pello Menos Flamengo
*Source URL:* https://www.instagram.com/p/DZ79xG9gPZw/

Olá! Gostaria de resgatar o voucher das 3 sessões de axilas ou buço, por favor."
janaina agra,,usgGnowWPnHHpz4l9IhD,3 sessões|flamengo|lead|triagem|sem resposta,,2026-06-27 12:46,SISTEMA,TYPE_ACTIVITY_OPPORTUNITY,TYPE_ACTIVITY_OPPORTUNITY,app,Opportunity created
janaina agra,,usgGnowWPnHHpz4l9IhD,3 sessões|flamengo|lead|triagem|sem resposta,,2026-07-14 11:18,SISTEMA,TYPE_ACTIVITY_OPPORTUNITY,TYPE_ACTIVITY_OPPORTUNITY,app,Opportunity updated
janaina agra,,usgGnowWPnHHpz4l9IhD,3 sessões|flamengo|lead|triagem|sem resposta,,2026-08-22 10:41,HUMANO,Unidade fla@,TYPE_WHATSAPP,app,Oi! 🙂 Falta pouco para finalizarmos seu cadastro e dar continuidade ao seu atendimento. Me chama que já deixo tudo pronto para você.
janaina agra,,usgGnowWPnHHpz4l9IhD,3 sessões|flamengo|lead|triagem|sem resposta,,2026-08-22 10:41,HUMANO,Unidade fla@,TYPE_WHATSAPP,app,Oi! 🙂 Falta pouco para finalizarmos seu cadastro e dar continuidade ao seu atendimento. Me chama que já deixo tudo pronto para você.
janaina 🐶❤️,,nEKzfaKTWtcnGUGB3RVa,"axila r$94,90|flamengo|lead|triagem|sem resposta",,2026-06-30 15:34,AUTOMAÇÃO,workflow,TYPE_WHATSAPP,workflow,"Oi! Que bom te ver por aqui 🤩

Parabéns pela decisão de começar seu tratamento!

Aqui na Pello Menos usamos o HAKON 4D, que proporciona um resultado mais rápido e duradouro.

E o melhor: a ponteira é geladinha (-12°C), deixando a aplicação muito mais confortável e segura para todos os tipos de pele.

Me conta, qual o seu nome? 💬"
janaina 🐶❤️,,nEKzfaKTWtcnGUGB3RVa,"axila r$94,90|flamengo|lead|triagem|sem resposta",,2026-06-30 15:34,CLIENTE,inbound,TYPE_WHATSAPP,,"*Headline:* Conheça a Pello Menos Flamengo
*Source URL:* https://www.instagram.com/p/DZ79xNCgRJ-/

Olá! Gostaria de aproveitar as 10 sessões de axila por R$94, por favor."
janaina 🐶❤️,,nEKzfaKTWtcnGUGB3RVa,"axila r$94,90|flamengo|lead|triagem|sem resposta",,2026-06-30 15:34,SISTEMA,TYPE_ACTIVITY_OPPORTUNITY,TYPE_ACTIVITY_OPPORTUNITY,app,Opportunity created
janaina 🐶❤️,,nEKzfaKTWtcnGUGB3RVa,"axila r$94,90|flamengo|lead|triagem|sem resposta",,2026-06-30 15:42,AUTOMAÇÃO,workflow,TYPE_WHATSAPP,workflow,"Aaah, prazer falar com você, Janaina 🐶❤️ 😍

Muito obrigada pelas informações!
Eu sou a assistente virtual da Pello Menos, vou te ajudar por aqui rapidinho e já te encaminho para uma das nossas especialistas, tá?

Só pra você saber, a Pello Menos é pioneira em depilação feminina no Brasil, há mais de 30 anos cuidando de mulheres com excelência ✨

Vi que você clicou no nosso anúncio de 10 sessões da axila por R$94,90 👀
Me conta só uma coisinha pra gente te direcionar melhor…

Além da Axila, existem outras regiões que te incomodam hoje e que você gostaria de se livrar dos pelinhos de vez? 💬"
janaina 🐶❤️,,nEKzfaKTWtcnGUGB3RVa,"axila r$94,90|flamengo|lead|triagem|sem resposta",,2026-06-30 15:42,CLIENTE,inbound,TYPE_WHATSAPP,,Janaina
janaina 🐶❤️,,nEKzfaKTWtcnGUGB3RVa,"axila r$94,90|flamengo|lead|triagem|sem resposta",,2026-06-30 15:44,AUTOMAÇÃO,workflow,TYPE_WHATSAPP,workflow,"Perfeito! 😊
Já estou encaminhando suas informações para nossa consultora. 💜"
janaina 🐶❤️,,nEKzfaKTWtcnGUGB3RVa,"axila r$94,90|flamengo|lead|triagem|sem resposta",,2026-06-30 15:44,CLIENTE,inbound,TYPE_WHATSAPP,,Sim
janaina 🐶❤️,,nEKzfaKTWtcnGUGB3RVa,"axila r$94,90|flamengo|lead|triagem|sem resposta",,2026-06-30 15:44,SISTEMA,TYPE_ACTIVITY_OPPORTUNITY,TYPE_ACTIVITY_OPPORTUNITY,app,Opportunity updated
janaina 🐶❤️,,nEKzfaKTWtcnGUGB3RVa,"axila r$94,90|flamengo|lead|triagem|sem resposta",,2026-06-30 19:08,HUMANO,Unidade fla@,TYPE_WHATSAPP,app,quais sao as areas que mais te incomodam?
janaina 🐶❤️,,nEKzfaKTWtcnGUGB3RVa,"axila r$94,90|flamengo|lead|triagem|sem resposta",,2026-06-30 19:08,HUMANO,Unidade fla@,TYPE_WHATSAPP,app,"a axila é um produto para pagamento integral, no debito ou credito"
janaina 🐶❤️,,nEKzfaKTWtcnGUGB3RVa,"axila r$94,90|flamengo|lead|triagem|sem resposta",,2026-06-30 19:15,CLIENTE,inbound,TYPE_WHATSAPP,,Débito ou pix
janaina 🐶❤️,,nEKzfaKTWtcnGUGB3RVa,"axila r$94,90|flamengo|lead|triagem|sem resposta",,2026-06-30 19:15,CLIENTE,inbound,TYPE_WHATSAPP,,"Virilha, anus e buço"
janaina 🐶❤️,,nEKzfaKTWtcnGUGB3RVa,"axila r$94,90|flamengo|lead|triagem|sem resposta",,2026-06-30 19:27,HUMANO,Unidade fla@,TYPE_WHATSAPP,app,"LEGAL
A virinha cavada ou total ja inclui anus"
janaina 🐶❤️,,nEKzfaKTWtcnGUGB3RVa,"axila r$94,90|flamengo|lead|triagem|sem resposta",,2026-06-30 19:29,HUMANO,Unidade fla@,TYPE_WHATSAPP,app,"o serviço seria 
649 + 212,95 virilha + buco
podendo pagar em ate 10x

axila 94,90 pix"
janaina 🐶❤️,,nEKzfaKTWtcnGUGB3RVa,"axila r$94,90|flamengo|lead|triagem|sem resposta",,2026-06-30 19:29,HUMANO,Unidade fla@,TYPE_WHATSAPP,app,vc possui alguma restrição de saude?
janaina 🐶❤️,,nEKzfaKTWtcnGUGB3RVa,"axila r$94,90|flamengo|lead|triagem|sem resposta",,2026-06-30 19:31,HUMANO,Unidade fla@,TYPE_WHATSAPP,app,possui cadastro em nossa rede? poderia me informar o cpf
janaina 🐶❤️,,nEKzfaKTWtcnGUGB3RVa,"axila r$94,90|flamengo|lead|triagem|sem resposta",,2026-06-30 19:32,CLIENTE,inbound,TYPE_WHATSAPP,,Não
janaina 🐶❤️,,nEKzfaKTWtcnGUGB3RVa,"axila r$94,90|flamengo|lead|triagem|sem resposta",,2026-06-30 19:33,CLIENTE,inbound,TYPE_WHATSAPP,,A não ser hipertensão
janaina 🐶❤️,,nEKzfaKTWtcnGUGB3RVa,"axila r$94,90|flamengo|lead|triagem|sem resposta",,2026-06-30 19:33,CLIENTE,inbound,TYPE_WHATSAPP,,Não entendi esses valores de virilha completa
janaina 🐶❤️,,nEKzfaKTWtcnGUGB3RVa,"axila r$94,90|flamengo|lead|triagem|sem resposta",,2026-06-30 19:33,HUMANO,Unidade fla@,TYPE_WHATSAPP,app,"Já anotei tudo aqui 💜
Agora só preciso que você me responda rapidinho sobre as contraindicações, para garantir sua segurança no tratamento, tudo bem?

1️⃣ Tem tatuagem ou cicatriz na área a ser tratada?
2️⃣ Possui pelos brancos, loiros ou ruivos na região?
3️⃣ Tem alguma doença diagnosticada? Se sim, qual?
4️⃣ Já teve algum tipo de câncer ?
5️⃣ Está usando algum medicamento atualmente?
6️⃣ Faz bronzeamento artificial com frequência?
7️⃣ Está grávida ou amamentando ?
8️⃣ Tem melasma ou outras condições na pele, como manchas ou sensibilidade?

👉 Se nenhuma das opções se aplicar a você, pode responder: ""Não para todas"". Assim, consigo Garantir o seu Presente com total segurança e tranquilidade! 😉

Só lembrando que esta é uma pre-anamnese, e quando for a loja para iniciar o seu tratamento precisará preencher a anamnese oficial com a profissional do laser ok?!"
janaina 🐶❤️,,nEKzfaKTWtcnGUGB3RVa,"axila r$94,90|flamengo|lead|triagem|sem resposta",,2026-06-30 19:34,HUMANO,Unidade fla@,TYPE_WHATSAPP,app,"virilha - 649
buço - 212,95
axila 94,90"
janaina 🐶❤️,,nEKzfaKTWtcnGUGB3RVa,"axila r$94,90|flamengo|lead|triagem|sem resposta",,2026-06-30 19:36,HUMANO,Unidade fla@,TYPE_WHATSAPP,app,estamos com uma promoção especial de virilha. QQ virilha com uma segunda área sai a 649 + 50% da segunda área.
janaina 🐶❤️,,nEKzfaKTWtcnGUGB3RVa,"axila r$94,90|flamengo|lead|triagem|sem resposta",,2026-06-30 19:38,CLIENTE,inbound,TYPE_WHATSAPP,,"Não para
Todas"
janaina 🐶❤️,,nEKzfaKTWtcnGUGB3RVa,"axila r$94,90|flamengo|lead|triagem|sem resposta",,2026-06-30 19:40,HUMANO,Unidade fla@,TYPE_WHATSAPP,app,"ok, so preciso do seu cpf para entrar no sistema"
janaina 🐶❤️,,nEKzfaKTWtcnGUGB3RVa,"axila r$94,90|flamengo|lead|triagem|sem resposta",,2026-06-30 19:41,CLIENTE,inbound,TYPE_WHATSAPP,,118.433.407-20
janaina 🐶❤️,,nEKzfaKTWtcnGUGB3RVa,"axila r$94,90|flamengo|lead|triagem|sem resposta",,2026-06-30 19:42,HUMANO,Unidade fla@,TYPE_WHATSAPP,app,"Nao encontramos o seu cadasttro com a gente Janaina, é sua primeira vez na Pello Menos?"
janaina 🐶❤️,,nEKzfaKTWtcnGUGB3RVa,"axila r$94,90|flamengo|lead|triagem|sem resposta",,2026-06-30 19:45,HUMANO,Unidade fla@,TYPE_WHATSAPP,app,"preciso do seu nome completo, data de nascimento e CEP para um cadastro rapido."
janaina 🐶❤️,,nEKzfaKTWtcnGUGB3RVa,"axila r$94,90|flamengo|lead|triagem|sem resposta",,2026-06-30 19:45,HUMANO,Unidade fla@,TYPE_WHATSAPP,app,"Em sequência, enviarei o link para pagamento da virilha + buco em 10 x"
janaina 🐶❤️,,nEKzfaKTWtcnGUGB3RVa,"axila r$94,90|flamengo|lead|triagem|sem resposta",,2026-06-30 19:46,CLIENTE,inbound,TYPE_WHATSAPP,,Quero saber o valor e eu pagaria em loja e não por link
janaina 🐶❤️,,nEKzfaKTWtcnGUGB3RVa,"axila r$94,90|flamengo|lead|triagem|sem resposta",,2026-06-30 19:46,HUMANO,Unidade fla@,TYPE_WHATSAPP,app,"para o pagamento da axila, sera em pix, vou te passar a chave"
janaina 🐶❤️,,nEKzfaKTWtcnGUGB3RVa,"axila r$94,90|flamengo|lead|triagem|sem resposta",,2026-06-30 19:46,HUMANO,Unidade fla@,TYPE_WHATSAPP,app,combinado?
janaina 🐶❤️,,nEKzfaKTWtcnGUGB3RVa,"axila r$94,90|flamengo|lead|triagem|sem resposta",,2026-06-30 19:47,HUMANO,Unidade fla@,TYPE_WHATSAPP,app,"hoje é o ultimo dia para esta promoção, em loja, a partir de amanha, não saberei se posso continuar pq a franqueadora que determina o valor das ofertas."
janaina 🐶❤️,,nEKzfaKTWtcnGUGB3RVa,"axila r$94,90|flamengo|lead|triagem|sem resposta",,2026-06-30 19:48,CLIENTE,inbound,TYPE_WHATSAPP,,Tá bom
janaina 🐶❤️,,nEKzfaKTWtcnGUGB3RVa,"axila r$94,90|flamengo|lead|triagem|sem resposta",,2026-06-30 19:48,CLIENTE,inbound,TYPE_WHATSAPP,,Eu não pago via link
janaina 🐶❤️,,nEKzfaKTWtcnGUGB3RVa,"axila r$94,90|flamengo|lead|triagem|sem resposta",,2026-06-30 19:48,HUMANO,Unidade fla@,TYPE_WHATSAPP,app,essa oferta se chama Pello Menos 30! em comemoração de 30 anos da marca
janaina 🐶❤️,,nEKzfaKTWtcnGUGB3RVa,"axila r$94,90|flamengo|lead|triagem|sem resposta",,2026-06-30 19:53,HUMANO,Unidade fla@,TYPE_WHATSAPP,app,"ok, sugiro que entre em contato com nosso SAC e exponha seu posicionamento. Não esqueça em dizer a sua loja - FLAMENGO. 
Uma excelente noite. obrigado"
janaina 🐶❤️,,nEKzfaKTWtcnGUGB3RVa,"axila r$94,90|flamengo|lead|triagem|sem resposta",,2026-06-30 20:02,CLIENTE,inbound,TYPE_WHATSAPP,,Obrigada
janaina 🐶❤️,,nEKzfaKTWtcnGUGB3RVa,"axila r$94,90|flamengo|lead|triagem|sem resposta",,2026-07-29 12:11,SISTEMA,TYPE_ACTIVITY_OPPORTUNITY,TYPE_ACTIVITY_OPPORTUNITY,app,Opportunity updated
jonas rodrigues,,QzbyH8ChVDO6IsP2xePm,outros descontos|flamengo|lead|triagem|em atendimento,,2026-09-28 16:19,AUTOMAÇÃO,workflow,TYPE_WHATSAPP,workflow,"Oi! Que bom te ver por aqui 🤩

Parabéns pela decisão de começar seu tratamento!

Aqui na Pello Menos usamos o HAKON 4D, que proporciona um resultado mais rápido e duradouro.

E o melhor: a ponteira é geladinha (-12°C), deixando a aplicação muito mais confortável e segura para todos os tipos de pele.

Me conta, qual o seu nome? 💬"
jonas rodrigues,,QzbyH8ChVDO6IsP2xePm,outros descontos|flamengo|lead|triagem|em atendimento,,2026-09-28 16:19,CLIENTE,inbound,TYPE_WHATSAPP,,"*Headline:* Conheça a Pello Menos Flamengo
*Source URL:* https://wa.me/wamo/status/preview/558002821239/120251727991680326

Garanta seu desconto nos nossos combos no mês de Setembro."
jonas rodrigues,,QzbyH8ChVDO6IsP2xePm,outros descontos|flamengo|lead|triagem|em atendimento,,2026-09-28 16:19,SISTEMA,TYPE_ACTIVITY_OPPORTUNITY,TYPE_ACTIVITY_OPPORTUNITY,app,Opportunity created
jonas rodrigues,,QzbyH8ChVDO6IsP2xePm,outros descontos|flamengo|lead|triagem|em atendimento,,2026-09-28 16:20,AUTOMAÇÃO,workflow,TYPE_WHATSAPP,workflow,"Aaah, prazer falar com você, Jonas Rodrigues 😍

Muito obrigada pelas informações!
Eu sou a assistente virtual da Pello Menos, vou te ajudar por aqui rapidinho e já te encaminho para uma das nossas especialistas, tá?

Só pra você saber, a Pello Menos é pioneira em depilação feminina no Brasil, há mais de 30 anos cuidando de mulheres com excelência ✨

Vi que você clicou no nosso anúncio 👀
Me conta só uma coisinha pra gente te direcionar melhor…

Quais regiões mais te incomodam hoje e que você gostaria de se livrar dos pelinhos de vez? 💬"
jonas rodrigues,,QzbyH8ChVDO6IsP2xePm,outros descontos|flamengo|lead|triagem|em atendimento,,2026-09-28 16:20,CLIENTE,inbound,TYPE_WHATSAPP,,Jonas
jonas rodrigues,,QzbyH8ChVDO6IsP2xePm,outros descontos|flamengo|lead|triagem|em atendimento,,2026-09-28 16:27,AUTOMAÇÃO,workflow,TYPE_WHATSAPP,workflow,"Perfeito! 😊
Já estou encaminhando suas informações para nossa consultora. 💜"
jonas rodrigues,,QzbyH8ChVDO6IsP2xePm,outros descontos|flamengo|lead|triagem|em atendimento,,2026-09-28 16:27,CLIENTE,inbound,TYPE_WHATSAPP,,Queria ver a respeito dessa das costas completa e tórax abdômen e perna completa
jonas rodrigues,,QzbyH8ChVDO6IsP2xePm,outros descontos|flamengo|lead|triagem|em atendimento,,2026-09-28 16:27,HUMANO,Unidade fla@,TYPE_WHATSAPP,app,"Olá, Jonas

Me chamo Marcus
Sou o representante da unidade do Flamengo.

Pra gente dar continuidade a este atendimento, me diga o seguinte:"
jonas rodrigues,,QzbyH8ChVDO6IsP2xePm,outros descontos|flamengo|lead|triagem|em atendimento,,2026-09-28 16:27,SISTEMA,TYPE_ACTIVITY_OPPORTUNITY,TYPE_ACTIVITY_OPPORTUNITY,app,Opportunity updated
jonas rodrigues,,QzbyH8ChVDO6IsP2xePm,outros descontos|flamengo|lead|triagem|em atendimento,,2026-09-28 16:30,HUMANO,Unidade fla@,TYPE_WHATSAPP,app,"Me responda sobre as contraindicações, para garantir sua segurança no tratamento, tudo bem?

 1️⃣ Tem tatuagem ou cicatriz na área a ser tratada?
 2️⃣ Possui pelos brancos, loiros ou ruivos na região?
 3️⃣ Tem alguma doença diagnosticada? Se sim, qual?
 4️⃣ Possui diabetes? Se sim, qual o tipo?
 5️⃣ Está usando algum medicamento atualmente?
 6️⃣ Faz bronzeamento artificial com frequência?
 7️⃣ Está grávida, amamentando ou teve câncer nos últimos cinco anos?
 8️⃣ Tem melasma ou outras condições na pele, como manchas ou sensibilidade?

👉 Se nenhuma das opções se aplicar a você, pode responder: ""Não para todas"".

 Assim, consigo Garantir o seu Presente com total segurança e tranquilidade! 😉"
jonas rodrigues,,QzbyH8ChVDO6IsP2xePm,outros descontos|flamengo|lead|triagem|em atendimento,,2026-09-28 16:33,HUMANO,Unidade fla@,TYPE_WHATSAPP,app,"Estamos com uma campanha promocional especial para este mês de setembro

Costas - 60% de desconto - 10 x 63,20 (10 sessoes)
Torax + Abdomen - 50% de desconto - total de 1.182,50
Perna completa - 50% de desconto - total de 2.160,00"
jonas rodrigues,,QzbyH8ChVDO6IsP2xePm,outros descontos|flamengo|lead|triagem|em atendimento,,2026-09-28 16:52,HUMANO,Unidade fla@,TYPE_WHATSAPP,app,"Pode parcelar em até 10x

O que achou desta oportunidade?"
jonas rodrigues,,QzbyH8ChVDO6IsP2xePm,outros descontos|flamengo|lead|triagem|em atendimento,,2026-09-28 17:17,HUMANO,Unidade fla@,TYPE_WHATSAPP,app,"Jonas

Estamos com uma super promoção da Ax ou faixa de barba por R$94,90 cada. esse valor só pode ser pago a vista."
jonas rodrigues,,QzbyH8ChVDO6IsP2xePm,outros descontos|flamengo|lead|triagem|em atendimento,,2026-09-28 17:17,HUMANO,Unidade fla@,TYPE_WHATSAPP,app,AX = axilas
jonathan administracão,,3VA7F2xmTJfC3BfXbD4j,outros descontos|flamengo|lead|triagem|em atendimento,,2026-09-23 12:12,AUTOMAÇÃO,workflow,TYPE_WHATSAPP,workflow,"Oi! Que bom te ver por aqui 🤩

Parabéns pela decisão de começar seu tratamento!

Aqui na Pello Menos usamos o HAKON 4D, que proporciona um resultado mais rápido e duradouro.

E o melhor: a ponteira é geladinha (-12°C), deixando a aplicação muito mais confortável e segura para todos os tipos de pele.

Me conta, qual o seu nome? 💬"
jonathan administracão,,3VA7F2xmTJfC3BfXbD4j,outros descontos|flamengo|lead|triagem|em atendimento,,2026-09-23 12:12,AUTOMAÇÃO,workflow,TYPE_WHATSAPP,workflow,"Aaah, prazer falar com você, Jonathan Administracão 😍

Muito obrigada pelas informações!
Eu sou a assistente virtual da Pello Menos, vou te ajudar por aqui rapidinho e já te encaminho para uma das nossas especialistas, tá?

Só pra você saber, a Pello Menos é pioneira em depilação feminina no Brasil, há mais de 30 anos cuidando de mulheres com excelência ✨

Vi que você clicou no nosso anúncio 👀
Me conta só uma coisinha pra gente te direcionar melhor…

Quais regiões mais te incomodam hoje e que você gostaria de se livrar dos pelinhos de vez? 💬"
jonathan administracão,,3VA7F2xmTJfC3BfXbD4j,outros descontos|flamengo|lead|triagem|em atendimento,,2026-09-23 12:12,CLIENTE,inbound,TYPE_WHATSAPP,,"*Headline:* Conheça a Pello Menos Flamengo
*Source URL:* https://fb.me/avHuJf17a

Garanta seu desconto nos nossos combos no mês de Setembro."
jonathan administracão,,3VA7F2xmTJfC3BfXbD4j,outros descontos|flamengo|lead|triagem|em atendimento,,2026-09-23 12:12,CLIENTE,inbound,TYPE_WHATSAPP,,Jonathan
jonathan administracão,,3VA7F2xmTJfC3BfXbD4j,outros descontos|flamengo|lead|triagem|em atendimento,,2026-09-23 12:12,CLIENTE,inbound,TYPE_WHATSAPP,,Internet
jonathan administracão,,3VA7F2xmTJfC3BfXbD4j,outros descontos|flamengo|lead|triagem|em atendimento,,2026-09-23 12:12,SISTEMA,TYPE_ACTIVITY_OPPORTUNITY,TYPE_ACTIVITY_OPPORTUNITY,app,Opportunity created
jonathan administracão,,3VA7F2xmTJfC3BfXbD4j,outros descontos|flamengo|lead|triagem|em atendimento,,2026-09-23 12:13,AUTOMAÇÃO,workflow,TYPE_WHATSAPP,workflow,"Perfeito! 😊
Já estou encaminhando suas informações para nossa consultora. 💜"
jonathan administracão,,3VA7F2xmTJfC3BfXbD4j,outros descontos|flamengo|lead|triagem|em atendimento,,2026-09-23 12:13,SISTEMA,TYPE_ACTIVITY_OPPORTUNITY,TYPE_ACTIVITY_OPPORTUNITY,app,Opportunity updated
jonathan administracão,,3VA7F2xmTJfC3BfXbD4j,outros descontos|flamengo|lead|triagem|em atendimento,,2026-09-23 12:38,HUMANO,Unidade fla@,TYPE_WHATSAPP,app,"Olá, me chamo marcus. É um prazer fazer contato com você."
jonathan administracão,,3VA7F2xmTJfC3BfXbD4j,outros descontos|flamengo|lead|triagem|em atendimento,,2026-09-23 12:39,HUMANO,Unidade fla@,TYPE_WHATSAPP,app,"Ví que gostaria de informações sobre nosso laser, certo.

-- Costas com 60% de desconto - 10x de 63,20
-- Barba com 60% de desconto - 10x de 42,80
-- Faixa de barba ou axila - 94,90

esses são os nossos preços especiais.

Me conta, qual a área que mais te incomoda?"
josete luna,,ncEWwA761YGzkOVU8PNA,outros descontos|flamengo|lead|triagem|sem resposta,,2026-08-25 14:49,AUTOMAÇÃO,workflow,TYPE_WHATSAPP,workflow,"Oi! Que bom te ver por aqui 🤩

Parabéns pela decisão de começar seu tratamento!

Aqui na Pello Menos usamos o HAKON 4D, que proporciona um resultado mais rápido e duradouro.

E o melhor: a ponteira é geladinha (-12°C), deixando a aplicação muito mais confortável e segura para todos os tipos de pele.

Me conta, qual o seu nome? 💬"
josete luna,,ncEWwA761YGzkOVU8PNA,outros descontos|flamengo|lead|triagem|sem resposta,,2026-08-25 14:49,CLIENTE,inbound,TYPE_WHATSAPP,,"*Headline:* Conheça a Pello Menos Flamengo
*Source URL:* https://www.instagram.com/p/Dbv7Y85APlD/

Garanta seu desconto nos nossos combos no mês de Agosto."
josete luna,,ncEWwA761YGzkOVU8PNA,outros descontos|flamengo|lead|triagem|sem resposta,,2026-08-25 14:49,SISTEMA,TYPE_ACTIVITY_OPPORTUNITY,TYPE_ACTIVITY_OPPORTUNITY,app,Opportunity created
josete luna,,ncEWwA761YGzkOVU8PNA,outros descontos|flamengo|lead|triagem|sem resposta,,2026-08-25 16:29,HUMANO,Unidade fla@,TYPE_WHATSAPP,app,"Olá Josete! aqui é a Giulia, operadora do Laser da unidade do Flamengo. Vou estar dando continuidade no seu atendimento!"
josete luna,,ncEWwA761YGzkOVU8PNA,outros descontos|flamengo|lead|triagem|sem resposta,,2026-08-25 16:31,HUMANO,Unidade fla@,TYPE_WHATSAPP,app,Qual região te incomoda hoje?
josete luna,,ncEWwA761YGzkOVU8PNA,outros descontos|flamengo|lead|triagem|sem resposta,,2026-08-27 14:59,SISTEMA,TYPE_ACTIVITY_OPPORTUNITY,TYPE_ACTIVITY_OPPORTUNITY,app,Opportunity updated
josete luna,,ncEWwA761YGzkOVU8PNA,outros descontos|flamengo|lead|triagem|sem resposta,,2026-08-27 15:00,SISTEMA,TYPE_ACTIVITY_OPPORTUNITY,TYPE_ACTIVITY_OPPORTUNITY,app,Opportunity updated
jovannah peixoto,,uUnJw8pphOK0Tz4CAXMt,3 sessões|flamengo|lead|triagem|sem resposta,,2026-08-04 21:55,AUTOMAÇÃO,workflow,TYPE_WHATSAPP,workflow,"🎉 Parabéns! Você ganhou *3 sessões grátis* de depilação a laser com a *Pello Menos.*

Com o *Laser Hacok 4D* que acelera seus resultados e tem a ponteira resfriada garantindo o conforto em cada sessão.

Para liberar seu presente, digita aqui pra mim: *qual o seu nome completo?*"
jovannah peixoto,,uUnJw8pphOK0Tz4CAXMt,3 sessões|flamengo|lead|triagem|sem resposta,,2026-08-04 21:55,CLIENTE,inbound,TYPE_WHATSAPP,,"*Headline:* Conheça a Pello Menos Flamengo
*Source URL:* https://www.instagram.com/p/Dadlk7tA4hY/

Olá! Gostaria de resgatar o voucher das 3 sessões de axilas ou buço, por favor."
jovannah peixoto,,uUnJw8pphOK0Tz4CAXMt,3 sessões|flamengo|lead|triagem|sem resposta,,2026-08-04 21:55,SISTEMA,TYPE_ACTIVITY_OPPORTUNITY,TYPE_ACTIVITY_OPPORTUNITY,app,Opportunity created
jovannah peixoto,,uUnJw8pphOK0Tz4CAXMt,3 sessões|flamengo|lead|triagem|sem resposta,,2026-08-04 22:08,AUTOMAÇÃO,workflow,TYPE_WHATSAPP,workflow,"Aaah, prazer falar com você, Jovannah Peixoto 😍

Eu sou a assistente virtual da Pello Menos, vou te ajudar por aqui rapidinho e já te encaminho para uma de nossas especialistas.

A Pello Menos é pioneira em depilação segura há mais de 28 anos, com o Laser Hakon 4D, que atua em quatro dimensões do pelo e garante mais conforto com ponteira a -12 °C.

Para eu fazer seu cadastro e lançar seu presente no nosso sistema, digita aqui seu CPF, por favor ⬇️"
jovannah peixoto,,uUnJw8pphOK0Tz4CAXMt,3 sessões|flamengo|lead|triagem|sem resposta,,2026-08-04 22:08,CLIENTE,inbound,TYPE_WHATSAPP,,Jovannah Peixoto
jovannah peixoto,,uUnJw8pphOK0Tz4CAXMt,3 sessões|flamengo|lead|triagem|sem resposta,,2026-08-14 15:07,SISTEMA,TYPE_ACTIVITY_OPPORTUNITY,TYPE_ACTIVITY_OPPORTUNITY,app,Opportunity updated
jovannah peixoto,,uUnJw8pphOK0Tz4CAXMt,3 sessões|flamengo|lead|triagem|sem resposta,,2026-08-21 12:40,HUMANO,Unidade fla@,TYPE_WHATSAPP,app,Consegui um desconto ainda melhor para você hoje. Me chama que te explico e já deixo reservado. 😊
karolina de jesus rodrigues,,w5TTKhRxwyytvVNNMyhk,3 sessões|flamengo|lead|triagem|sem resposta,,2026-07-20 13:48,CLIENTE,inbound,TYPE_WHATSAPP,,"*Headline:* Conheça a Pello Menos Flamengo
*Source URL:* https://www.instagram.com/p/Dadlk7tA4hY/

Olá! Gostaria de resgatar o voucher das 3 sessões de axilas ou buço, por favor."
karolina de jesus rodrigues,,w5TTKhRxwyytvVNNMyhk,3 sessões|flamengo|lead|triagem|sem resposta,,2026-07-20 13:49,AUTOMAÇÃO,workflow,TYPE_WHATSAPP,workflow,"🎉 Parabéns! Você ganhou *3 sessões grátis* de depilação a laser com a *Pello Menos.*

Com o *Laser Hacok 4D* que acelera seus resultados e tem a ponteira resfriada garantindo o conforto em cada sessão.

Para liberar seu presente, digita aqui pra mim: *qual o seu nome completo?*"
karolina de jesus rodrigues,,w5TTKhRxwyytvVNNMyhk,3 sessões|flamengo|lead|triagem|sem resposta,,2026-07-20 13:49,AUTOMAÇÃO,workflow,TYPE_WHATSAPP,workflow,"Aaah, prazer falar com você, Karolina De Jesus Rodrigues 😍

Eu sou a assistente virtual da Pello Menos, vou te ajudar por aqui rapidinho e já te encaminho para uma de nossas especialistas.

A Pello Menos é pioneira em depilação segura há mais de 28 anos, com o Laser Hakon 4D, que atua em quatro dimensões do pelo e garante mais conforto com ponteira a -12 °C.

Para eu fazer seu cadastro e lançar seu presente no nosso sistema, digita aqui seu CPF, por favor ⬇️"
karolina de jesus rodrigues,,w5TTKhRxwyytvVNNMyhk,3 sessões|flamengo|lead|triagem|sem resposta,,2026-07-20 13:49,CLIENTE,inbound,TYPE_WHATSAPP,,Karolina de jesus Rodrigues
karolina de jesus rodrigues,,w5TTKhRxwyytvVNNMyhk,3 sessões|flamengo|lead|triagem|sem resposta,,2026-07-20 13:49,SISTEMA,TYPE_ACTIVITY_OPPORTUNITY,TYPE_ACTIVITY_OPPORTUNITY,app,Opportunity created
karolina de jesus rodrigues,,w5TTKhRxwyytvVNNMyhk,3 sessões|flamengo|lead|triagem|sem resposta,,2026-07-20 13:54,CLIENTE,inbound,TYPE_WHATSAPP,,15091882740
karolina de jesus rodrigues,,w5TTKhRxwyytvVNNMyhk,3 sessões|flamengo|lead|triagem|sem resposta,,2026-07-20 13:55,AUTOMAÇÃO,workflow,TYPE_WHATSAPP,workflow,"Já anotei tudo aqui 💜
Agora só preciso que você me responda rapidinho sobre as contraindicações, para garantir sua segurança no tratamento, tudo bem?

1️⃣ Tem tatuagem ou cicatriz na área a ser tratada?
2️⃣ Possui pelos brancos, loiros ou ruivos na região?
3️⃣ Tem alguma doença diagnosticada? Se sim, qual?
4️⃣ Já teve algum tipo de câncer ?
5️⃣ Está usando algum medicamento atualmente?
6️⃣ Faz bronzeamento artificial com frequência?
7️⃣ Está grávida ou amamentando ?
8️⃣ Tem melasma ou outras condições na pele, como manchas ou sensibilidade?

👉 Se nenhuma das opções se aplicar a você, pode responder: ""Não para todas"". Assim, consigo Garantir o seu Presente com total segurança e tranquilidade! 😉

Só lembrando que esta é uma pre-anamnese, e quando for a loja para iniciar o seu tratamento precisará preencher a anamnese oficial com a profissional do laser ok?!"
karolina de jesus rodrigues,,w5TTKhRxwyytvVNNMyhk,3 sessões|flamengo|lead|triagem|sem resposta,,2026-07-20 14:09,AUTOMAÇÃO,workflow,TYPE_WHATSAPP,workflow,"Perfeito! 😊
Já estou encaminhando suas informações para uma de nossas consultoras.

Enquanto isso, me conta: além da área que você ganhou de presente, tem alguma outra área que você gostaria de conhecer melhor, sem compromisso? 💜"
karolina de jesus rodrigues,,w5TTKhRxwyytvVNNMyhk,3 sessões|flamengo|lead|triagem|sem resposta,,2026-07-20 14:09,CLIENTE,inbound,TYPE_WHATSAPP,,"Nao
Nao
Nao
Nao
Sim
Nao
Nao
Sim"
karolina de jesus rodrigues,,w5TTKhRxwyytvVNNMyhk,3 sessões|flamengo|lead|triagem|sem resposta,,2026-07-20 14:09,SISTEMA,TYPE_ACTIVITY_OPPORTUNITY,TYPE_ACTIVITY_OPPORTUNITY,app,Opportunity updated
karolina de jesus rodrigues,,w5TTKhRxwyytvVNNMyhk,3 sessões|flamengo|lead|triagem|sem resposta,,2026-07-20 14:10,CLIENTE,inbound,TYPE_WHATSAPP,,Nenhuma
karolina de jesus rodrigues,,w5TTKhRxwyytvVNNMyhk,3 sessões|flamengo|lead|triagem|sem resposta,,2026-07-21 10:51,HUMANO,Unidade fla@,TYPE_WHATSAPP,app,"Olá Karolina, aqui é a Giulia, operadora do Laser da unidade do Flamengo."
karolina de jesus rodrigues,,w5TTKhRxwyytvVNNMyhk,3 sessões|flamengo|lead|triagem|sem resposta,,2026-07-21 10:52,CLIENTE,inbound,TYPE_WHATSAPP,,"Ola, é somente no flamengo? Pq e muito longe pra mim"
karolina de jesus rodrigues,,w5TTKhRxwyytvVNNMyhk,3 sessões|flamengo|lead|triagem|sem resposta,,2026-07-21 10:52,HUMANO,Unidade fla@,TYPE_WHATSAPP,app,"Para continuarmos, preciso concluir seu cadastro no sistema e após seu cadastro, você pode vir na unidade concluir e realizar sua sessão. Pode me informar sua data de nascimento?"
karolina de jesus rodrigues,,w5TTKhRxwyytvVNNMyhk,3 sessões|flamengo|lead|triagem|sem resposta,,2026-07-21 10:53,HUMANO,Unidade fla@,TYPE_WHATSAPP,app,"Sim, o seu presente é exclusivo para a unidade do Flamengo."
karolina de jesus rodrigues,,w5TTKhRxwyytvVNNMyhk,3 sessões|flamengo|lead|triagem|sem resposta,,2026-07-21 11:02,CLIENTE,inbound,TYPE_WHATSAPP,,Poxa entao n vou querer nao
karolina de jesus rodrigues,,w5TTKhRxwyytvVNNMyhk,3 sessões|flamengo|lead|triagem|sem resposta,,2026-07-21 11:02,CLIENTE,inbound,TYPE_WHATSAPP,,Sabe se tem pra outro lugar?
karolina de jesus rodrigues,,w5TTKhRxwyytvVNNMyhk,3 sessões|flamengo|lead|triagem|sem resposta,,2026-07-29 12:05,SISTEMA,TYPE_ACTIVITY_OPPORTUNITY,TYPE_ACTIVITY_OPPORTUNITY,app,Opportunity updated
katharine barbosa,,DWtMrrzGy7mAmO5xs1ug,3 sessões|flamengo|lead|triagem|comanda cortesia aberta,,2026-07-15 12:58,AUTOMAÇÃO,workflow,TYPE_WHATSAPP,workflow,"🎉 Parabéns! Você ganhou *3 sessões grátis* de depilação a laser com a *Pello Menos.*

Com o *Laser Hacok 4D* que acelera seus resultados e tem a ponteira resfriada garantindo o conforto em cada sessão.

Para liberar seu presente, digita aqui pra mim: *qual o seu nome completo?*"
katharine barbosa,,DWtMrrzGy7mAmO5xs1ug,3 sessões|flamengo|lead|triagem|comanda cortesia aberta,,2026-07-15 12:58,CLIENTE,inbound,TYPE_WHATSAPP,,"*Headline:* Conheça a Pello Menos Flamengo
*Source URL:* https://www.instagram.com/p/Dadli5aAm5S/

Olá! Gostaria de resgatar o voucher das 3 sessões de axilas ou buço, por favor."
katharine barbosa,,DWtMrrzGy7mAmO5xs1ug,3 sessões|flamengo|lead|triagem|comanda cortesia aberta,,2026-07-15 12:59,SISTEMA,TYPE_ACTIVITY_OPPORTUNITY,TYPE_ACTIVITY_OPPORTUNITY,app,Opportunity created
katharine barbosa,,DWtMrrzGy7mAmO5xs1ug,3 sessões|flamengo|lead|triagem|comanda cortesia aberta,,2026-07-15 13:00,AUTOMAÇÃO,workflow,TYPE_WHATSAPP,workflow,"Aaah, prazer falar com você, Katharine Barbosa 😍

Eu sou a assistente virtual da Pello Menos, vou te ajudar por aqui rapidinho e já te encaminho para uma de nossas especialistas.

A Pello Menos é pioneira em depilação segura há mais de 28 anos, com o Laser Hakon 4D, que atua em quatro dimensões do pelo e garante mais conforto com ponteira a -12 °C.

Para eu fazer seu cadastro e lançar seu presente no nosso sistema, digita aqui seu CPF, por favor ⬇️"
katharine barbosa,,DWtMrrzGy7mAmO5xs1ug,3 sessões|flamengo|lead|triagem|comanda cortesia aberta,,2026-07-15 13:00,AUTOMAÇÃO,workflow,TYPE_WHATSAPP,workflow,"Já anotei tudo aqui 💜
Agora só preciso que você me responda rapidinho sobre as contraindicações, para garantir sua segurança no tratamento, tudo bem?

1️⃣ Tem tatuagem ou cicatriz na área a ser tratada?
2️⃣ Possui pelos brancos, loiros ou ruivos na região?
3️⃣ Tem alguma doença diagnosticada? Se sim, qual?
4️⃣ Já teve algum tipo de câncer ?
5️⃣ Está usando algum medicamento atualmente?
6️⃣ Faz bronzeamento artificial com frequência?
7️⃣ Está grávida ou amamentando ?
8️⃣ Tem melasma ou outras condições na pele, como manchas ou sensibilidade?

👉 Se nenhuma das opções se aplicar a você, pode responder: ""Não para todas"". Assim, consigo Garantir o seu Presente com total segurança e tranquilidade! 😉

Só lembrando que esta é uma pre-anamnese, e quando for a loja para iniciar o seu tratamento precisará preencher a anamnese oficial com a profissional do laser ok?!"
katharine barbosa,,DWtMrrzGy7mAmO5xs1ug,3 sessões|flamengo|lead|triagem|comanda cortesia aberta,,2026-07-15 13:00,CLIENTE,inbound,TYPE_WHATSAPP,,Katharine barbosa
katharine barbosa,,DWtMrrzGy7mAmO5xs1ug,3 sessões|flamengo|lead|triagem|comanda cortesia aberta,,2026-07-15 13:00,CLIENTE,inbound,TYPE_WHATSAPP,,147.868.867-00
katharine barbosa,,DWtMrrzGy7mAmO5xs1ug,3 sessões|flamengo|lead|triagem|comanda cortesia aberta,,2026-07-15 13:01,AUTOMAÇÃO,workflow,TYPE_WHATSAPP,workflow,"Perfeito! 😊
Já estou encaminhando suas informações para uma de nossas consultoras.

Enquanto isso, me conta: além da área que você ganhou de presente, tem alguma outra área que você gostaria de conhecer melhor, sem compromisso? 💜"
katharine barbosa,,DWtMrrzGy7mAmO5xs1ug,3 sessões|flamengo|lead|triagem|comanda cortesia aberta,,2026-07-15 13:01,CLIENTE,inbound,TYPE_WHATSAPP,,Não para todas
katharine barbosa,,DWtMrrzGy7mAmO5xs1ug,3 sessões|flamengo|lead|triagem|comanda cortesia aberta,,2026-07-15 13:01,SISTEMA,TYPE_ACTIVITY_OPPORTUNITY,TYPE_ACTIVITY_OPPORTUNITY,app,Opportunity updated
katharine barbosa,,DWtMrrzGy7mAmO5xs1ug,3 sessões|flamengo|lead|triagem|comanda cortesia aberta,,2026-07-15 13:25,HUMANO,Unidade fla@,TYPE_WHATSAPP,app,"Olá katharine, aqui é a Giulia, operadora do Laser da unidade do Flamengo."
katharine barbosa,,DWtMrrzGy7mAmO5xs1ug,3 sessões|flamengo|lead|triagem|comanda cortesia aberta,,2026-07-15 13:26,HUMANO,Unidade fla@,TYPE_WHATSAPP,app,Tem alguma outra região que te incomoda hoje?
katharine barbosa,,DWtMrrzGy7mAmO5xs1ug,3 sessões|flamengo|lead|triagem|comanda cortesia aberta,,2026-07-15 13:33,CLIENTE,inbound,TYPE_WHATSAPP,,"Oii
Não, no momento não"
katharine barbosa,,DWtMrrzGy7mAmO5xs1ug,3 sessões|flamengo|lead|triagem|comanda cortesia aberta,,2026-07-15 15:00,HUMANO,Unidade fla@,TYPE_WHATSAPP,app,"Certo. Para continuarmos, preciso concluir seu cadastro no sistema e após seu cadastro, você pode vir na unidade concluir e realizar sua sessão.

Pode me informar sua data de nascimento?"
katharine barbosa,,DWtMrrzGy7mAmO5xs1ug,3 sessões|flamengo|lead|triagem|comanda cortesia aberta,,2026-07-15 15:57,CLIENTE,inbound,TYPE_WHATSAPP,,25 02 1996
katharine barbosa,,DWtMrrzGy7mAmO5xs1ug,3 sessões|flamengo|lead|triagem|comanda cortesia aberta,,2026-07-15 16:43,CLIENTE,inbound,TYPE_WHATSAPP,,Obrigada!!
katharine barbosa,,DWtMrrzGy7mAmO5xs1ug,3 sessões|flamengo|lead|triagem|comanda cortesia aberta,,2026-07-15 16:43,HUMANO,Unidade fla@,TYPE_WHATSAPP,app,"Já realizei o cadastro, agora só comparecer na loja para finalizar e realizar as sessões.

Sem agendamentos, funcionamos sem hora marcada. Horário de funcionamento do Laser: de terça à sexta, de 9:00 às 19:00 e sábados de 9:00 às 18:00.
Rua Marquês de Abrantes, 209 - Flamengo"
katharine barbosa,,DWtMrrzGy7mAmO5xs1ug,3 sessões|flamengo|lead|triagem|comanda cortesia aberta,,2026-07-15 16:44,SISTEMA,TYPE_ACTIVITY_OPPORTUNITY,TYPE_ACTIVITY_OPPORTUNITY,app,Opportunity updated
kual.valor.das.panela.preta,,QjQe0TE2KovmMQmF3wd5,outros descontos|flamengo|lead|triagem|sem resposta,,2026-07-13 16:05,AUTOMAÇÃO,workflow,TYPE_WHATSAPP,workflow,"Oi! Que bom te ver por aqui 🤩

Parabéns pela decisão de começar seu tratamento!

Aqui na Pello Menos usamos o HAKON 4D, que proporciona um resultado mais rápido e duradouro.

E o melhor: a ponteira é geladinha (-12°C), deixando a aplicação muito mais confortável e segura para todos os tipos de pele.

Me conta, qual o seu nome? 💬"
kual.valor.das.panela.preta,,QjQe0TE2KovmMQmF3wd5,outros descontos|flamengo|lead|triagem|sem resposta,,2026-07-13 16:05,CLIENTE,inbound,TYPE_WHATSAPP,,"*Headline:* Conheça a Pello Menos Flamengo
*Source URL:* https://fb.me/4MsiT8Tmk

Garanta seu desconto nos nossos combos no mês de Julho."
kual.valor.das.panela.preta,,QjQe0TE2KovmMQmF3wd5,outros descontos|flamengo|lead|triagem|sem resposta,,2026-07-13 16:05,SISTEMA,TYPE_ACTIVITY_OPPORTUNITY,TYPE_ACTIVITY_OPPORTUNITY,app,Opportunity created
kual.valor.das.panela.preta,,QjQe0TE2KovmMQmF3wd5,outros descontos|flamengo|lead|triagem|sem resposta,,2026-07-13 16:06,AUTOMAÇÃO,workflow,TYPE_WHATSAPP,workflow,"Aaah, prazer falar com você, Kual.valor.das.panela.preta 😍

Muito obrigada pelas informações!
Eu sou a assistente virtual da Pello Menos, vou te ajudar por aqui rapidinho e já te encaminho para uma das nossas especialistas, tá?

Só pra você saber, a Pello Menos é pioneira em depilação feminina no Brasil, há mais de 30 anos cuidando de mulheres com excelência ✨

Vi que você clicou no nosso anúncio 👀
Me conta só uma coisinha pra gente te direcionar melhor…

Quais regiões mais te incomodam hoje e que você gostaria de se livrar dos pelinhos de vez? 💬"
kual.valor.das.panela.preta,,QjQe0TE2KovmMQmF3wd5,outros descontos|flamengo|lead|triagem|sem resposta,,2026-07-13 16:06,CLIENTE,inbound,TYPE_WHATSAPP,,Kual.valor.das.panela.preta
kual.valor.das.panela.preta,,QjQe0TE2KovmMQmF3wd5,outros descontos|flamengo|lead|triagem|sem resposta,,2026-07-13 16:06,CLIENTE,inbound,TYPE_WHATSAPP,,Envia.rio.de.janeiro
kual.valor.das.panela.preta,,QjQe0TE2KovmMQmF3wd5,outros descontos|flamengo|lead|triagem|sem resposta,,2026-07-13 16:07,AUTOMAÇÃO,workflow,TYPE_WHATSAPP,workflow,"Perfeito! 😊
Já estou encaminhando suas informações para nossa consultora. 💜"
kual.valor.das.panela.preta,,QjQe0TE2KovmMQmF3wd5,outros descontos|flamengo|lead|triagem|sem resposta,,2026-07-13 16:07,SISTEMA,TYPE_ACTIVITY_OPPORTUNITY,TYPE_ACTIVITY_OPPORTUNITY,app,Opportunity updated
kual.valor.das.panela.preta,,QjQe0TE2KovmMQmF3wd5,outros descontos|flamengo|lead|triagem|sem resposta,,2026-07-14 10:24,HUMANO,Unidade fla@,TYPE_WHATSAPP,app,"Olá! Para começarmos, me informa seu nome e sobrenome aqui 👇"
kual.valor.das.panela.preta,,QjQe0TE2KovmMQmF3wd5,outros descontos|flamengo|lead|triagem|sem resposta,,2026-07-14 10:26,CLIENTE,inbound,TYPE_WHATSAPP,,Sonia
kual.valor.das.panela.preta,,QjQe0TE2KovmMQmF3wd5,outros descontos|flamengo|lead|triagem|sem resposta,,2026-07-14 10:26,CLIENTE,inbound,TYPE_WHATSAPP,,Rio.janeiro
kual.valor.das.panela.preta,,QjQe0TE2KovmMQmF3wd5,outros descontos|flamengo|lead|triagem|sem resposta,,2026-07-14 10:26,HUMANO,Unidade fla@,TYPE_WHATSAPP,app,"Olá Sonia! Aqui é a operadora do Laser da unidade do Flamengo! me conta, qual região hoje te incomoda para garantirmos os combos promocionais do mês de Julho?"
kual.valor.das.panela.preta,,QjQe0TE2KovmMQmF3wd5,outros descontos|flamengo|lead|triagem|sem resposta,,2026-07-15 10:39,SISTEMA,TYPE_ACTIVITY_OPPORTUNITY,TYPE_ACTIVITY_OPPORTUNITY,app,Opportunity updated
lara rodrigues carvalho,,PIOVTaRYTQr2GgSgXH29,3 sessões|flamengo|lead|triagem|comanda cortesia aberta,,2026-08-15 12:28,AUTOMAÇÃO,workflow,TYPE_WHATSAPP,workflow,"🎉 Parabéns! Você ganhou *3 sessões grátis* de depilação a laser com a *Pello Menos.*

Com o *Laser Hacok 4D* que acelera seus resultados e tem a ponteira resfriada garantindo o conforto em cada sessão.

Para liberar seu presente, digita aqui pra mim: *qual o seu nome completo?*"
lara rodrigues carvalho,,PIOVTaRYTQr2GgSgXH29,3 sessões|flamengo|lead|triagem|comanda cortesia aberta,,2026-08-15 12:28,CLIENTE,inbound,TYPE_WHATSAPP,,"*Headline:* Conheça a Pello Menos Flamengo
*Source URL:* https://www.instagram.com/p/Dbs61qhgMjk/

Olá! Gostaria de resgatar o voucher das 3 sessões de axilas ou buço, por favor."
lara rodrigues carvalho,,PIOVTaRYTQr2GgSgXH29,3 sessões|flamengo|lead|triagem|comanda cortesia aberta,,2026-08-15 12:28,SISTEMA,TYPE_ACTIVITY_OPPORTUNITY,TYPE_ACTIVITY_OPPORTUNITY,app,Opportunity created
lara rodrigues carvalho,,PIOVTaRYTQr2GgSgXH29,3 sessões|flamengo|lead|triagem|comanda cortesia aberta,,2026-08-15 12:29,AUTOMAÇÃO,workflow,TYPE_WHATSAPP,workflow,"Aaah, prazer falar com você, Lara Rodrigues Carvalho 😍

Eu sou a assistente virtual da Pello Menos, vou te ajudar por aqui rapidinho e já te encaminho para uma de nossas especialistas.

A Pello Menos é pioneira em depilação segura há mais de 28 anos, com o Laser Hakon 4D, que atua em quatro dimensões do pelo e garante mais conforto com ponteira a -12 °C.

Para eu fazer seu cadastro e lançar seu presente no nosso sistema, digita aqui seu CPF, por favor ⬇️"
lara rodrigues carvalho,,PIOVTaRYTQr2GgSgXH29,3 sessões|flamengo|lead|triagem|comanda cortesia aberta,,2026-08-15 12:29,AUTOMAÇÃO,workflow,TYPE_WHATSAPP,workflow,"Já anotei tudo aqui 💜
Agora só preciso que você me responda rapidinho sobre as contraindicações, para garantir sua segurança no tratamento, tudo bem?

1️⃣ Tem tatuagem ou cicatriz na área a ser tratada?
2️⃣ Possui pelos brancos, loiros ou ruivos na região?
3️⃣ Tem alguma doença diagnosticada? Se sim, qual?
4️⃣ Já teve algum tipo de câncer ?
5️⃣ Está usando algum medicamento atualmente?
6️⃣ Faz bronzeamento artificial com frequência?
7️⃣ Está grávida ou amamentando ?
8️⃣ Tem melasma ou outras condições na pele, como manchas ou sensibilidade?

👉 Se nenhuma das opções se aplicar a você, pode responder: ""Não para todas"". Assim, consigo Garantir o seu Presente com total segurança e tranquilidade! 😉

Só lembrando que esta é uma pre-anamnese, e quando for a loja para iniciar o seu tratamento precisará preencher a anamnese oficial com a profissional do laser ok?!"
lara rodrigues carvalho,,PIOVTaRYTQr2GgSgXH29,3 sessões|flamengo|lead|triagem|comanda cortesia aberta,,2026-08-15 12:29,CLIENTE,inbound,TYPE_WHATSAPP,,Lara Rodrigues Carvalho
lara rodrigues carvalho,,PIOVTaRYTQr2GgSgXH29,3 sessões|flamengo|lead|triagem|comanda cortesia aberta,,2026-08-15 12:29,CLIENTE,inbound,TYPE_WHATSAPP,,60379539373
lara rodrigues carvalho,,PIOVTaRYTQr2GgSgXH29,3 sessões|flamengo|lead|triagem|comanda cortesia aberta,,2026-08-15 12:30,AUTOMAÇÃO,workflow,TYPE_WHATSAPP,workflow,"Perfeito! 😊
Já estou encaminhando suas informações para uma de nossas consultoras.

Enquanto isso, me conta: além da área que você ganhou de presente, tem alguma outra área que você gostaria de conhecer melhor, sem compromisso? 💜"
lara rodrigues carvalho,,PIOVTaRYTQr2GgSgXH29,3 sessões|flamengo|lead|triagem|comanda cortesia aberta,,2026-08-15 12:30,CLIENTE,inbound,TYPE_WHATSAPP,,"1. Nao
2. ⁠nao
3. ⁠nao
4. ⁠nao
5. ⁠nao
6. ⁠nao
7. ⁠nao
8. ⁠nao"
lara rodrigues carvalho,,PIOVTaRYTQr2GgSgXH29,3 sessões|flamengo|lead|triagem|comanda cortesia aberta,,2026-08-15 12:30,CLIENTE,inbound,TYPE_WHATSAPP,,Nao
lara rodrigues carvalho,,PIOVTaRYTQr2GgSgXH29,3 sessões|flamengo|lead|triagem|comanda cortesia aberta,,2026-08-15 12:30,SISTEMA,TYPE_ACTIVITY_OPPORTUNITY,TYPE_ACTIVITY_OPPORTUNITY,app,Opportunity updated
lara rodrigues carvalho,,PIOVTaRYTQr2GgSgXH29,3 sessões|flamengo|lead|triagem|comanda cortesia aberta,,2026-08-15 12:32,HUMANO,Unidade fla@,TYPE_WHATSAPP,app,"Olá Lara! aqui é a Giulia, operadora do Laser da unidade do Flamengo.

Para continuarmos, preciso concluir seu cadastro no sistema e após seu cadastro, você pode vir na unidade concluir e realizar sua sessão.

Pode me informar sua data de nascimento?"
lara rodrigues carvalho,,PIOVTaRYTQr2GgSgXH29,3 sessões|flamengo|lead|triagem|comanda cortesia aberta,,2026-08-15 12:33,CLIENTE,inbound,TYPE_WHATSAPP,,07/10/1995
lara rodrigues carvalho,,PIOVTaRYTQr2GgSgXH29,3 sessões|flamengo|lead|triagem|comanda cortesia aberta,,2026-08-15 12:34,CLIENTE,inbound,TYPE_WHATSAPP,,Axila!!
lara rodrigues carvalho,,PIOVTaRYTQr2GgSgXH29,3 sessões|flamengo|lead|triagem|comanda cortesia aberta,,2026-08-15 12:34,HUMANO,Unidade fla@,TYPE_WHATSAPP,app,Seria buço ou axila?
lara rodrigues carvalho,,PIOVTaRYTQr2GgSgXH29,3 sessões|flamengo|lead|triagem|comanda cortesia aberta,,2026-08-15 12:34,HUMANO,Unidade fla@,TYPE_WHATSAPP,app,"Já realizei o cadastro, agora só comparecer na loja para finalizar e realizar as sessões.

Sem agendamentos, funcionamos sem hora marcada.
Horário de funcionamento do Laser: de terça à sexta, de 9:00 às 19:00 e sábados de 9:00 às 18:00.
Rua Marquês de Abrantes, 209 - Flamengo"
lara rodrigues carvalho,,PIOVTaRYTQr2GgSgXH29,3 sessões|flamengo|lead|triagem|comanda cortesia aberta,,2026-08-15 12:39,SISTEMA,TYPE_ACTIVITY_OPPORTUNITY,TYPE_ACTIVITY_OPPORTUNITY,app,Opportunity updated
li queiroz zap💛✨🌻🙏🏽,,DHdQwvIx4OrrYPQEJnPM,outros descontos|flamengo|lead|triagem|sem resposta,,2026-07-29 17:53,AUTOMAÇÃO,workflow,TYPE_WHATSAPP,workflow,"Oi! Que bom te ver por aqui 🤩

Parabéns pela decisão de começar seu tratamento!

Aqui na Pello Menos usamos o HAKON 4D, que proporciona um resultado mais rápido e duradouro.

E o melhor: a ponteira é geladinha (-12°C), deixando a aplicação muito mais confortável e segura para todos os tipos de pele.

Me conta, qual o seu nome? 💬"
li queiroz zap💛✨🌻🙏🏽,,DHdQwvIx4OrrYPQEJnPM,outros descontos|flamengo|lead|triagem|sem resposta,,2026-07-29 17:53,CLIENTE,inbound,TYPE_WHATSAPP,,"*Headline:* Conheça a Pello Menos Flamengo
*Source URL:* https://wa.me/wamo/status/preview/558002821239/120249932043010326

Garanta seu desconto nos nossos combos no mês de Julho."
li queiroz zap💛✨🌻🙏🏽,,DHdQwvIx4OrrYPQEJnPM,outros descontos|flamengo|lead|triagem|sem resposta,,2026-07-29 17:53,SISTEMA,TYPE_ACTIVITY_OPPORTUNITY,TYPE_ACTIVITY_OPPORTUNITY,app,Opportunity created
li queiroz zap💛✨🌻🙏🏽,,DHdQwvIx4OrrYPQEJnPM,outros descontos|flamengo|lead|triagem|sem resposta,,2026-07-31 11:47,HUMANO,Unidade fla@,TYPE_WHATSAPP,app,"Olá! aqui é a Giulia!

Sou a operadora do Laser da unidade do Flamengo e vou estar dando continuidade no seu atendimento!
Aproveite as oportunidades dos combos de Julho, válidos até 31/07! Vou te apresentar os combos:
🌸Combo 1: Virilha total + 1/2 perna: 10x de 164,80
🌸Combo 2: Virilha cavada + 1/2 perna: 10x de 152,80
🌸Combo 3: Virilha comum + 1/2 perna: 10x de 134,00
Fechando qualquer combo, ganhe de brinde: axila ou buço!

O que achou dessa oportunidade?"
li queiroz zap💛✨🌻🙏🏽,,DHdQwvIx4OrrYPQEJnPM,outros descontos|flamengo|lead|triagem|sem resposta,,2026-07-31 11:47,SISTEMA,TYPE_ACTIVITY_OPPORTUNITY,TYPE_ACTIVITY_OPPORTUNITY,app,Opportunity updated
li queiroz zap💛✨🌻🙏🏽,,DHdQwvIx4OrrYPQEJnPM,outros descontos|flamengo|lead|triagem|sem resposta,,2026-08-14 14:33,SISTEMA,TYPE_ACTIVITY_OPPORTUNITY,TYPE_ACTIVITY_OPPORTUNITY,app,Opportunity updated
li queiroz zap💛✨🌻🙏🏽,,DHdQwvIx4OrrYPQEJnPM,outros descontos|flamengo|lead|triagem|sem resposta,,2026-08-14 14:33,SISTEMA,TYPE_ACTIVITY_OPPORTUNITY,TYPE_ACTIVITY_OPPORTUNITY,app,Opportunity updated
li queiroz zap💛✨🌻🙏🏽,,DHdQwvIx4OrrYPQEJnPM,outros descontos|flamengo|lead|triagem|sem resposta,,2026-08-22 10:15,HUMANO,Unidade fla@,TYPE_WHATSAPP,app,"Seu atendimento

Dando continuidade ao seu atendimento por aqui. Me chama que te explico rapidinho e já deixo tudo encaminhado. 😊"
liliane oliveira barbosa,,xSikpaFdDurcj9oLohBU,"axila r$94,90|flamengo|lead|triagem|em atendimento|3 sessões",,2026-09-18 15:12,AUTOMAÇÃO,workflow,TYPE_WHATSAPP,workflow,"Oi! Que bom te ver por aqui 🤩

Parabéns pela decisão de começar seu tratamento!

Aqui na Pello Menos usamos o HAKON 4D, que proporciona um resultado mais rápido e duradouro.

E o melhor: a ponteira é geladinha (-12°C), deixando a aplicação muito mais confortável e segura para todos os tipos de pele.

Me conta, qual o seu nome? 💬"
liliane oliveira barbosa,,xSikpaFdDurcj9oLohBU,"axila r$94,90|flamengo|lead|triagem|em atendimento|3 sessões",,2026-09-18 15:12,CLIENTE,inbound,TYPE_WHATSAPP,,"*Headline:* Conheça a Pello Menos Flamengo
*Source URL:* https://www.instagram.com/p/DdUOS7RgF7T/

Olá! Gostaria de aproveitar as 10 sessões de axila por R$94, por favor."
liliane oliveira barbosa,,xSikpaFdDurcj9oLohBU,"axila r$94,90|flamengo|lead|triagem|em atendimento|3 sessões",,2026-09-18 15:12,SISTEMA,TYPE_ACTIVITY_OPPORTUNITY,TYPE_ACTIVITY_OPPORTUNITY,app,Opportunity created
liliane oliveira barbosa,,xSikpaFdDurcj9oLohBU,"axila r$94,90|flamengo|lead|triagem|em atendimento|3 sessões",,2026-09-18 15:13,AUTOMAÇÃO,workflow,TYPE_WHATSAPP,workflow,"Aaah, prazer falar com você, Liliane Oliveira Barbosa 😍

Muito obrigada pelas informações!
Eu sou a assistente virtual da Pello Menos, vou te ajudar por aqui rapidinho e já te encaminho para uma das nossas especialistas, tá?

Só pra você saber, a Pello Menos é pioneira em depilação feminina no Brasil, há mais de 30 anos cuidando de mulheres com excelência ✨

Vi que você clicou no nosso anúncio de 10 sessões da axila por R$94,90 👀
Me conta só uma coisinha pra gente te direcionar melhor…

Além da Axila, existem outras regiões que te incomodam hoje e que você gostaria de se livrar dos pelinhos de vez? 💬"
liliane oliveira barbosa,,xSikpaFdDurcj9oLohBU,"axila r$94,90|flamengo|lead|triagem|em atendimento|3 sessões",,2026-09-18 15:13,AUTOMAÇÃO,workflow,TYPE_WHATSAPP,workflow,"Perfeito! 😊
Já estou encaminhando suas informações para nossa consultora. 💜"
liliane oliveira barbosa,,xSikpaFdDurcj9oLohBU,"axila r$94,90|flamengo|lead|triagem|em atendimento|3 sessões",,2026-09-18 15:13,CLIENTE,inbound,TYPE_WHATSAPP,,Liliane oliveira Barbosa
liliane oliveira barbosa,,xSikpaFdDurcj9oLohBU,"axila r$94,90|flamengo|lead|triagem|em atendimento|3 sessões",,2026-09-18 15:13,CLIENTE,inbound,TYPE_WHATSAPP,,Buço é quanto?
liliane oliveira barbosa,,xSikpaFdDurcj9oLohBU,"axila r$94,90|flamengo|lead|triagem|em atendimento|3 sessões",,2026-09-18 15:13,CLIENTE,inbound,TYPE_WHATSAPP,,Inhauma
liliane oliveira barbosa,,xSikpaFdDurcj9oLohBU,"axila r$94,90|flamengo|lead|triagem|em atendimento|3 sessões",,2026-09-18 15:13,HUMANO,Unidade fla@,TYPE_WHATSAPP,app,"Olá Liliane! aqui é a Giulia, operadora do Laser da unidade do Flamengo."
liliane oliveira barbosa,,xSikpaFdDurcj9oLohBU,"axila r$94,90|flamengo|lead|triagem|em atendimento|3 sessões",,2026-09-18 15:13,SISTEMA,TYPE_ACTIVITY_OPPORTUNITY,TYPE_ACTIVITY_OPPORTUNITY,app,Opportunity updated
liliane oliveira barbosa,,xSikpaFdDurcj9oLohBU,"axila r$94,90|flamengo|lead|triagem|em atendimento|3 sessões",,2026-09-18 15:14,HUMANO,Unidade fla@,TYPE_WHATSAPP,app,Este contato é referente ao laser da unidade do Flamengo.
liliane oliveira barbosa,,xSikpaFdDurcj9oLohBU,"axila r$94,90|flamengo|lead|triagem|em atendimento|3 sessões",,2026-09-24 10:00,AUTOMAÇÃO,workflow,TYPE_WHATSAPP,workflow,"🎉 Parabéns! Você ganhou *3 sessões grátis* de depilação a laser com a *Pello Menos.*

Com o *Laser Hakon 4D* que acelera seus resultados e tem a ponteira resfriada garantindo o conforto em cada sessão.

Para liberar seu presente, digita aqui pra mim: *qual o seu nome completo?*"
liliane oliveira barbosa,,xSikpaFdDurcj9oLohBU,"axila r$94,90|flamengo|lead|triagem|em atendimento|3 sessões",,2026-09-24 10:00,CLIENTE,inbound,TYPE_WHATSAPP,,"*Headline:* Conheça a Pello Menos Botafogo
*Source URL:* https://www.instagram.com/p/DbBpcLuMq29/

Olá! Gostaria de resgatar o voucher das 3 sessões de axilas ou buço, por favor."
liliane oliveira barbosa,,xSikpaFdDurcj9oLohBU,"axila r$94,90|flamengo|lead|triagem|em atendimento|3 sessões",,2026-09-24 10:01,AUTOMAÇÃO,workflow,TYPE_WHATSAPP,workflow,"Aaah, prazer falar com você, Liliane Oliveira Barbosa 😍

Eu sou a assistente virtual da Pello Menos, vou te ajudar por aqui rapidinho e já te encaminho para uma de nossas especialistas.

A Pello Menos é pioneira em depilação segura há mais de 28 anos, com o Laser Hakon 4D, que atua em quatro dimensões do pelo e garante mais conforto com ponteira a -12 °C.

Para eu fazer seu cadastro e lançar seu presente no nosso sistema, digita aqui seu CPF, por favor ⬇️"
liliane oliveira barbosa,,xSikpaFdDurcj9oLohBU,"axila r$94,90|flamengo|lead|triagem|em atendimento|3 sessões",,2026-09-24 10:01,AUTOMAÇÃO,workflow,TYPE_WHATSAPP,workflow,"Já anotei tudo aqui 💜
Agora só preciso que você me responda rapidinho sobre as contraindicações, para garantir sua segurança no tratamento, tudo bem?

1️⃣ Tem tatuagem ou cicatriz na área a ser tratada?
2️⃣ Possui pelos brancos, loiros ou ruivos na região?
3️⃣ Tem alguma doença diagnosticada? Se sim, qual?
4️⃣ Já teve algum tipo de câncer ?
5️⃣ Está usando algum medicamento atualmente?
6️⃣ Faz bronzeamento artificial com frequência?
7️⃣ Está grávida ou amamentando ?
8️⃣ Tem melasma ou outras condições na pele, como manchas ou sensibilidade?

👉 Se nenhuma das opções se aplicar a você, pode responder: ""Não para todas"". Assim, consigo Garantir o seu Presente com total segurança e tranquilidade! 😉

Só lembrando que esta é uma pre-anamnese, e quando for a loja para iniciar o seu tratamento precisará preencher a anamnese oficial com a profissional do laser ok?!"
liliane oliveira barbosa,,xSikpaFdDurcj9oLohBU,"axila r$94,90|flamengo|lead|triagem|em atendimento|3 sessões",,2026-09-24 10:01,CLIENTE,inbound,TYPE_WHATSAPP,,Liliane Oliveira Barbosa
liliane oliveira barbosa,,xSikpaFdDurcj9oLohBU,"axila r$94,90|flamengo|lead|triagem|em atendimento|3 sessões",,2026-09-24 10:01,CLIENTE,inbound,TYPE_WHATSAPP,,Qual endereço
liliane oliveira barbosa,,xSikpaFdDurcj9oLohBU,"axila r$94,90|flamengo|lead|triagem|em atendimento|3 sessões",,2026-09-24 10:02,AUTOMAÇÃO,workflow,TYPE_WHATSAPP,workflow,"Perfeito! 😊
Já estou encaminhando suas informações para uma de nossas consultoras.

Enquanto isso, me conta: além da área que você ganhou de presente, tem alguma outra área que você gostaria de conhecer melhor, sem compromisso? 💜"
liliane oliveira barbosa,,xSikpaFdDurcj9oLohBU,"axila r$94,90|flamengo|lead|triagem|em atendimento|3 sessões",,2026-09-24 10:02,CLIENTE,inbound,TYPE_WHATSAPP,,10556849728
liliane oliveira barbosa,,xSikpaFdDurcj9oLohBU,"axila r$94,90|flamengo|lead|triagem|em atendimento|3 sessões",,2026-09-24 10:02,CLIENTE,inbound,TYPE_WHATSAPP,,Não
liliane oliveira barbosa,,xSikpaFdDurcj9oLohBU,"axila r$94,90|flamengo|lead|triagem|em atendimento|3 sessões",,2026-09-24 10:02,CLIENTE,inbound,TYPE_WHATSAPP,,Não
liliane oliveira barbosa,,xSikpaFdDurcj9oLohBU,"axila r$94,90|flamengo|lead|triagem|em atendimento|3 sessões",,2026-09-24 10:02,CLIENTE,inbound,TYPE_WHATSAPP,,Buço
liliane oliveira barbosa,,xSikpaFdDurcj9oLohBU,"axila r$94,90|flamengo|lead|triagem|em atendimento|3 sessões",,2026-09-24 10:03,CLIENTE,inbound,TYPE_WHATSAPP,,1 não
liliane oliveira barbosa,,xSikpaFdDurcj9oLohBU,"axila r$94,90|flamengo|lead|triagem|em atendimento|3 sessões",,2026-09-24 10:03,CLIENTE,inbound,TYPE_WHATSAPP,,2
liliane oliveira barbosa,,xSikpaFdDurcj9oLohBU,"axila r$94,90|flamengo|lead|triagem|em atendimento|3 sessões",,2026-09-24 10:03,CLIENTE,inbound,TYPE_WHATSAPP,,2nao
liliane oliveira barbosa,,xSikpaFdDurcj9oLohBU,"axila r$94,90|flamengo|lead|triagem|em atendimento|3 sessões",,2026-09-24 10:03,CLIENTE,inbound,TYPE_WHATSAPP,,3 não
liliane oliveira barbosa,,xSikpaFdDurcj9oLohBU,"axila r$94,90|flamengo|lead|triagem|em atendimento|3 sessões",,2026-09-24 10:03,CLIENTE,inbound,TYPE_WHATSAPP,,4 não
liliane oliveira barbosa,,xSikpaFdDurcj9oLohBU,"axila r$94,90|flamengo|lead|triagem|em atendimento|3 sessões",,2026-09-24 10:04,CLIENTE,inbound,TYPE_WHATSAPP,,5 anticoncepcional
liliane oliveira barbosa,,xSikpaFdDurcj9oLohBU,"axila r$94,90|flamengo|lead|triagem|em atendimento|3 sessões",,2026-09-24 10:04,CLIENTE,inbound,TYPE_WHATSAPP,,6 não
liliane oliveira barbosa,,xSikpaFdDurcj9oLohBU,"axila r$94,90|flamengo|lead|triagem|em atendimento|3 sessões",,2026-09-24 10:04,CLIENTE,inbound,TYPE_WHATSAPP,,7 não
liliane oliveira barbosa,,xSikpaFdDurcj9oLohBU,"axila r$94,90|flamengo|lead|triagem|em atendimento|3 sessões",,2026-09-24 10:04,CLIENTE,inbound,TYPE_WHATSAPP,,8 não
liliane oliveira barbosa,,xSikpaFdDurcj9oLohBU,"axila r$94,90|flamengo|lead|triagem|em atendimento|3 sessões",,2026-09-24 10:05,CLIENTE,inbound,TYPE_WHATSAPP,,Virilha preço
liliane oliveira barbosa,,xSikpaFdDurcj9oLohBU,"axila r$94,90|flamengo|lead|triagem|em atendimento|3 sessões",,2026-09-24 10:30,HUMANO,Unidade fla@,TYPE_WHATSAPP,app,"Olá Liliane! aqui é a Giulia, operadora do Laser da unidade do Flamengo."
liliane oliveira barbosa,,xSikpaFdDurcj9oLohBU,"axila r$94,90|flamengo|lead|triagem|em atendimento|3 sessões",,2026-09-24 10:30,HUMANO,Unidade fla@,TYPE_WHATSAPP,app,Estamos com ótimas oportunidades para a região da virilha neste mês de Setembro:
liliane oliveira barbosa,,xSikpaFdDurcj9oLohBU,"axila r$94,90|flamengo|lead|triagem|em atendimento|3 sessões",,2026-09-24 10:30,HUMANO,Unidade fla@,TYPE_WHATSAPP,app,"🌸 Compre Virilha total e ganhe Interglúteos + Cóccox + Psd P (faixa abaixo do umbigo) + Axilas - 10x 94,50"
liliane oliveira barbosa,,xSikpaFdDurcj9oLohBU,"axila r$94,90|flamengo|lead|triagem|em atendimento|3 sessões",,2026-09-24 10:31,CLIENTE,inbound,TYPE_WHATSAPP,,Forma de pagamento?
liliane oliveira barbosa,,xSikpaFdDurcj9oLohBU,"axila r$94,90|flamengo|lead|triagem|em atendimento|3 sessões",,2026-09-24 10:31,HUMANO,Unidade fla@,TYPE_WHATSAPP,app,O que achou dessa oportunidade?
liliane oliveira barbosa,,xSikpaFdDurcj9oLohBU,"axila r$94,90|flamengo|lead|triagem|em atendimento|3 sessões",,2026-09-24 10:31,HUMANO,Unidade fla@,TYPE_WHATSAPP,app,Pix ou Cartão em até 10x sem juros
liliane oliveira barbosa,,xSikpaFdDurcj9oLohBU,"axila r$94,90|flamengo|lead|triagem|em atendimento|3 sessões",,2026-09-24 12:48,HUMANO,Unidade fla@,TYPE_WHATSAPP,app,"Ou você pode pagar no recorrente, com uma entrada via link de pagamento, e as demais quando vier na loja, cadastrar o cartão."
liliane oliveira barbosa,,xSikpaFdDurcj9oLohBU,"axila r$94,90|flamengo|lead|triagem|em atendimento|3 sessões",,2026-09-24 12:49,HUMANO,Unidade fla@,TYPE_WHATSAPP,app,O que acha dessa condição?
liliane oliveira barbosa,,xSikpaFdDurcj9oLohBU,"axila r$94,90|flamengo|lead|triagem|em atendimento|3 sessões",,2026-09-24 12:53,CLIENTE,inbound,TYPE_WHATSAPP,,Débito
liliane oliveira barbosa,,xSikpaFdDurcj9oLohBU,"axila r$94,90|flamengo|lead|triagem|em atendimento|3 sessões",,2026-09-24 13:12,HUMANO,Unidade fla@,TYPE_WHATSAPP,app,ok. Posso enviar o link
liliane oliveira barbosa,,xSikpaFdDurcj9oLohBU,"axila r$94,90|flamengo|lead|triagem|em atendimento|3 sessões",,2026-09-24 13:15,HUMANO,Unidade fla@,TYPE_WHATSAPP,app,"o endereço daqui é:

Rua marques de Abrantes, 209 - Flamengo"
liliane oliveira barbosa,,xSikpaFdDurcj9oLohBU,"axila r$94,90|flamengo|lead|triagem|em atendimento|3 sessões",,2026-09-24 13:22,HUMANO,Unidade fla@,TYPE_WHATSAPP,app,"Você gostaria da Virilha e buço, certo?"
liliane oliveira barbosa,,xSikpaFdDurcj9oLohBU,"axila r$94,90|flamengo|lead|triagem|em atendimento|3 sessões",,2026-09-24 13:44,CLIENTE,inbound,TYPE_WHATSAPP,,Sim
liliane oliveira barbosa,,xSikpaFdDurcj9oLohBU,"axila r$94,90|flamengo|lead|triagem|em atendimento|3 sessões",,2026-09-24 13:44,CLIENTE,inbound,TYPE_WHATSAPP,,O buço é de graça?
liliane oliveira barbosa,,xSikpaFdDurcj9oLohBU,"axila r$94,90|flamengo|lead|triagem|em atendimento|3 sessões",,2026-09-24 13:52,HUMANO,Unidade fla@,TYPE_WHATSAPP,app,"nossa campanha para o mes de setembro é:

🌸 Compre Virilha total e ganhe Interglúteos + Cóccox + Psd P (faixa abaixo do umbigo) + Axilas - 10x 94,50

o buço hoje esta em promoção - R$94,90"
liliane oliveira barbosa,,xSikpaFdDurcj9oLohBU,"axila r$94,90|flamengo|lead|triagem|em atendimento|3 sessões",,2026-09-24 13:55,HUMANO,Unidade fla@,TYPE_WHATSAPP,app,"É a primeira vez com a gente na pellomenos?
Não consegui visualizar seu cadastro em nossa base."
liliane oliveira barbosa,,xSikpaFdDurcj9oLohBU,"axila r$94,90|flamengo|lead|triagem|em atendimento|3 sessões",,2026-09-24 17:38,HUMANO,Unidade fla@,TYPE_WHATSAPP,app,"Liliane, gostaria de fechar o pacote de Virilha + Buço?"
luan gomes da silva,,tOMeF7jI6JygVGxYD3L4,3 sessões|flamengo|lead|triagem,,2026-09-04 12:17,AUTOMAÇÃO,workflow,TYPE_WHATSAPP,workflow,"🎉 Parabéns! Você ganhou *3 sessões grátis* de depilação a laser com a *Pello Menos.*

Com o *Laser Hacok 4D* que acelera seus resultados e tem a ponteira resfriada garantindo o conforto em cada sessão.

Para liberar seu presente, digita aqui pra mim: *qual o seu nome completo?*"
luan gomes da silva,,tOMeF7jI6JygVGxYD3L4,3 sessões|flamengo|lead|triagem,,2026-09-04 12:17,CLIENTE,inbound,TYPE_WHATSAPP,,"*Headline:* Conheça a Pello Menos Flamengo
*Source URL:* https://www.instagram.com/p/Dbs61vLgmWY/

Olá! Gostaria de resgatar o voucher das 3 sessões de axilas ou buço, por favor."
luan gomes da silva,,tOMeF7jI6JygVGxYD3L4,3 sessões|flamengo|lead|triagem,,2026-09-04 12:17,SISTEMA,TYPE_ACTIVITY_OPPORTUNITY,TYPE_ACTIVITY_OPPORTUNITY,app,Opportunity created
luan gomes da silva,,tOMeF7jI6JygVGxYD3L4,3 sessões|flamengo|lead|triagem,,2026-09-04 12:18,AUTOMAÇÃO,workflow,TYPE_WHATSAPP,workflow,"Aaah, prazer falar com você, Luan Gomes Da Silva 😍

Eu sou a assistente virtual da Pello Menos, vou te ajudar por aqui rapidinho e já te encaminho para uma de nossas especialistas.

A Pello Menos é pioneira em depilação segura há mais de 28 anos, com o Laser Hakon 4D, que atua em quatro dimensões do pelo e garante mais conforto com ponteira a -12 °C.

Para eu fazer seu cadastro e lançar seu presente no nosso sistema, digita aqui seu CPF, por favor ⬇️"
luan gomes da silva,,tOMeF7jI6JygVGxYD3L4,3 sessões|flamengo|lead|triagem,,2026-09-04 12:18,CLIENTE,inbound,TYPE_WHATSAPP,,Luan Gomes da Silva
luan gomes da silva,,tOMeF7jI6JygVGxYD3L4,3 sessões|flamengo|lead|triagem,,2026-09-04 14:11,HUMANO,Unidade fla@,TYPE_WHATSAPP,app,"Olá Luan! aqui é a Giulia, operadora do Laser da unidade do Flamengo."
luan gomes da silva,,tOMeF7jI6JygVGxYD3L4,3 sessões|flamengo|lead|triagem,,2026-09-04 14:12,HUMANO,Unidade fla@,TYPE_WHATSAPP,app,"Para continuarmos, preciso concluir seu cadastro no sistema e após seu cadastro, você pode vir na unidade realizar sua sessão presente.

Pode me informar sua data de nascimento e cpf?"
luan gomes da silva,,tOMeF7jI6JygVGxYD3L4,3 sessões|flamengo|lead|triagem,,2026-09-04 14:16,CLIENTE,inbound,TYPE_WHATSAPP,,Te perguntar Giulia
luan gomes da silva,,tOMeF7jI6JygVGxYD3L4,3 sessões|flamengo|lead|triagem,,2026-09-04 14:16,CLIENTE,inbound,TYPE_WHATSAPP,,Eu só posso fazer aí na unidade do Flamengo ?
luan gomes da silva,,tOMeF7jI6JygVGxYD3L4,3 sessões|flamengo|lead|triagem,,2026-09-04 14:16,CLIENTE,inbound,TYPE_WHATSAPP,,É pq e um pouco longe
luan gomes da silva,,tOMeF7jI6JygVGxYD3L4,3 sessões|flamengo|lead|triagem,,2026-09-04 14:34,HUMANO,Unidade fla@,TYPE_WHATSAPP,app,"Sim, o voucher é exclusivo para a unidade do Flamengo"
luciana carla dos santos,,2no1S4jUHM5FjYiQ1lIN,3 sessões|flamengo|lead|triagem|sem resposta,,2026-07-13 15:58,AUTOMAÇÃO,workflow,TYPE_WHATSAPP,workflow,"🎉 Parabéns! Você ganhou *3 sessões grátis* de depilação a laser com a *Pello Menos.*

Com o *Laser Hacok 4D* que acelera seus resultados e tem a ponteira resfriada garantindo o conforto em cada sessão.

Para liberar seu presente, digita aqui pra mim: *qual o seu nome completo?*"
luciana carla dos santos,,2no1S4jUHM5FjYiQ1lIN,3 sessões|flamengo|lead|triagem|sem resposta,,2026-07-13 15:58,CLIENTE,inbound,TYPE_WHATSAPP,,"Link:


Olá! Gostaria de resgatar o voucher das 3 sessões de axilas ou buço, por favor."
luciana carla dos santos,,2no1S4jUHM5FjYiQ1lIN,3 sessões|flamengo|lead|triagem|sem resposta,,2026-07-13 16:00,AUTOMAÇÃO,workflow,TYPE_WHATSAPP,workflow,"Aaah, prazer falar com você, Luciana Carla Dos Santos 😍

Eu sou a assistente virtual da Pello Menos, vou te ajudar por aqui rapidinho e já te encaminho para uma de nossas especialistas.

A Pello Menos é pioneira em depilação segura há mais de 28 anos, com o Laser Hakon 4D, que atua em quatro dimensões do pelo e garante mais conforto com ponteira a -12 °C.

Para eu fazer seu cadastro e lançar seu presente no nosso sistema, digita aqui seu CPF, por favor ⬇️"
luciana carla dos santos,,2no1S4jUHM5FjYiQ1lIN,3 sessões|flamengo|lead|triagem|sem resposta,,2026-07-13 16:00,CLIENTE,inbound,TYPE_WHATSAPP,,Luciana Carla dos Santos
luciana carla dos santos,,2no1S4jUHM5FjYiQ1lIN,3 sessões|flamengo|lead|triagem|sem resposta,,2026-08-04 15:18,AUTOMAÇÃO,workflow,TYPE_WHATSAPP,workflow,"Já anotei tudo aqui 💜
Agora só preciso que você me responda rapidinho sobre as contraindicações, para garantir sua segurança no tratamento, tudo bem?

1️⃣ Tem tatuagem ou cicatriz na área a ser tratada?
2️⃣ Possui pelos brancos, loiros ou ruivos na região?
3️⃣ Tem alguma doença diagnosticada? Se sim, qual?
4️⃣ Já teve algum tipo de câncer ?
5️⃣ Está usando algum medicamento atualmente?
6️⃣ Faz bronzeamento artificial com frequência?
7️⃣ Está grávida ou amamentando ?
8️⃣ Tem melasma ou outras condições na pele, como manchas ou sensibilidade?

👉 Se nenhuma das opções se aplicar a você, pode responder: ""Não para todas"". Assim, consigo Garantir o seu Presente com total segurança e tranquilidade! 😉

Só lembrando que esta é uma pre-anamnese, e quando for a loja para iniciar o seu tratamento precisará preencher a anamnese oficial com a profissional do laser ok?!"
luciana carla dos santos,,2no1S4jUHM5FjYiQ1lIN,3 sessões|flamengo|lead|triagem|sem resposta,,2026-08-04 15:18,CLIENTE,inbound,TYPE_WHATSAPP,,"*Headline:* Conheça a Pello Menos Flamengo
*Source URL:* https://www.instagram.com/p/DadlkxcAV-4/

Olá! Gostaria de resgatar o voucher das 3 sessões de axilas ou buço, por favor."
luciana carla dos santos,,2no1S4jUHM5FjYiQ1lIN,3 sessões|flamengo|lead|triagem|sem resposta,,2026-08-04 15:19,AUTOMAÇÃO,workflow,TYPE_WHATSAPP,workflow,"Perfeito! 😊
Já estou encaminhando suas informações para uma de nossas consultoras.

Enquanto isso, me conta: além da área que você ganhou de presente, tem alguma outra área que você gostaria de conhecer melhor, sem compromisso? 💜"
luciana carla dos santos,,2no1S4jUHM5FjYiQ1lIN,3 sessões|flamengo|lead|triagem|sem resposta,,2026-08-04 15:19,CLIENTE,inbound,TYPE_WHATSAPP,,Estou na dúvida sobre o buço
luciana carla dos santos,,2no1S4jUHM5FjYiQ1lIN,3 sessões|flamengo|lead|triagem|sem resposta,,2026-08-04 15:19,SISTEMA,TYPE_ACTIVITY_OPPORTUNITY,TYPE_ACTIVITY_OPPORTUNITY,app,Opportunity created
luciana carla dos santos,,2no1S4jUHM5FjYiQ1lIN,3 sessões|flamengo|lead|triagem|sem resposta,,2026-08-04 15:19,SISTEMA,TYPE_ACTIVITY_OPPORTUNITY,TYPE_ACTIVITY_OPPORTUNITY,app,Opportunity updated
luciana carla dos santos,,2no1S4jUHM5FjYiQ1lIN,3 sessões|flamengo|lead|triagem|sem resposta,,2026-08-04 15:21,CLIENTE,inbound,TYPE_WHATSAPP,,Eu fazia axila mas não sei se ainda tem pelo
luciana carla dos santos,,2no1S4jUHM5FjYiQ1lIN,3 sessões|flamengo|lead|triagem|sem resposta,,2026-08-04 15:24,HUMANO,Unidade fla@,TYPE_WHATSAPP,app,"Olá Luciana! aqui é a Giulia, operadora do Laser da unidade do Flamengo."
luciana carla dos santos,,2no1S4jUHM5FjYiQ1lIN,3 sessões|flamengo|lead|triagem|sem resposta,,2026-08-04 15:24,HUMANO,Unidade fla@,TYPE_WHATSAPP,app,"Você pode comparecer na loja para realizar uma avaliação, e escolher entre a axila ou buço"
luciana carla dos santos,,2no1S4jUHM5FjYiQ1lIN,3 sessões|flamengo|lead|triagem|sem resposta,,2026-08-14 15:07,SISTEMA,TYPE_ACTIVITY_OPPORTUNITY,TYPE_ACTIVITY_OPPORTUNITY,app,Opportunity updated
luciana carla dos santos,,2no1S4jUHM5FjYiQ1lIN,3 sessões|flamengo|lead|triagem|sem resposta,,2026-08-21 12:41,HUMANO,Unidade fla@,TYPE_WHATSAPP,app,Consegui um desconto ainda melhor para você hoje. Me chama que te explico e já deixo reservado. 😊
lucilene,,ot2eW6hfAkBvGpIgD7Ym,3 sessões|flamengo|triagem|sem resposta,,2026-05-30 15:52,AUTOMAÇÃO,workflow,TYPE_WHATSAPP,workflow,"🎉 Parabéns! Você ganhou *3 sessões grátis* de depilação a laser com a *Pello Menos.*

Com o *Laser Hacok 4D* que acelera seus resultados e tem a ponteira resfriada garantindo o conforto em cada sessão.

Para liberar seu presente, digita aqui pra mim: *qual o seu nome completo?*"
lucilene,,ot2eW6hfAkBvGpIgD7Ym,3 sessões|flamengo|triagem|sem resposta,,2026-05-30 15:52,CLIENTE,inbound,TYPE_WHATSAPP,,"*Headline:* Conheça a Pello Menos Flamengo
*Source URL:* https://www.instagram.com/p/DYz_e8zAE_q/

Olá! Gostaria de resgatar o voucher das 3 sessões de axilas ou buço, por favor."
lucilene,,ot2eW6hfAkBvGpIgD7Ym,3 sessões|flamengo|triagem|sem resposta,,2026-05-30 15:52,SISTEMA,TYPE_ACTIVITY_OPPORTUNITY,TYPE_ACTIVITY_OPPORTUNITY,app,Opportunity created
lucilene,,ot2eW6hfAkBvGpIgD7Ym,3 sessões|flamengo|triagem|sem resposta,,2026-07-14 11:19,SISTEMA,TYPE_ACTIVITY_OPPORTUNITY,TYPE_ACTIVITY_OPPORTUNITY,app,Opportunity updated
lucilene,,ot2eW6hfAkBvGpIgD7Ym,3 sessões|flamengo|triagem|sem resposta,,2026-08-22 10:53,HUMANO,Unidade fla@,TYPE_WHATSAPP,app,Oi! 🙂 Falta pouco para finalizarmos seu cadastro e dar continuidade ao seu atendimento. Me chama que já deixo tudo pronto para você.
luiza avellar,,I2jmpZnbHoG9QzcGmjUm,3 sessões|flamengo|lead|triagem|sem resposta,,2026-08-06 15:42,AUTOMAÇÃO,workflow,TYPE_WHATSAPP,workflow,"🎉 Parabéns! Você ganhou *3 sessões grátis* de depilação a laser com a *Pello Menos.*

Com o *Laser Hacok 4D* que acelera seus resultados e tem a ponteira resfriada garantindo o conforto em cada sessão.

Para liberar seu presente, digita aqui pra mim: *qual o seu nome completo?*"
luiza avellar,,I2jmpZnbHoG9QzcGmjUm,3 sessões|flamengo|lead|triagem|sem resposta,,2026-08-06 15:42,CLIENTE,inbound,TYPE_WHATSAPP,,"*Headline:* Conheça a Pello Menos Flamengo
*Source URL:* https://www.instagram.com/p/Dbs61qhgMjk/

Olá! Gostaria de resgatar o voucher das 3 sessões de axilas ou buço, por favor."
luiza avellar,,I2jmpZnbHoG9QzcGmjUm,3 sessões|flamengo|lead|triagem|sem resposta,,2026-08-06 15:42,SISTEMA,TYPE_ACTIVITY_OPPORTUNITY,TYPE_ACTIVITY_OPPORTUNITY,app,Opportunity created
luiza avellar,,I2jmpZnbHoG9QzcGmjUm,3 sessões|flamengo|lead|triagem|sem resposta,,2026-08-06 18:19,HUMANO,Unidade fla@,TYPE_WHATSAPP,app,"Olá, seja bem vinda. Para retirar seu voucher, preciso que responda as perguntas. Não se preocupe, é um pré cadastro para organizarmos sua retirada no sistema la na sua unidade - FLAMENGO"
luiza avellar,,I2jmpZnbHoG9QzcGmjUm,3 sessões|flamengo|lead|triagem|sem resposta,,2026-08-07 00:50,CLIENTE,inbound,TYPE_WHATSAPP,,Luiza Avellar de Brito
luiza avellar,,I2jmpZnbHoG9QzcGmjUm,3 sessões|flamengo|lead|triagem|sem resposta,,2026-08-07 12:59,HUMANO,Unidade fla@,TYPE_WHATSAPP,app,"Olá Luiza! aqui é a Giulia, operadora do Laser da unidade do Flamengo.

Para continuarmos, preciso concluir seu cadastro no sistema e após seu cadastro, você pode vir na unidade realizar sua sessão presente.

Pode me informar sua data de nascimento e cpf?"
luiza avellar,,I2jmpZnbHoG9QzcGmjUm,3 sessões|flamengo|lead|triagem|sem resposta,,2026-08-14 15:04,SISTEMA,TYPE_ACTIVITY_OPPORTUNITY,TYPE_ACTIVITY_OPPORTUNITY,app,Opportunity updated
luiza avellar,,I2jmpZnbHoG9QzcGmjUm,3 sessões|flamengo|lead|triagem|sem resposta,,2026-08-21 12:38,HUMANO,Unidade fla@,TYPE_WHATSAPP,app,Oi! 🙂 Falta pouco para finalizarmos seu cadastro e dar continuidade ao seu atendimento. Me chama que já deixo tudo pronto para você.
luiza rocha pereira,,VOkyDDOgPh1VdJ5jwMWq,3 sessões|flamengo|lead|triagem|sem resposta,,2026-08-01 14:47,AUTOMAÇÃO,workflow,TYPE_WHATSAPP,workflow,"🎉 Parabéns! Você ganhou *3 sessões grátis* de depilação a laser com a *Pello Menos.*

Com o *Laser Hacok 4D* que acelera seus resultados e tem a ponteira resfriada garantindo o conforto em cada sessão.

Para liberar seu presente, digita aqui pra mim: *qual o seu nome completo?*"
luiza rocha pereira,,VOkyDDOgPh1VdJ5jwMWq,3 sessões|flamengo|lead|triagem|sem resposta,,2026-08-01 14:47,CLIENTE,inbound,TYPE_WHATSAPP,,"*Headline:* Conheça a Pello Menos Flamengo
*Source URL:* https://www.instagram.com/p/Dadlk7tA4hY/

Olá! Gostaria de resgatar o voucher das 3 sessões de axilas ou buço, por favor."
luiza rocha pereira,,VOkyDDOgPh1VdJ5jwMWq,3 sessões|flamengo|lead|triagem|sem resposta,,2026-08-01 14:47,SISTEMA,TYPE_ACTIVITY_OPPORTUNITY,TYPE_ACTIVITY_OPPORTUNITY,app,Opportunity created
luiza rocha pereira,,VOkyDDOgPh1VdJ5jwMWq,3 sessões|flamengo|lead|triagem|sem resposta,,2026-08-01 14:48,AUTOMAÇÃO,workflow,TYPE_WHATSAPP,workflow,"Aaah, prazer falar com você, Luiza Rocha Pereira 😍

Eu sou a assistente virtual da Pello Menos, vou te ajudar por aqui rapidinho e já te encaminho para uma de nossas especialistas.

A Pello Menos é pioneira em depilação segura há mais de 28 anos, com o Laser Hakon 4D, que atua em quatro dimensões do pelo e garante mais conforto com ponteira a -12 °C.

Para eu fazer seu cadastro e lançar seu presente no nosso sistema, digita aqui seu CPF, por favor ⬇️"
luiza rocha pereira,,VOkyDDOgPh1VdJ5jwMWq,3 sessões|flamengo|lead|triagem|sem resposta,,2026-08-01 14:48,CLIENTE,inbound,TYPE_WHATSAPP,,Luiza Rocha Pereira
luiza rocha pereira,,VOkyDDOgPh1VdJ5jwMWq,3 sessões|flamengo|lead|triagem|sem resposta,,2026-08-01 15:46,HUMANO,Unidade fla@,TYPE_WHATSAPP,app,"ola Luiza, precisamos do seu cpf e data de nascimento para presseguir"
luiza rocha pereira,,VOkyDDOgPh1VdJ5jwMWq,3 sessões|flamengo|lead|triagem|sem resposta,,2026-08-01 15:46,HUMANO,Unidade fla@,TYPE_WHATSAPP,app,prosseguir*
luiza rocha pereira,,VOkyDDOgPh1VdJ5jwMWq,3 sessões|flamengo|lead|triagem|sem resposta,,2026-08-14 15:12,SISTEMA,TYPE_ACTIVITY_OPPORTUNITY,TYPE_ACTIVITY_OPPORTUNITY,app,Opportunity updated
luiza rocha pereira,,VOkyDDOgPh1VdJ5jwMWq,3 sessões|flamengo|lead|triagem|sem resposta,,2026-08-22 10:13,HUMANO,Unidade fla@,TYPE_WHATSAPP,app,Sua condição ainda está disponível no momento. Me chama para garantir. 😊
luzia,,Gf3mSKqi1BYnrj9OycNZ,outros descontos|flamengo|lead|triagem,,2026-09-16 12:52,AUTOMAÇÃO,workflow,TYPE_WHATSAPP,workflow,"Oi! Que bom te ver por aqui 🤩

Parabéns pela decisão de começar seu tratamento!

Aqui na Pello Menos usamos o HAKON 4D, que proporciona um resultado mais rápido e duradouro.

E o melhor: a ponteira é geladinha (-12°C), deixando a aplicação muito mais confortável e segura para todos os tipos de pele.

Me conta, qual o seu nome? 💬"
luzia,,Gf3mSKqi1BYnrj9OycNZ,outros descontos|flamengo|lead|triagem,,2026-09-16 12:52,CLIENTE,inbound,TYPE_WHATSAPP,,"*Headline:* Conheça a Pello Menos Flamengo
*Source URL:* https://fb.me/8Foc7QNuo

Garanta seu desconto nos nossos combos no mês de Setembro."
luzia,,Gf3mSKqi1BYnrj9OycNZ,outros descontos|flamengo|lead|triagem,,2026-09-16 12:52,SISTEMA,TYPE_ACTIVITY_OPPORTUNITY,TYPE_ACTIVITY_OPPORTUNITY,app,Opportunity created
luzia,,Gf3mSKqi1BYnrj9OycNZ,outros descontos|flamengo|lead|triagem,,2026-09-16 13:06,AUTOMAÇÃO,workflow,TYPE_WHATSAPP,workflow,"Aaah, prazer falar com você, Luzia 😍

Muito obrigada pelas informações!
Eu sou a assistente virtual da Pello Menos, vou te ajudar por aqui rapidinho e já te encaminho para uma das nossas especialistas, tá?

Só pra você saber, a Pello Menos é pioneira em depilação feminina no Brasil, há mais de 30 anos cuidando de mulheres com excelência ✨

Vi que você clicou no nosso anúncio 👀
Me conta só uma coisinha pra gente te direcionar melhor…

Quais regiões mais te incomodam hoje e que você gostaria de se livrar dos pelinhos de vez? 💬"
luzia,,Gf3mSKqi1BYnrj9OycNZ,outros descontos|flamengo|lead|triagem,,2026-09-16 13:06,CLIENTE,inbound,TYPE_WHATSAPP,,"[sem texto]
[anexos: 1]"
luzia,,Gf3mSKqi1BYnrj9OycNZ,outros descontos|flamengo|lead|triagem,,2026-09-16 13:46,HUMANO,Unidade fla@,TYPE_WHATSAPP,app,"Olá, não entendi o audio.
Poderia enviar mensagem escrita, por gwntileza."
luzilene da costa azevedo,,BtwG0NDLR9v6Gxl9zj4I,"axila r$94,90|ilha do governador 2|triagem|3 sessões|reativado|flamengo|lead|comanda cortesia aberta",,2026-06-11 16:30,CLIENTE,inbound,TYPE_WHATSAPP,,"*Headline:* Conheça a Pello Menos Ilha do Governador 2
*Source URL:* https://fb.me/5Q1k3sakE

Olá! Gostaria de aproveitar as 10 sessões de axila por R$94, por favor."
luzilene da costa azevedo,,BtwG0NDLR9v6Gxl9zj4I,"axila r$94,90|ilha do governador 2|triagem|3 sessões|reativado|flamengo|lead|comanda cortesia aberta",,2026-06-11 16:31,AUTOMAÇÃO,workflow,TYPE_WHATSAPP,workflow,"Oi! Que bom te ver por aqui 🤩

Parabéns pela decisão de começar seu tratamento!

Aqui na Pello Menos usamos o HAKON 4D, que proporciona um resultado mais rápido e duradouro.

E o melhor: a ponteira é geladinha (-12°C), deixando a aplicação muito mais confortável e segura para todos os tipos de pele.

Me conta, qual o seu nome? 💬"
luzilene da costa azevedo,,BtwG0NDLR9v6Gxl9zj4I,"axila r$94,90|ilha do governador 2|triagem|3 sessões|reativado|flamengo|lead|comanda cortesia aberta",,2026-06-11 16:31,AUTOMAÇÃO,workflow,TYPE_WHATSAPP,workflow,"Aaah, prazer falar com você, Ainda Fica Ali Perto Do Mc Donald? 😍

Muito obrigada pelas informações!
Eu sou a assistente virtual da Pello Menos, vou te ajudar por aqui rapidinho e já te encaminho para uma das nossas especialistas, tá?

Só pra você saber, a Pello Menos é pioneira em depilação feminina no Brasil, há mais de 30 anos cuidando de mulheres com excelência ✨

Vi que você clicou no nosso anúncio de 10 sessões da axila por R$94,90 👀
Me conta só uma coisinha pra gente te direcionar melhor…

Além da Axila, existem outras regiões que te incomodam hoje e que você gostaria de se livrar dos pelinhos de vez? 💬"
luzilene da costa azevedo,,BtwG0NDLR9v6Gxl9zj4I,"axila r$94,90|ilha do governador 2|triagem|3 sessões|reativado|flamengo|lead|comanda cortesia aberta",,2026-06-11 16:31,CLIENTE,inbound,TYPE_WHATSAPP,,Ainda fica ali perto do mc Donald?
luzilene da costa azevedo,,BtwG0NDLR9v6Gxl9zj4I,"axila r$94,90|ilha do governador 2|triagem|3 sessões|reativado|flamengo|lead|comanda cortesia aberta",,2026-06-11 16:31,SISTEMA,TYPE_ACTIVITY_OPPORTUNITY,TYPE_ACTIVITY_OPPORTUNITY,app,Opportunity created
luzilene da costa azevedo,,BtwG0NDLR9v6Gxl9zj4I,"axila r$94,90|ilha do governador 2|triagem|3 sessões|reativado|flamengo|lead|comanda cortesia aberta",,2026-06-11 16:53,HUMANO,q2d7GuBxMgbnh8cY1uYP,TYPE_WHATSAPP,app,"Agora só preciso que você me responda rapidinho sobre as contraindicações, para garantir sua segurança no tratamento, tudo bem?

 1️⃣ Tem tatuagem ou cicatriz na área a ser tratada?
 2️⃣ Possui pelos brancos, loiros ou ruivos na região?
 3️⃣ Tem alguma doença diagnosticada? Se sim, qual?
 4️⃣ Possui diabetes? Se sim, qual o tipo?
 5️⃣ Está usando algum medicamento atualmente?
 6️⃣ Faz bronzeamento artificial com frequência?
 7️⃣ Está grávida, amamentando ou teve câncer nos últimos cinco anos?
 8️⃣ Tem melasma ou outras condições na pele, como manchas ou sensibilidade?

👉 Se nenhuma das opções se aplicar a você, pode responder: ""Não para todas"".

 Assim, consigo Garantir o seu Presente com total segurança e tranquilidade! 😉"
luzilene da costa azevedo,,BtwG0NDLR9v6Gxl9zj4I,"axila r$94,90|ilha do governador 2|triagem|3 sessões|reativado|flamengo|lead|comanda cortesia aberta",,2026-06-11 16:54,HUMANO,q2d7GuBxMgbnh8cY1uYP,TYPE_WHATSAPP,app,"Nosso endereço é strada do Galeão, 1192 ao lado do Colégio London"
luzilene da costa azevedo,,BtwG0NDLR9v6Gxl9zj4I,"axila r$94,90|ilha do governador 2|triagem|3 sessões|reativado|flamengo|lead|comanda cortesia aberta",,2026-06-11 16:55,SISTEMA,TYPE_ACTIVITY_OPPORTUNITY,TYPE_ACTIVITY_OPPORTUNITY,app,Opportunity updated
luzilene da costa azevedo,,BtwG0NDLR9v6Gxl9zj4I,"axila r$94,90|ilha do governador 2|triagem|3 sessões|reativado|flamengo|lead|comanda cortesia aberta",,2026-06-11 18:23,HUMANO,Gerência Ilha do Governador 2 Pello Menos,TYPE_WHATSAPP,app,"Boa noite, Luzilene! 😊

O que você achou da nossa promoção imperdível para depilação a laser nas axilas?

São 10 sessões por apenas R$ 94,90! ✨

É uma ótima oportunidade para conquistar mais praticidade e conforto no seu dia a dia. Caso tenha alguma dúvida, estou à disposição para ajudar. 💜"
luzilene da costa azevedo,,BtwG0NDLR9v6Gxl9zj4I,"axila r$94,90|ilha do governador 2|triagem|3 sessões|reativado|flamengo|lead|comanda cortesia aberta",,2026-06-12 15:39,HUMANO,q2d7GuBxMgbnh8cY1uYP,TYPE_WHATSAPP,app,"Olá,Luzilene! 😊

O que você achou da nossa promoção imperdível para depilação a laser nas axilas?

São 10 sessões por apenas R$ 94,90! ✨É

uma ótima oportunidade para conquistar mais praticidade e conforto no seu dia a dia. Caso tenha alguma dúvida, estou à disposição para ajudar. 💜"
luzilene da costa azevedo,,BtwG0NDLR9v6Gxl9zj4I,"axila r$94,90|ilha do governador 2|triagem|3 sessões|reativado|flamengo|lead|comanda cortesia aberta",,2026-06-19 13:48,SISTEMA,TYPE_ACTIVITY_OPPORTUNITY,TYPE_ACTIVITY_OPPORTUNITY,app,Opportunity updated
luzilene da costa azevedo,,BtwG0NDLR9v6Gxl9zj4I,"axila r$94,90|ilha do governador 2|triagem|3 sessões|reativado|flamengo|lead|comanda cortesia aberta",,2026-07-30 19:13,AUTOMAÇÃO,workflow,TYPE_WHATSAPP,workflow,"🎉 Parabéns! Você ganhou *3 sessões grátis* de depilação a laser com a *Pello Menos.*

Com o *Laser Hacok 4D* que acelera seus resultados e tem a ponteira resfriada garantindo o conforto em cada sessão.

Para liberar seu presente, digita aqui pra mim: *qual o seu nome completo?*"
luzilene da costa azevedo,,BtwG0NDLR9v6Gxl9zj4I,"axila r$94,90|ilha do governador 2|triagem|3 sessões|reativado|flamengo|lead|comanda cortesia aberta",,2026-07-30 19:13,AUTOMAÇÃO,workflow,TYPE_WHATSAPP,workflow,"Aaah, prazer falar com você, Luzilene Da Costa Azevedo 😍

Eu sou a assistente virtual da Pello Menos, vou te ajudar por aqui rapidinho e já te encaminho para uma de nossas especialistas.

A Pello Menos é pioneira em depilação segura há mais de 28 anos, com o Laser Hakon 4D, que atua em quatro dimensões do pelo e garante mais conforto com ponteira a -12 °C.

Para eu fazer seu cadastro e lançar seu presente no nosso sistema, digita aqui seu CPF, por favor ⬇️"
luzilene da costa azevedo,,BtwG0NDLR9v6Gxl9zj4I,"axila r$94,90|ilha do governador 2|triagem|3 sessões|reativado|flamengo|lead|comanda cortesia aberta",,2026-07-30 19:13,AUTOMAÇÃO,workflow,TYPE_WHATSAPP,workflow,"Já anotei tudo aqui 💜
Agora só preciso que você me responda rapidinho sobre as contraindicações, para garantir sua segurança no tratamento, tudo bem?

1️⃣ Tem tatuagem ou cicatriz na área a ser tratada?
2️⃣ Possui pelos brancos, loiros ou ruivos na região?
3️⃣ Tem alguma doença diagnosticada? Se sim, qual?
4️⃣ Já teve algum tipo de câncer ?
5️⃣ Está usando algum medicamento atualmente?
6️⃣ Faz bronzeamento artificial com frequência?
7️⃣ Está grávida ou amamentando ?
8️⃣ Tem melasma ou outras condições na pele, como manchas ou sensibilidade?

👉 Se nenhuma das opções se aplicar a você, pode responder: ""Não para todas"". Assim, consigo Garantir o seu Presente com total segurança e tranquilidade! 😉

Só lembrando que esta é uma pre-anamnese, e quando for a loja para iniciar o seu tratamento precisará preencher a anamnese oficial com a profissional do laser ok?!"
luzilene da costa azevedo,,BtwG0NDLR9v6Gxl9zj4I,"axila r$94,90|ilha do governador 2|triagem|3 sessões|reativado|flamengo|lead|comanda cortesia aberta",,2026-07-30 19:13,CLIENTE,inbound,TYPE_WHATSAPP,,"*Headline:* Conheça a Pello Menos Flamengo
*Source URL:* https://fb.me/adSRn3A9P

Olá! Gostaria de resgatar o voucher das 3 sessões de axilas ou buço, por favor."
luzilene da costa azevedo,,BtwG0NDLR9v6Gxl9zj4I,"axila r$94,90|ilha do governador 2|triagem|3 sessões|reativado|flamengo|lead|comanda cortesia aberta",,2026-07-30 19:13,CLIENTE,inbound,TYPE_WHATSAPP,,Luzilene da costa azevedo
luzilene da costa azevedo,,BtwG0NDLR9v6Gxl9zj4I,"axila r$94,90|ilha do governador 2|triagem|3 sessões|reativado|flamengo|lead|comanda cortesia aberta",,2026-07-30 19:13,CLIENTE,inbound,TYPE_WHATSAPP,,142.041.287-69
luzilene da costa azevedo,,BtwG0NDLR9v6Gxl9zj4I,"axila r$94,90|ilha do governador 2|triagem|3 sessões|reativado|flamengo|lead|comanda cortesia aberta",,2026-07-30 19:13,SISTEMA,TYPE_ACTIVITY_OPPORTUNITY,TYPE_ACTIVITY_OPPORTUNITY,app,Opportunity updated
luzilene da costa azevedo,,BtwG0NDLR9v6Gxl9zj4I,"axila r$94,90|ilha do governador 2|triagem|3 sessões|reativado|flamengo|lead|comanda cortesia aberta",,2026-07-30 19:13,SISTEMA,TYPE_ACTIVITY_OPPORTUNITY,TYPE_ACTIVITY_OPPORTUNITY,app,Opportunity updated
luzilene da costa azevedo,,BtwG0NDLR9v6Gxl9zj4I,"axila r$94,90|ilha do governador 2|triagem|3 sessões|reativado|flamengo|lead|comanda cortesia aberta",,2026-07-30 19:15,AUTOMAÇÃO,workflow,TYPE_WHATSAPP,workflow,"Perfeito! 😊
Já estou encaminhando suas informações para uma de nossas consultoras.

Enquanto isso, me conta: além da área que você ganhou de presente, tem alguma outra área que você gostaria de conhecer melhor, sem compromisso? 💜"
luzilene da costa azevedo,,BtwG0NDLR9v6Gxl9zj4I,"axila r$94,90|ilha do governador 2|triagem|3 sessões|reativado|flamengo|lead|comanda cortesia aberta",,2026-07-30 19:15,CLIENTE,inbound,TYPE_WHATSAPP,,Nenhuma das opções
luzilene da costa azevedo,,BtwG0NDLR9v6Gxl9zj4I,"axila r$94,90|ilha do governador 2|triagem|3 sessões|reativado|flamengo|lead|comanda cortesia aberta",,2026-07-30 19:15,SISTEMA,TYPE_ACTIVITY_OPPORTUNITY,TYPE_ACTIVITY_OPPORTUNITY,app,Opportunity updated
luzilene da costa azevedo,,BtwG0NDLR9v6Gxl9zj4I,"axila r$94,90|ilha do governador 2|triagem|3 sessões|reativado|flamengo|lead|comanda cortesia aberta",,2026-07-30 19:16,CLIENTE,inbound,TYPE_WHATSAPP,,No momento não
luzilene da costa azevedo,,BtwG0NDLR9v6Gxl9zj4I,"axila r$94,90|ilha do governador 2|triagem|3 sessões|reativado|flamengo|lead|comanda cortesia aberta",,2026-07-31 10:04,HUMANO,q2d7GuBxMgbnh8cY1uYP,TYPE_WHATSAPP,app,"Bom dia, Luzilene! 😊 Parabéns! Seu presente foi liberado. 🎉

Agora é só me informar qual área você deseja escolher para as suas 3 sessões gratuitas: axila ou buço?"
luzilene da costa azevedo,,BtwG0NDLR9v6Gxl9zj4I,"axila r$94,90|ilha do governador 2|triagem|3 sessões|reativado|flamengo|lead|comanda cortesia aberta",,2026-07-31 12:03,CLIENTE,inbound,TYPE_WHATSAPP,,Axila
luzilene da costa azevedo,,BtwG0NDLR9v6Gxl9zj4I,"axila r$94,90|ilha do governador 2|triagem|3 sessões|reativado|flamengo|lead|comanda cortesia aberta",,2026-07-31 12:03,CLIENTE,inbound,TYPE_WHATSAPP,,Como faco pra minha sobrinha fazer também?
luzilene da costa azevedo,,BtwG0NDLR9v6Gxl9zj4I,"axila r$94,90|ilha do governador 2|triagem|3 sessões|reativado|flamengo|lead|comanda cortesia aberta",,2026-07-31 14:58,HUMANO,Gerência Flamengo Pello Menos,TYPE_WHATSAPP,app,sim
luzilene da costa azevedo,,BtwG0NDLR9v6Gxl9zj4I,"axila r$94,90|ilha do governador 2|triagem|3 sessões|reativado|flamengo|lead|comanda cortesia aberta",,2026-07-31 15:03,CLIENTE,inbound,TYPE_WHATSAPP,,Como faco pra.ela?
luzilene da costa azevedo,,BtwG0NDLR9v6Gxl9zj4I,"axila r$94,90|ilha do governador 2|triagem|3 sessões|reativado|flamengo|lead|comanda cortesia aberta",,2026-07-31 18:21,HUMANO,q2d7GuBxMgbnh8cY1uYP,TYPE_WHATSAPP,app,"Olá, Luzilene! Tudo bem?

Peço desculpas pela demora no retorno. Estamos com um alto fluxo de atendimentos, mas agora vou dar continuidade ao seu atendimento e estou à disposição para te ajudar no que for preciso. 😊"
luzilene da costa azevedo,,BtwG0NDLR9v6Gxl9zj4I,"axila r$94,90|ilha do governador 2|triagem|3 sessões|reativado|flamengo|lead|comanda cortesia aberta",,2026-07-31 18:23,HUMANO,q2d7GuBxMgbnh8cY1uYP,TYPE_WHATSAPP,app,"seu presente já foi lançado em nosso sistema. 🎉

Agora é só comparecer à nossa unidade, localizada na Estrada do Galeão, 1192, de terça a sábado.

🕘 Horário de atendimento:
• Terça a sexta: das 9h às 19h
• Sábado: das 9h às 17h

✨ Ah, e uma informação muito importante: para garantir um melhor resultado na sua sessão, faça o preparo da região raspando os pelos com gilete 3 dias antes do atendimento.

Estamos te aguardando! 💙"
luzilene da costa azevedo,,BtwG0NDLR9v6Gxl9zj4I,"axila r$94,90|ilha do governador 2|triagem|3 sessões|reativado|flamengo|lead|comanda cortesia aberta",,2026-07-31 18:26,HUMANO,q2d7GuBxMgbnh8cY1uYP,TYPE_WHATSAPP,app,"Luzilene, verifiquei que você perguntou sobre a possibilidade de sua sobrinha também ganhar as 3 sessões de cortesia. 😊

Para que eu possa verificar e realizar o cadastro, poderia me enviar o nome completo e o CPF dela?

Quando ela comparecer à unidade, também será necessário passar por uma avaliação antes de iniciar as sessões, tudo bem?"
luzilene da costa azevedo,,BtwG0NDLR9v6Gxl9zj4I,"axila r$94,90|ilha do governador 2|triagem|3 sessões|reativado|flamengo|lead|comanda cortesia aberta",,2026-07-31 18:48,CLIENTE,inbound,TYPE_WHATSAPP,,Maria Luiza Azevedo Lopes
luzilene da costa azevedo,,BtwG0NDLR9v6Gxl9zj4I,"axila r$94,90|ilha do governador 2|triagem|3 sessões|reativado|flamengo|lead|comanda cortesia aberta",,2026-07-31 18:49,CLIENTE,inbound,TYPE_WHATSAPP,,200.984.617-61cpf
luzilene da costa azevedo,,BtwG0NDLR9v6Gxl9zj4I,"axila r$94,90|ilha do governador 2|triagem|3 sessões|reativado|flamengo|lead|comanda cortesia aberta",,2026-07-31 19:14,HUMANO,q2d7GuBxMgbnh8cY1uYP,TYPE_WHATSAPP,app,qual seria a area escolhida? axila ou buço?
luzilene da costa azevedo,,BtwG0NDLR9v6Gxl9zj4I,"axila r$94,90|ilha do governador 2|triagem|3 sessões|reativado|flamengo|lead|comanda cortesia aberta",,2026-07-31 19:24,CLIENTE,inbound,TYPE_WHATSAPP,,Axila
luzilene da costa azevedo,,BtwG0NDLR9v6Gxl9zj4I,"axila r$94,90|ilha do governador 2|triagem|3 sessões|reativado|flamengo|lead|comanda cortesia aberta",,2026-08-01 15:13,HUMANO,q2d7GuBxMgbnh8cY1uYP,TYPE_WHATSAPP,app,"Boa tarde, Luzilene! 😊

Fico feliz em informar que o seu presente já foi inserido em nosso sistema. Agora é só comparecer à nossa unidade para aproveitar suas sessões.

📍 Endereço: Estrada do Galeão, 1192, próximo à 37ª DP.
🕘 Horário de atendimento: de terça a sexta, das 9h às 19h, e aos sábados, das 9h às 17h."
luzilene da costa azevedo,,BtwG0NDLR9v6Gxl9zj4I,"axila r$94,90|ilha do governador 2|triagem|3 sessões|reativado|flamengo|lead|comanda cortesia aberta",,2026-08-04 09:46,SISTEMA,TYPE_ACTIVITY_OPPORTUNITY,TYPE_ACTIVITY_OPPORTUNITY,app,Opportunity updated
luzilene da costa azevedo,,BtwG0NDLR9v6Gxl9zj4I,"axila r$94,90|ilha do governador 2|triagem|3 sessões|reativado|flamengo|lead|comanda cortesia aberta",,2026-09-26 11:11,CLIENTE,inbound,TYPE_WHATSAPP,,Olá
luzilene da costa azevedo,,BtwG0NDLR9v6Gxl9zj4I,"axila r$94,90|ilha do governador 2|triagem|3 sessões|reativado|flamengo|lead|comanda cortesia aberta",,2026-09-26 11:12,CLIENTE,inbound,TYPE_WHATSAPP,,A depilação grátis pode ser feita qualquer dia ?
luzilene da costa azevedo,,BtwG0NDLR9v6Gxl9zj4I,"axila r$94,90|ilha do governador 2|triagem|3 sessões|reativado|flamengo|lead|comanda cortesia aberta",,2026-09-26 11:12,CLIENTE,inbound,TYPE_WHATSAPP,,Das sessões grátis?
luzilene da costa azevedo,,BtwG0NDLR9v6Gxl9zj4I,"axila r$94,90|ilha do governador 2|triagem|3 sessões|reativado|flamengo|lead|comanda cortesia aberta",,2026-09-26 14:37,HUMANO,q2d7GuBxMgbnh8cY1uYP,TYPE_WHATSAPP,app,"Boa tarde, Nosso Horário de atendimento: é de terça a sexta, das 9h às 19h, e aos sábados, das 9h às 17h.
DIA: 01/10/2026 á 12/10/2026 a operadora estara de ferias nesse periodo. O retorno dela será dia 13/10"
luzilene da costa azevedo,,BtwG0NDLR9v6Gxl9zj4I,"axila r$94,90|ilha do governador 2|triagem|3 sessões|reativado|flamengo|lead|comanda cortesia aberta",,2026-09-26 14:41,CLIENTE,inbound,TYPE_WHATSAPP,,Posso ir na segunda feira?
luzilene da costa azevedo,,BtwG0NDLR9v6Gxl9zj4I,"axila r$94,90|ilha do governador 2|triagem|3 sessões|reativado|flamengo|lead|comanda cortesia aberta",,2026-09-26 16:21,HUMANO,q2d7GuBxMgbnh8cY1uYP,TYPE_WHATSAPP,app,"Ola Luzilene, boa tarde!  segunda nao temos atendimento laser."
luzilene da costa azevedo,,BtwG0NDLR9v6Gxl9zj4I,"axila r$94,90|ilha do governador 2|triagem|3 sessões|reativado|flamengo|lead|comanda cortesia aberta",,2026-09-26 16:21,HUMANO,q2d7GuBxMgbnh8cY1uYP,TYPE_WHATSAPP,app,"Boa tarde, Nosso Horário de atendimento: é de terça a sexta, das 9h às 19h, e aos sábados, das 9h às 17h.
DIA: 01/10/2026 á 12/10/2026 a operadora estara de ferias nesse periodo. O retorno dela será dia 13/10"
mais seria em qual filial,,o15x7nU8vM5jjJv3pAzg,3 sessões|flamengo|lead|triagem|sem resposta,,2026-07-16 16:22,AUTOMAÇÃO,workflow,TYPE_WHATSAPP,workflow,"🎉 Parabéns! Você ganhou *3 sessões grátis* de depilação a laser com a *Pello Menos.*

Com o *Laser Hacok 4D* que acelera seus resultados e tem a ponteira resfriada garantindo o conforto em cada sessão.

Para liberar seu presente, digita aqui pra mim: *qual o seu nome completo?*"
mais seria em qual filial,,o15x7nU8vM5jjJv3pAzg,3 sessões|flamengo|lead|triagem|sem resposta,,2026-07-16 16:22,CLIENTE,inbound,TYPE_WHATSAPP,,"*Headline:* Conheça a Pello Menos Flamengo
*Source URL:* https://www.instagram.com/p/DaV7H0sgzNB/

Olá! Gostaria de resgatar o voucher das 3 sessões de axilas ou buço, por favor."
mais seria em qual filial,,o15x7nU8vM5jjJv3pAzg,3 sessões|flamengo|lead|triagem|sem resposta,,2026-07-16 16:22,SISTEMA,TYPE_ACTIVITY_OPPORTUNITY,TYPE_ACTIVITY_OPPORTUNITY,app,Opportunity created
mais seria em qual filial,,o15x7nU8vM5jjJv3pAzg,3 sessões|flamengo|lead|triagem|sem resposta,,2026-07-16 16:23,AUTOMAÇÃO,workflow,TYPE_WHATSAPP,workflow,"Aaah, prazer falar com você, Mais Seria Em Qual Filial 😍

Eu sou a assistente virtual da Pello Menos, vou te ajudar por aqui rapidinho e já te encaminho para uma de nossas especialistas.

A Pello Menos é pioneira em depilação segura há mais de 28 anos, com o Laser Hakon 4D, que atua em quatro dimensões do pelo e garante mais conforto com ponteira a -12 °C.

Para eu fazer seu cadastro e lançar seu presente no nosso sistema, digita aqui seu CPF, por favor ⬇️"
mais seria em qual filial,,o15x7nU8vM5jjJv3pAzg,3 sessões|flamengo|lead|triagem|sem resposta,,2026-07-16 16:23,AUTOMAÇÃO,workflow,TYPE_WHATSAPP,workflow,"Já anotei tudo aqui 💜
Agora só preciso que você me responda rapidinho sobre as contraindicações, para garantir sua segurança no tratamento, tudo bem?

1️⃣ Tem tatuagem ou cicatriz na área a ser tratada?
2️⃣ Possui pelos brancos, loiros ou ruivos na região?
3️⃣ Tem alguma doença diagnosticada? Se sim, qual?
4️⃣ Já teve algum tipo de câncer ?
5️⃣ Está usando algum medicamento atualmente?
6️⃣ Faz bronzeamento artificial com frequência?
7️⃣ Está grávida ou amamentando ?
8️⃣ Tem melasma ou outras condições na pele, como manchas ou sensibilidade?

👉 Se nenhuma das opções se aplicar a você, pode responder: ""Não para todas"". Assim, consigo Garantir o seu Presente com total segurança e tranquilidade! 😉

Só lembrando que esta é uma pre-anamnese, e quando for a loja para iniciar o seu tratamento precisará preencher a anamnese oficial com a profissional do laser ok?!"
mais seria em qual filial,,o15x7nU8vM5jjJv3pAzg,3 sessões|flamengo|lead|triagem|sem resposta,,2026-07-16 16:23,CLIENTE,inbound,TYPE_WHATSAPP,,Mais seria em qual filial
mais seria em qual filial,,o15x7nU8vM5jjJv3pAzg,3 sessões|flamengo|lead|triagem|sem resposta,,2026-07-16 16:23,CLIENTE,inbound,TYPE_WHATSAPP,,🤔
mais seria em qual filial,,o15x7nU8vM5jjJv3pAzg,3 sessões|flamengo|lead|triagem|sem resposta,,2026-07-16 16:29,HUMANO,Unidade fla@,TYPE_WHATSAPP,app,O desconto é exclusivo para a unidade Pellomenos do Flamengo.
mais seria em qual filial,,o15x7nU8vM5jjJv3pAzg,3 sessões|flamengo|lead|triagem|sem resposta,,2026-07-16 16:39,CLIENTE,inbound,TYPE_WHATSAPP,,Entendi  achei que fosse bonsucesso
mais seria em qual filial,,o15x7nU8vM5jjJv3pAzg,3 sessões|flamengo|lead|triagem|sem resposta,,2026-07-31 11:57,SISTEMA,TYPE_ACTIVITY_OPPORTUNITY,TYPE_ACTIVITY_OPPORTUNITY,app,Opportunity updated
malu,,z8OMyD06NdqNL3qyjTi0,3 sessões|flamengo|lead|triagem|sem resposta,,2026-08-10 16:45,AUTOMAÇÃO,workflow,TYPE_WHATSAPP,workflow,"🎉 Parabéns! Você ganhou *3 sessões grátis* de depilação a laser com a *Pello Menos.*

Com o *Laser Hacok 4D* que acelera seus resultados e tem a ponteira resfriada garantindo o conforto em cada sessão.

Para liberar seu presente, digita aqui pra mim: *qual o seu nome completo?*"
malu,,z8OMyD06NdqNL3qyjTi0,3 sessões|flamengo|lead|triagem|sem resposta,,2026-08-10 16:45,CLIENTE,inbound,TYPE_WHATSAPP,,"*Headline:* Conheça a Pello Menos Flamengo
*Source URL:* https://www.instagram.com/p/Dbs61qhgMjk/

Olá! Gostaria de resgatar o voucher das 3 sessões de axilas ou buço, por favor."
malu,,z8OMyD06NdqNL3qyjTi0,3 sessões|flamengo|lead|triagem|sem resposta,,2026-08-10 16:45,SISTEMA,TYPE_ACTIVITY_OPPORTUNITY,TYPE_ACTIVITY_OPPORTUNITY,app,Opportunity created
malu,,z8OMyD06NdqNL3qyjTi0,3 sessões|flamengo|lead|triagem|sem resposta,,2026-08-10 18:44,HUMANO,Unidade fla@,TYPE_WHATSAPP,app,"Olá, precisamos que nos fornecas os dados solicitados para seguir com sua candidatura"
malu,,z8OMyD06NdqNL3qyjTi0,3 sessões|flamengo|lead|triagem|sem resposta,,2026-08-14 14:50,SISTEMA,TYPE_ACTIVITY_OPPORTUNITY,TYPE_ACTIVITY_OPPORTUNITY,app,Opportunity updated
manda umas amostras,,FSs78Qd8dEWYyiVptRot,outros descontos|flamengo|lead|triagem,,2026-09-19 13:19,AUTOMAÇÃO,workflow,TYPE_WHATSAPP,workflow,"Oi! Que bom te ver por aqui 🤩

Parabéns pela decisão de começar seu tratamento!

Aqui na Pello Menos usamos o HAKON 4D, que proporciona um resultado mais rápido e duradouro.

E o melhor: a ponteira é geladinha (-12°C), deixando a aplicação muito mais confortável e segura para todos os tipos de pele.

Me conta, qual o seu nome? 💬"
manda umas amostras,,FSs78Qd8dEWYyiVptRot,outros descontos|flamengo|lead|triagem,,2026-09-19 13:19,CLIENTE,inbound,TYPE_WHATSAPP,,"*Headline:* Conheça a Pello Menos Flamengo
*Source URL:* https://fb.me/a03fk7odi

Garanta seu desconto nos nossos combos no mês de Setembro."
manda umas amostras,,FSs78Qd8dEWYyiVptRot,outros descontos|flamengo|lead|triagem,,2026-09-19 13:19,CLIENTE,inbound,TYPE_WHATSAPP,,Manda o pacote
manda umas amostras,,FSs78Qd8dEWYyiVptRot,outros descontos|flamengo|lead|triagem,,2026-09-19 13:19,SISTEMA,TYPE_ACTIVITY_OPPORTUNITY,TYPE_ACTIVITY_OPPORTUNITY,app,Opportunity created
manda umas amostras,,FSs78Qd8dEWYyiVptRot,outros descontos|flamengo|lead|triagem,,2026-09-19 13:20,AUTOMAÇÃO,workflow,TYPE_WHATSAPP,workflow,"Aaah, prazer falar com você, Manda Umas Amostras 😍

Muito obrigada pelas informações!
Eu sou a assistente virtual da Pello Menos, vou te ajudar por aqui rapidinho e já te encaminho para uma das nossas especialistas, tá?

Só pra você saber, a Pello Menos é pioneira em depilação feminina no Brasil, há mais de 30 anos cuidando de mulheres com excelência ✨

Vi que você clicou no nosso anúncio 👀
Me conta só uma coisinha pra gente te direcionar melhor…

Quais regiões mais te incomodam hoje e que você gostaria de se livrar dos pelinhos de vez? 💬"
manda umas amostras,,FSs78Qd8dEWYyiVptRot,outros descontos|flamengo|lead|triagem,,2026-09-19 13:20,CLIENTE,inbound,TYPE_WHATSAPP,,Manda umas amostras
manda umas amostras,,FSs78Qd8dEWYyiVptRot,outros descontos|flamengo|lead|triagem,,2026-09-19 15:21,HUMANO,Unidade fla@,TYPE_WHATSAPP,app,"-- Costas com 60% de desconto - 10x de 63,20
-- Barba com 60% de desconto - 10x de 42,80
-- Faixa de barba ou axila - 94,90

São 10 sessoes"
manda umas amostras,,FSs78Qd8dEWYyiVptRot,outros descontos|flamengo|lead|triagem,,2026-09-22 12:21,HUMANO,Unidade fla@,TYPE_WHATSAPP,app,"Seu atendimento

Dando continuidade ao seu atendimento por aqui. Me chama que te explico rapidinho e já deixo tudo encaminhado. 😊"
manuelle edna,,eNt2awlsoKrYZDC8qEM9,3 sessões|flamengo|lead|triagem|sem resposta,,2026-08-12 10:06,CLIENTE,inbound,TYPE_WHATSAPP,,"*Headline:* Conheça a Pello Menos Flamengo
*Source URL:* https://wa.me/wamo/status/preview/558002821239/120250924979940326

Olá! Gostaria de resgatar o voucher das 3 sessões de axilas ou buço, por favor."
manuelle edna,,eNt2awlsoKrYZDC8qEM9,3 sessões|flamengo|lead|triagem|sem resposta,,2026-08-12 10:07,AUTOMAÇÃO,workflow,TYPE_WHATSAPP,workflow,"🎉 Parabéns! Você ganhou *3 sessões grátis* de depilação a laser com a *Pello Menos.*

Com o *Laser Hacok 4D* que acelera seus resultados e tem a ponteira resfriada garantindo o conforto em cada sessão.

Para liberar seu presente, digita aqui pra mim: *qual o seu nome completo?*"
manuelle edna,,eNt2awlsoKrYZDC8qEM9,3 sessões|flamengo|lead|triagem|sem resposta,,2026-08-12 10:07,SISTEMA,TYPE_ACTIVITY_OPPORTUNITY,TYPE_ACTIVITY_OPPORTUNITY,app,Opportunity created
manuelle edna,,eNt2awlsoKrYZDC8qEM9,3 sessões|flamengo|lead|triagem|sem resposta,,2026-08-12 12:12,HUMANO,Unidade fla@,TYPE_WHATSAPP,app,"Olá Manuel

Para dar prosseguimento ao atendimento, preciso que me informe seus dados para realizar o cadastro em nosso sistema.

Quais são as áreas que veio buscar?"
manuelle edna,,eNt2awlsoKrYZDC8qEM9,3 sessões|flamengo|lead|triagem|sem resposta,,2026-08-14 14:50,SISTEMA,TYPE_ACTIVITY_OPPORTUNITY,TYPE_ACTIVITY_OPPORTUNITY,app,Opportunity updated
mara lúcia de souza,,FHsqcdKFob95i5Tjf0Da,3 sessões|flamengo|lead|triagem|sem resposta,,2026-06-27 14:37,AUTOMAÇÃO,workflow,TYPE_WHATSAPP,workflow,"🎉 Parabéns! Você ganhou *3 sessões grátis* de depilação a laser com a *Pello Menos.*

Com o *Laser Hacok 4D* que acelera seus resultados e tem a ponteira resfriada garantindo o conforto em cada sessão.

Para liberar seu presente, digita aqui pra mim: *qual o seu nome completo?*"
mara lúcia de souza,,FHsqcdKFob95i5Tjf0Da,3 sessões|flamengo|lead|triagem|sem resposta,,2026-06-27 14:37,CLIENTE,inbound,TYPE_WHATSAPP,,"*Headline:* Conheça a Pello Menos Flamengo
*Source URL:* https://www.instagram.com/p/DZ79xG9gPZw/

Olá! Gostaria de resgatar o voucher das 3 sessões de axilas ou buço, por favor.
Gostaria sim, de buço.
Onde voces ficam?"
mara lúcia de souza,,FHsqcdKFob95i5Tjf0Da,3 sessões|flamengo|lead|triagem|sem resposta,,2026-06-27 14:37,SISTEMA,TYPE_ACTIVITY_OPPORTUNITY,TYPE_ACTIVITY_OPPORTUNITY,app,Opportunity created
mara lúcia de souza,,FHsqcdKFob95i5Tjf0Da,3 sessões|flamengo|lead|triagem|sem resposta,,2026-06-27 14:38,AUTOMAÇÃO,workflow,TYPE_WHATSAPP,workflow,"Aaah, prazer falar com você, Mara Lúcia De Souza 😍

Eu sou a assistente virtual da Pello Menos, vou te ajudar por aqui rapidinho e já te encaminho para uma de nossas especialistas.

A Pello Menos é pioneira em depilação segura há mais de 28 anos, com o Laser Hakon 4D, que atua em quatro dimensões do pelo e garante mais conforto com ponteira a -12 °C.

Para eu fazer seu cadastro e lançar seu presente no nosso sistema, digita aqui seu CPF, por favor ⬇️"
mara lúcia de souza,,FHsqcdKFob95i5Tjf0Da,3 sessões|flamengo|lead|triagem|sem resposta,,2026-06-27 14:38,AUTOMAÇÃO,workflow,TYPE_WHATSAPP,workflow,"Já anotei tudo aqui 💜
Agora só preciso que você me responda rapidinho sobre as contraindicações, para garantir sua segurança no tratamento, tudo bem?

1️⃣ Tem tatuagem ou cicatriz na área a ser tratada?
2️⃣ Possui pelos brancos, loiros ou ruivos na região?
3️⃣ Tem alguma doença diagnosticada? Se sim, qual?
4️⃣ Já teve algum tipo de câncer ?
5️⃣ Está usando algum medicamento atualmente?
6️⃣ Faz bronzeamento artificial com frequência?
7️⃣ Está grávida ou amamentando ?
8️⃣ Tem melasma ou outras condições na pele, como manchas ou sensibilidade?

👉 Se nenhuma das opções se aplicar a você, pode responder: ""Não para todas"". Assim, consigo Garantir o seu Presente com total segurança e tranquilidade! 😉

Só lembrando que esta é uma pre-anamnese, e quando for a loja para iniciar o seu tratamento precisará preencher a anamnese oficial com a profissional do laser ok?!"
mara lúcia de souza,,FHsqcdKFob95i5Tjf0Da,3 sessões|flamengo|lead|triagem|sem resposta,,2026-06-27 14:38,CLIENTE,inbound,TYPE_WHATSAPP,,Mara Lúcia de Souza
mara lúcia de souza,,FHsqcdKFob95i5Tjf0Da,3 sessões|flamengo|lead|triagem|sem resposta,,2026-06-27 14:38,CLIENTE,inbound,TYPE_WHATSAPP,,835.749.481-15
mara lúcia de souza,,FHsqcdKFob95i5Tjf0Da,3 sessões|flamengo|lead|triagem|sem resposta,,2026-06-27 14:39,AUTOMAÇÃO,workflow,TYPE_WHATSAPP,workflow,"Perfeito! 😊
Já estou encaminhando suas informações para uma de nossas consultoras.

Enquanto isso, me conta: além da área que você ganhou de presente, tem alguma outra área que você gostaria de conhecer melhor, sem compromisso? 💜"
mara lúcia de souza,,FHsqcdKFob95i5Tjf0Da,3 sessões|flamengo|lead|triagem|sem resposta,,2026-06-27 14:39,CLIENTE,inbound,TYPE_WHATSAPP,,5
mara lúcia de souza,,FHsqcdKFob95i5Tjf0Da,3 sessões|flamengo|lead|triagem|sem resposta,,2026-06-27 14:39,SISTEMA,TYPE_ACTIVITY_OPPORTUNITY,TYPE_ACTIVITY_OPPORTUNITY,app,Opportunity updated
mara lúcia de souza,,FHsqcdKFob95i5Tjf0Da,3 sessões|flamengo|lead|triagem|sem resposta,,2026-06-27 14:42,CLIENTE,inbound,TYPE_WHATSAPP,,"Área do queixo.
Valores?"
mara lúcia de souza,,FHsqcdKFob95i5Tjf0Da,3 sessões|flamengo|lead|triagem|sem resposta,,2026-06-27 15:40,HUMANO,Unidade fla@,TYPE_WHATSAPP,app,O que seria área do galo?
mara lúcia de souza,,FHsqcdKFob95i5Tjf0Da,3 sessões|flamengo|lead|triagem|sem resposta,,2026-06-27 15:41,CLIENTE,inbound,TYPE_WHATSAPP,,Queixo
mara lúcia de souza,,FHsqcdKFob95i5Tjf0Da,3 sessões|flamengo|lead|triagem|sem resposta,,2026-06-27 15:41,CLIENTE,inbound,TYPE_WHATSAPP,,E um pouco abaixo da linha da mandíbula
mara lúcia de souza,,FHsqcdKFob95i5Tjf0Da,3 sessões|flamengo|lead|triagem|sem resposta,,2026-06-27 15:48,HUMANO,Unidade fla@,TYPE_WHATSAPP,app,"Essa área já faz parte do pescoço. Estamos com uma promoção exclusiva de mês de aniversário! por apenas 10x de 35,15! vamos aproveitar?"
mara lúcia de souza,,FHsqcdKFob95i5Tjf0Da,3 sessões|flamengo|lead|triagem|sem resposta,,2026-06-27 15:49,CLIENTE,inbound,TYPE_WHATSAPP,,Nao. Todas as fisioterapeutas me falaram que ainda faz parte do queixo.
mara lúcia de souza,,FHsqcdKFob95i5Tjf0Da,3 sessões|flamengo|lead|triagem|sem resposta,,2026-06-27 15:50,CLIENTE,inbound,TYPE_WHATSAPP,,É um pouco abaixo da linha da mandíbula.
mara lúcia de souza,,FHsqcdKFob95i5Tjf0Da,3 sessões|flamengo|lead|triagem|sem resposta,,2026-06-27 15:50,CLIENTE,inbound,TYPE_WHATSAPP,,Você pode me confirmar isso por favor?
mara lúcia de souza,,FHsqcdKFob95i5Tjf0Da,3 sessões|flamengo|lead|triagem|sem resposta,,2026-06-27 15:50,CLIENTE,inbound,TYPE_WHATSAPP,,Ok.
mara lúcia de souza,,FHsqcdKFob95i5Tjf0Da,3 sessões|flamengo|lead|triagem|sem resposta,,2026-06-27 15:50,HUMANO,Unidade fla@,TYPE_WHATSAPP,app,"Área do queixo: 10x de 36,65. Vamos aproveitar?"
mara lúcia de souza,,FHsqcdKFob95i5Tjf0Da,3 sessões|flamengo|lead|triagem|sem resposta,,2026-06-27 15:50,HUMANO,Unidade fla@,TYPE_WHATSAPP,app,"Sim, sim, podemos fazer nessa área"
mara lúcia de souza,,FHsqcdKFob95i5Tjf0Da,3 sessões|flamengo|lead|triagem|sem resposta,,2026-06-27 15:51,CLIENTE,inbound,TYPE_WHATSAPP,,Podemos marcar então e também as 3 de buço que ganhei l.
mara lúcia de souza,,FHsqcdKFob95i5Tjf0Da,3 sessões|flamengo|lead|triagem|sem resposta,,2026-06-27 15:51,HUMANO,Unidade fla@,TYPE_WHATSAPP,app,"Mara, para continuarmos, pode me informar qual medicamento você faz uso?"
mara lúcia de souza,,FHsqcdKFob95i5Tjf0Da,3 sessões|flamengo|lead|triagem|sem resposta,,2026-06-27 15:52,CLIENTE,inbound,TYPE_WHATSAPP,,"Benicar 40×12, 5. 
Para PA"
mara lúcia de souza,,FHsqcdKFob95i5Tjf0Da,3 sessões|flamengo|lead|triagem|sem resposta,,2026-06-27 16:11,HUMANO,Unidade fla@,TYPE_WHATSAPP,app,Certo! segue o link de pagamento referente à área: https://pag.ae/81Wbseg9m
mara lúcia de souza,,FHsqcdKFob95i5Tjf0Da,3 sessões|flamengo|lead|triagem|sem resposta,,2026-06-27 16:19,CLIENTE,inbound,TYPE_WHATSAPP,,"Prefiro marcar o dia certo e quando estiver aí para fazer o tratamento, eu faço o pagamento."
mara lúcia de souza,,FHsqcdKFob95i5Tjf0Da,3 sessões|flamengo|lead|triagem|sem resposta,,2026-06-27 16:21,CLIENTE,inbound,TYPE_WHATSAPP,,Sim posso
mara lúcia de souza,,FHsqcdKFob95i5Tjf0Da,3 sessões|flamengo|lead|triagem|sem resposta,,2026-06-27 16:21,CLIENTE,inbound,TYPE_WHATSAPP,,02/12/1977
mara lúcia de souza,,FHsqcdKFob95i5Tjf0Da,3 sessões|flamengo|lead|triagem|sem resposta,,2026-06-27 16:21,HUMANO,Unidade fla@,TYPE_WHATSAPP,app,"Tudo bem, só preciso concluir seu cadastro no sistema e após seu cadastro, você pode vir na unidade concluir e realizar sua sessão."
mara lúcia de souza,,FHsqcdKFob95i5Tjf0Da,3 sessões|flamengo|lead|triagem|sem resposta,,2026-06-27 16:21,HUMANO,Unidade fla@,TYPE_WHATSAPP,app,Pode me informar só sua data de nascimento?
mara lúcia de souza,,FHsqcdKFob95i5Tjf0Da,3 sessões|flamengo|lead|triagem|sem resposta,,2026-06-27 16:22,HUMANO,Unidade fla@,TYPE_WHATSAPP,app,"Tudo certo Mara! Já realizei o cadastro, agora só comparecer na loja para finalizar e realizar as sessões.
Sem agendamentos, funcionamos sem hora marcada. Horário de funcionamento do Laser: de terça a sexta, de 9h00 às 19h00 e sábados de 9h00 às 18h00."
mara lúcia de souza,,FHsqcdKFob95i5Tjf0Da,3 sessões|flamengo|lead|triagem|sem resposta,,2026-06-27 16:23,CLIENTE,inbound,TYPE_WHATSAPP,,Ah! Ok. Pensei que pre cisasse marcar
mara lúcia de souza,,FHsqcdKFob95i5Tjf0Da,3 sessões|flamengo|lead|triagem|sem resposta,,2026-06-27 16:23,CLIENTE,inbound,TYPE_WHATSAPP,,Eita! Nao tem na Tijuca?
mara lúcia de souza,,FHsqcdKFob95i5Tjf0Da,3 sessões|flamengo|lead|triagem|sem resposta,,2026-06-27 16:23,HUMANO,Unidade fla@,TYPE_WHATSAPP,app,"Rua Marquês de Abrantes, 209 - Flamengo"
mara lúcia de souza,,FHsqcdKFob95i5Tjf0Da,3 sessões|flamengo|lead|triagem|sem resposta,,2026-06-27 16:24,CLIENTE,inbound,TYPE_WHATSAPP,,"Entendi!
Ok"
mara lúcia de souza,,FHsqcdKFob95i5Tjf0Da,3 sessões|flamengo|lead|triagem|sem resposta,,2026-06-27 16:24,HUMANO,Unidade fla@,TYPE_WHATSAPP,app,Seu voucher é exclusivo para a unidade do Flamengo.
mara lúcia de souza,,FHsqcdKFob95i5Tjf0Da,3 sessões|flamengo|lead|triagem|sem resposta,,2026-07-29 12:11,SISTEMA,TYPE_ACTIVITY_OPPORTUNITY,TYPE_ACTIVITY_OPPORTUNITY,app,Opportunity updated
marcela duarte de araújo,,6npAuTE3LGucLrBkXw8w,outros descontos|flamengo|lead|triagem|sem resposta,,2026-07-29 17:20,AUTOMAÇÃO,workflow,TYPE_WHATSAPP,workflow,"Oi! Que bom te ver por aqui 🤩

Parabéns pela decisão de começar seu tratamento!

Aqui na Pello Menos usamos o HAKON 4D, que proporciona um resultado mais rápido e duradouro.

E o melhor: a ponteira é geladinha (-12°C), deixando a aplicação muito mais confortável e segura para todos os tipos de pele.

Me conta, qual o seu nome? 💬"
marcela duarte de araújo,,6npAuTE3LGucLrBkXw8w,outros descontos|flamengo|lead|triagem|sem resposta,,2026-07-29 17:20,CLIENTE,inbound,TYPE_WHATSAPP,,"*Headline:* Conheça a Pello Menos Flamengo
*Source URL:* https://wa.me/wamo/status/preview/558002821239/120249932043010326

Garanta seu desconto nos nossos combos no mês de Julho."
marcela duarte de araújo,,6npAuTE3LGucLrBkXw8w,outros descontos|flamengo|lead|triagem|sem resposta,,2026-07-29 17:20,SISTEMA,TYPE_ACTIVITY_OPPORTUNITY,TYPE_ACTIVITY_OPPORTUNITY,app,Opportunity created
marcela duarte de araújo,,6npAuTE3LGucLrBkXw8w,outros descontos|flamengo|lead|triagem|sem resposta,,2026-07-29 17:28,AUTOMAÇÃO,workflow,TYPE_WHATSAPP,workflow,"Aaah, prazer falar com você, Marcela Duarte De Araújo 😍

Muito obrigada pelas informações!
Eu sou a assistente virtual da Pello Menos, vou te ajudar por aqui rapidinho e já te encaminho para uma das nossas especialistas, tá?

Só pra você saber, a Pello Menos é pioneira em depilação feminina no Brasil, há mais de 30 anos cuidando de mulheres com excelência ✨

Vi que você clicou no nosso anúncio 👀
Me conta só uma coisinha pra gente te direcionar melhor…

Quais regiões mais te incomodam hoje e que você gostaria de se livrar dos pelinhos de vez? 💬"
marcela duarte de araújo,,6npAuTE3LGucLrBkXw8w,outros descontos|flamengo|lead|triagem|sem resposta,,2026-07-29 17:28,CLIENTE,inbound,TYPE_WHATSAPP,,Marcela
marcela duarte de araújo,,6npAuTE3LGucLrBkXw8w,outros descontos|flamengo|lead|triagem|sem resposta,,2026-07-29 17:29,AUTOMAÇÃO,workflow,TYPE_WHATSAPP,workflow,"Perfeito! 😊
Já estou encaminhando suas informações para nossa consultora. 💜"
marcela duarte de araújo,,6npAuTE3LGucLrBkXw8w,outros descontos|flamengo|lead|triagem|sem resposta,,2026-07-29 17:29,CLIENTE,inbound,TYPE_WHATSAPP,,"Eu já fiz depilação a laser na virilha, anus e axila. Quero fazer uma manutenção"
marcela duarte de araújo,,6npAuTE3LGucLrBkXw8w,outros descontos|flamengo|lead|triagem|sem resposta,,2026-07-29 17:29,SISTEMA,TYPE_ACTIVITY_OPPORTUNITY,TYPE_ACTIVITY_OPPORTUNITY,app,Opportunity updated
marcela duarte de araújo,,6npAuTE3LGucLrBkXw8w,outros descontos|flamengo|lead|triagem|sem resposta,,2026-07-30 10:35,HUMANO,Unidade fla@,TYPE_WHATSAPP,app,"Olá Marcela! aqui é a Giulia, operadora do Laser da unidade do Flamengo."
marcela duarte de araújo,,6npAuTE3LGucLrBkXw8w,outros descontos|flamengo|lead|triagem|sem resposta,,2026-07-30 10:36,HUMANO,Unidade fla@,TYPE_WHATSAPP,app,"Falando um pouquinho sobre essas áreas que você mencionou, estamos com uma ótima oportunidade para Virilha total que é inclusa a região do ânus e você ganha axila:
🌸Virilha total + 1/2 perna ganha axila: por 10x de 164,80!"
marcela duarte de araújo,,6npAuTE3LGucLrBkXw8w,outros descontos|flamengo|lead|triagem|sem resposta,,2026-07-30 10:37,HUMANO,Unidade fla@,TYPE_WHATSAPP,app,O que acha da oportunidade?
marcela duarte de araújo,,6npAuTE3LGucLrBkXw8w,outros descontos|flamengo|lead|triagem|sem resposta,,2026-07-30 11:05,CLIENTE,inbound,TYPE_WHATSAPP,,Quero na baixada fluminense
marcela duarte de araújo,,6npAuTE3LGucLrBkXw8w,outros descontos|flamengo|lead|triagem|sem resposta,,2026-07-30 12:32,HUMANO,Unidade fla@,TYPE_WHATSAPP,app,Você pode procurar a unidade Pellomenos mais próxima da sua região.
marcela duarte de araújo,,6npAuTE3LGucLrBkXw8w,outros descontos|flamengo|lead|triagem|sem resposta,,2026-08-14 14:34,SISTEMA,TYPE_ACTIVITY_OPPORTUNITY,TYPE_ACTIVITY_OPPORTUNITY,app,Opportunity updated
marcela duarte de araújo,,6npAuTE3LGucLrBkXw8w,outros descontos|flamengo|lead|triagem|sem resposta,,2026-08-14 15:04,SISTEMA,TYPE_ACTIVITY_OPPORTUNITY,TYPE_ACTIVITY_OPPORTUNITY,app,Opportunity updated
marcelly santos do nascimento,,aVoG9pu5j89fWMbRKDJ7,3 sessões|flamengo|lead|triagem|sem resposta,,2026-08-04 11:31,AUTOMAÇÃO,workflow,TYPE_WHATSAPP,workflow,"🎉 Parabéns! Você ganhou *3 sessões grátis* de depilação a laser com a *Pello Menos.*

Com o *Laser Hacok 4D* que acelera seus resultados e tem a ponteira resfriada garantindo o conforto em cada sessão.

Para liberar seu presente, digita aqui pra mim: *qual o seu nome completo?*"
marcelly santos do nascimento,,aVoG9pu5j89fWMbRKDJ7,3 sessões|flamengo|lead|triagem|sem resposta,,2026-08-04 11:31,CLIENTE,inbound,TYPE_WHATSAPP,,"*Headline:* Conheça a Pello Menos Flamengo
*Source URL:* https://www.instagram.com/p/DadlkxcAV-4/

Olá! Gostaria de resgatar o voucher das 3 sessões de axilas ou buço, por favor."
marcelly santos do nascimento,,aVoG9pu5j89fWMbRKDJ7,3 sessões|flamengo|lead|triagem|sem resposta,,2026-08-04 11:31,SISTEMA,TYPE_ACTIVITY_OPPORTUNITY,TYPE_ACTIVITY_OPPORTUNITY,app,Opportunity created
marcelly santos do nascimento,,aVoG9pu5j89fWMbRKDJ7,3 sessões|flamengo|lead|triagem|sem resposta,,2026-08-04 11:33,AUTOMAÇÃO,workflow,TYPE_WHATSAPP,workflow,"Aaah, prazer falar com você, Marcelly Santos Do Nascimento 😍

Eu sou a assistente virtual da Pello Menos, vou te ajudar por aqui rapidinho e já te encaminho para uma de nossas especialistas.

A Pello Menos é pioneira em depilação segura há mais de 28 anos, com o Laser Hakon 4D, que atua em quatro dimensões do pelo e garante mais conforto com ponteira a -12 °C.

Para eu fazer seu cadastro e lançar seu presente no nosso sistema, digita aqui seu CPF, por favor ⬇️"
marcelly santos do nascimento,,aVoG9pu5j89fWMbRKDJ7,3 sessões|flamengo|lead|triagem|sem resposta,,2026-08-04 11:33,CLIENTE,inbound,TYPE_WHATSAPP,,Marcelly santos do Nascimento
marcelly santos do nascimento,,aVoG9pu5j89fWMbRKDJ7,3 sessões|flamengo|lead|triagem|sem resposta,,2026-08-04 11:34,AUTOMAÇÃO,workflow,TYPE_WHATSAPP,workflow,"Já anotei tudo aqui 💜
Agora só preciso que você me responda rapidinho sobre as contraindicações, para garantir sua segurança no tratamento, tudo bem?

1️⃣ Tem tatuagem ou cicatriz na área a ser tratada?
2️⃣ Possui pelos brancos, loiros ou ruivos na região?
3️⃣ Tem alguma doença diagnosticada? Se sim, qual?
4️⃣ Já teve algum tipo de câncer ?
5️⃣ Está usando algum medicamento atualmente?
6️⃣ Faz bronzeamento artificial com frequência?
7️⃣ Está grávida ou amamentando ?
8️⃣ Tem melasma ou outras condições na pele, como manchas ou sensibilidade?

👉 Se nenhuma das opções se aplicar a você, pode responder: ""Não para todas"". Assim, consigo Garantir o seu Presente com total segurança e tranquilidade! 😉

Só lembrando que esta é uma pre-anamnese, e quando for a loja para iniciar o seu tratamento precisará preencher a anamnese oficial com a profissional do laser ok?!"
marcelly santos do nascimento,,aVoG9pu5j89fWMbRKDJ7,3 sessões|flamengo|lead|triagem|sem resposta,,2026-08-04 11:34,CLIENTE,inbound,TYPE_WHATSAPP,,181.381.547-05
marcelly santos do nascimento,,aVoG9pu5j89fWMbRKDJ7,3 sessões|flamengo|lead|triagem|sem resposta,,2026-08-04 11:36,AUTOMAÇÃO,workflow,TYPE_WHATSAPP,workflow,"Perfeito! 😊
Já estou encaminhando suas informações para uma de nossas consultoras.

Enquanto isso, me conta: além da área que você ganhou de presente, tem alguma outra área que você gostaria de conhecer melhor, sem compromisso? 💜"
marcelly santos do nascimento,,aVoG9pu5j89fWMbRKDJ7,3 sessões|flamengo|lead|triagem|sem resposta,,2026-08-04 11:36,CLIENTE,inbound,TYPE_WHATSAPP,,"1:não 
2: não 
3:não 
4:não 
5:não 
6: não 
7: não 
8: não"
marcelly santos do nascimento,,aVoG9pu5j89fWMbRKDJ7,3 sessões|flamengo|lead|triagem|sem resposta,,2026-08-04 11:36,SISTEMA,TYPE_ACTIVITY_OPPORTUNITY,TYPE_ACTIVITY_OPPORTUNITY,app,Opportunity updated
marcelly santos do nascimento,,aVoG9pu5j89fWMbRKDJ7,3 sessões|flamengo|lead|triagem|sem resposta,,2026-08-04 11:37,CLIENTE,inbound,TYPE_WHATSAPP,,"[sem texto]
[anexos: 1]"
marcelly santos do nascimento,,aVoG9pu5j89fWMbRKDJ7,3 sessões|flamengo|lead|triagem|sem resposta,,2026-08-04 11:42,CLIENTE,inbound,TYPE_WHATSAPP,,?
marcelly santos do nascimento,,aVoG9pu5j89fWMbRKDJ7,3 sessões|flamengo|lead|triagem|sem resposta,,2026-08-05 11:15,HUMANO,Unidade fla@,TYPE_WHATSAPP,app,"Olá! aqui é a Giulia, operadora do Laser da unidade do Flamengo."
marcelly santos do nascimento,,aVoG9pu5j89fWMbRKDJ7,3 sessões|flamengo|lead|triagem|sem resposta,,2026-08-05 11:16,HUMANO,Unidade fla@,TYPE_WHATSAPP,app,Você fez o seu pacote na unidade do Flamengo?
marcelly santos do nascimento,,aVoG9pu5j89fWMbRKDJ7,3 sessões|flamengo|lead|triagem|sem resposta,,2026-08-05 12:42,CLIENTE,inbound,TYPE_WHATSAPP,,Não eu quero o meu pacote para unidades de São Gonçalo eu deixei claro para menina mais a acima por que eu moro em São Gonçalo
marcelly santos do nascimento,,aVoG9pu5j89fWMbRKDJ7,3 sessões|flamengo|lead|triagem|sem resposta,,2026-08-05 12:45,HUMANO,Unidade fla@,TYPE_WHATSAPP,app,o voucher é exclusivo para a unidade do Flamengo.
marcelly santos do nascimento,,aVoG9pu5j89fWMbRKDJ7,3 sessões|flamengo|lead|triagem|sem resposta,,2026-08-05 12:46,CLIENTE,inbound,TYPE_WHATSAPP,,Ok
marcelly santos do nascimento,,aVoG9pu5j89fWMbRKDJ7,3 sessões|flamengo|lead|triagem|sem resposta,,2026-08-14 14:27,SISTEMA,TYPE_ACTIVITY_OPPORTUNITY,TYPE_ACTIVITY_OPPORTUNITY,app,Opportunity updated
maria,,WviWP3q3PQEdYH1V6TkJ,outros descontos|flamengo|lead|triagem,,2026-08-26 09:17,AUTOMAÇÃO,workflow,TYPE_WHATSAPP,workflow,"Oi! Que bom te ver por aqui 🤩

Parabéns pela decisão de começar seu tratamento!

Aqui na Pello Menos usamos o HAKON 4D, que proporciona um resultado mais rápido e duradouro.

E o melhor: a ponteira é geladinha (-12°C), deixando a aplicação muito mais confortável e segura para todos os tipos de pele.

Me conta, qual o seu nome? 💬"
maria,,WviWP3q3PQEdYH1V6TkJ,outros descontos|flamengo|lead|triagem,,2026-08-26 09:17,AUTOMAÇÃO,workflow,TYPE_WHATSAPP,workflow,"Aaah, prazer falar com você, Maria 😍

Muito obrigada pelas informações!
Eu sou a assistente virtual da Pello Menos, vou te ajudar por aqui rapidinho e já te encaminho para uma das nossas especialistas, tá?

Só pra você saber, a Pello Menos é pioneira em depilação feminina no Brasil, há mais de 30 anos cuidando de mulheres com excelência ✨

Vi que você clicou no nosso anúncio 👀
Me conta só uma coisinha pra gente te direcionar melhor…

Quais regiões mais te incomodam hoje e que você gostaria de se livrar dos pelinhos de vez? 💬"
maria,,WviWP3q3PQEdYH1V6TkJ,outros descontos|flamengo|lead|triagem,,2026-08-26 09:17,CLIENTE,inbound,TYPE_WHATSAPP,,"*Headline:* Conheça a Pello Menos Flamengo
*Source URL:* https://www.instagram.com/p/Dbv7ZDzAD2M/

Garanta seu desconto nos nossos combos no mês de Agosto."
maria,,WviWP3q3PQEdYH1V6TkJ,outros descontos|flamengo|lead|triagem,,2026-08-26 09:17,CLIENTE,inbound,TYPE_WHATSAPP,,maria
maria,,WviWP3q3PQEdYH1V6TkJ,outros descontos|flamengo|lead|triagem,,2026-08-26 09:17,SISTEMA,TYPE_ACTIVITY_OPPORTUNITY,TYPE_ACTIVITY_OPPORTUNITY,app,Opportunity created
maria,,WviWP3q3PQEdYH1V6TkJ,outros descontos|flamengo|lead|triagem,,2026-08-26 09:59,HUMANO,Unidade fla@,TYPE_WHATSAPP,app,"Olá Maria! aqui é a Giulia, operadora do Laser da unidade do Flamengo. Vou estar dando continuidade no seu atendimento!"
maria,,WviWP3q3PQEdYH1V6TkJ,outros descontos|flamengo|lead|triagem,,2026-08-26 10:00,HUMANO,Unidade fla@,TYPE_WHATSAPP,app,Qual região que te incomoda hoje?
maria elizabeth,,b8mZOXVLNzxmAQwTA3ya,outros descontos|flamengo|lead|triagem|sem resposta,,2026-07-24 14:01,AUTOMAÇÃO,workflow,TYPE_WHATSAPP,workflow,"Oi! Que bom te ver por aqui 🤩

Parabéns pela decisão de começar seu tratamento!

Aqui na Pello Menos usamos o HAKON 4D, que proporciona um resultado mais rápido e duradouro.

E o melhor: a ponteira é geladinha (-12°C), deixando a aplicação muito mais confortável e segura para todos os tipos de pele.

Me conta, qual o seu nome? 💬"
maria elizabeth,,b8mZOXVLNzxmAQwTA3ya,outros descontos|flamengo|lead|triagem|sem resposta,,2026-07-24 14:01,CLIENTE,inbound,TYPE_WHATSAPP,,"*Headline:* Conheça a Pello Menos Flamengo
*Source URL:* https://fb.me/a9cHJHK3x

Garanta seu desconto nos nossos combos no mês de Julho."
maria elizabeth,,b8mZOXVLNzxmAQwTA3ya,outros descontos|flamengo|lead|triagem|sem resposta,,2026-07-24 14:01,SISTEMA,TYPE_ACTIVITY_OPPORTUNITY,TYPE_ACTIVITY_OPPORTUNITY,app,Opportunity created
maria elizabeth,,b8mZOXVLNzxmAQwTA3ya,outros descontos|flamengo|lead|triagem|sem resposta,,2026-07-31 11:51,HUMANO,Unidade fla@,TYPE_WHATSAPP,app,"Olá! aqui é a Giulia!

Sou a operadora do Laser da unidade do Flamengo e vou estar dando continuidade no seu atendimento!
Aproveite as oportunidades dos combos de Julho, válidos até 31/07! Vou te apresentar os combos:
🌸Combo 1: Virilha total + 1/2 perna: 10x de 164,80
🌸Combo 2: Virilha cavada + 1/2 perna: 10x de 152,80
🌸Combo 3: Virilha comum + 1/2 perna: 10x de 134,00
Fechando qualquer combo, ganhe de brinde: axila ou buço!

O que achou dessa oportunidade?"
maria elizabeth,,b8mZOXVLNzxmAQwTA3ya,outros descontos|flamengo|lead|triagem|sem resposta,,2026-07-31 11:51,SISTEMA,TYPE_ACTIVITY_OPPORTUNITY,TYPE_ACTIVITY_OPPORTUNITY,app,Opportunity updated
maria elizabeth,,b8mZOXVLNzxmAQwTA3ya,outros descontos|flamengo|lead|triagem|sem resposta,,2026-08-14 14:43,SISTEMA,TYPE_ACTIVITY_OPPORTUNITY,TYPE_ACTIVITY_OPPORTUNITY,app,Opportunity updated
maria elizabeth,,b8mZOXVLNzxmAQwTA3ya,outros descontos|flamengo|lead|triagem|sem resposta,,2026-08-22 10:18,HUMANO,Unidade fla@,TYPE_WHATSAPP,app,Consegui um desconto ainda melhor para você hoje. Me chama que te explico e já deixo reservado. 😊
maria erenita,,A6U1yB6z6moR7i30M3ow,outros descontos|flamengo|lead|triagem,,2026-09-24 12:53,AUTOMAÇÃO,workflow,TYPE_WHATSAPP,workflow,"Oi! Que bom te ver por aqui 🤩

Parabéns pela decisão de começar seu tratamento!

Aqui na Pello Menos usamos o HAKON 4D, que proporciona um resultado mais rápido e duradouro.

E o melhor: a ponteira é geladinha (-12°C), deixando a aplicação muito mais confortável e segura para todos os tipos de pele.

Me conta, qual o seu nome? 💬"
maria erenita,,A6U1yB6z6moR7i30M3ow,outros descontos|flamengo|lead|triagem,,2026-09-24 12:53,CLIENTE,inbound,TYPE_WHATSAPP,,"*Headline:* Conheça a Pello Menos Flamengo
*Source URL:* https://fb.me/8Um1rUPmG

Garanta seu desconto nos nossos combos no mês de Setembro."
maria erenita,,A6U1yB6z6moR7i30M3ow,outros descontos|flamengo|lead|triagem,,2026-09-24 12:53,SISTEMA,TYPE_ACTIVITY_OPPORTUNITY,TYPE_ACTIVITY_OPPORTUNITY,app,Opportunity created
maria erenita,,A6U1yB6z6moR7i30M3ow,outros descontos|flamengo|lead|triagem,,2026-09-24 13:26,HUMANO,Unidade fla@,TYPE_WHATSAPP,app,"Olá, maria

Qual a área que mais lhe incomoda?"
maria.,,F3jDLKx7ffmwAKIGh0fy,"axila r$94,90|flamengo|lead|triagem|sem resposta",,2026-06-27 12:36,AUTOMAÇÃO,workflow,TYPE_WHATSAPP,workflow,"Oi! Que bom te ver por aqui 🤩

Parabéns pela decisão de começar seu tratamento!

Aqui na Pello Menos usamos o HAKON 4D, que proporciona um resultado mais rápido e duradouro.

E o melhor: a ponteira é geladinha (-12°C), deixando a aplicação muito mais confortável e segura para todos os tipos de pele.

Me conta, qual o seu nome? 💬"
maria.,,F3jDLKx7ffmwAKIGh0fy,"axila r$94,90|flamengo|lead|triagem|sem resposta",,2026-06-27 12:36,CLIENTE,inbound,TYPE_WHATSAPP,,"*Headline:* Conheça a Pello Menos Flamengo
*Source URL:* https://www.instagram.com/p/DZ79xNCgRJ-/

Olá! Gostaria de aproveitar as 10 sessões de axila por R$94, por favor."
maria.,,F3jDLKx7ffmwAKIGh0fy,"axila r$94,90|flamengo|lead|triagem|sem resposta",,2026-06-27 12:36,SISTEMA,TYPE_ACTIVITY_OPPORTUNITY,TYPE_ACTIVITY_OPPORTUNITY,app,Opportunity created
maria.,,F3jDLKx7ffmwAKIGh0fy,"axila r$94,90|flamengo|lead|triagem|sem resposta",,2026-07-14 11:18,SISTEMA,TYPE_ACTIVITY_OPPORTUNITY,TYPE_ACTIVITY_OPPORTUNITY,app,Opportunity updated
maria.,,F3jDLKx7ffmwAKIGh0fy,"axila r$94,90|flamengo|lead|triagem|sem resposta",,2026-08-22 10:41,HUMANO,Unidade fla@,TYPE_WHATSAPP,app,"Depilação a Laser - Condição Especial

Oi! 😊 Passando para saber se você ainda tem interesse em fazer sua depilação a laser. Vi que nossa conversa acabou ficando parada e quis te chamar porque posso verificar se ainda temos uma condição especial para você. Se fizer sentido, me chama que te explico rapidinho! 💜"
marianna pires de amorim,,Xg4DpTcVizhmMoLrSrLy,3 sessões|flamengo|lead|triagem|reativado|em atendimento,,2026-07-07 14:32,AUTOMAÇÃO,workflow,TYPE_WHATSAPP,workflow,"🎉 Parabéns! Você ganhou *3 sessões grátis* de depilação a laser com a *Pello Menos.*

Com o *Laser Hacok 4D* que acelera seus resultados e tem a ponteira resfriada garantindo o conforto em cada sessão.

Para liberar seu presente, digita aqui pra mim: *qual o seu nome completo?*"
marianna pires de amorim,,Xg4DpTcVizhmMoLrSrLy,3 sessões|flamengo|lead|triagem|reativado|em atendimento,,2026-07-07 14:32,CLIENTE,inbound,TYPE_WHATSAPP,,"*Headline:* Conheça a Pello Menos Flamengo
*Source URL:* https://www.instagram.com/p/Dadlk7tA4hY/

Olá! Gostaria de resgatar o voucher das 3 sessões de axilas ou buço, por favor."
marianna pires de amorim,,Xg4DpTcVizhmMoLrSrLy,3 sessões|flamengo|lead|triagem|reativado|em atendimento,,2026-07-07 14:32,SISTEMA,TYPE_ACTIVITY_OPPORTUNITY,TYPE_ACTIVITY_OPPORTUNITY,app,Opportunity created
marianna pires de amorim,,Xg4DpTcVizhmMoLrSrLy,3 sessões|flamengo|lead|triagem|reativado|em atendimento,,2026-07-07 15:17,AUTOMAÇÃO,workflow,TYPE_WHATSAPP,workflow,"Aaah, prazer falar com você, Marianna Pires De Amorim 😍

Eu sou a assistente virtual da Pello Menos, vou te ajudar por aqui rapidinho e já te encaminho para uma de nossas especialistas.

A Pello Menos é pioneira em depilação segura há mais de 28 anos, com o Laser Hakon 4D, que atua em quatro dimensões do pelo e garante mais conforto com ponteira a -12 °C.

Para eu fazer seu cadastro e lançar seu presente no nosso sistema, digita aqui seu CPF, por favor ⬇️"
marianna pires de amorim,,Xg4DpTcVizhmMoLrSrLy,3 sessões|flamengo|lead|triagem|reativado|em atendimento,,2026-07-07 15:17,CLIENTE,inbound,TYPE_WHATSAPP,,Marianna pires de Amorim
marianna pires de amorim,,Xg4DpTcVizhmMoLrSrLy,3 sessões|flamengo|lead|triagem|reativado|em atendimento,,2026-07-07 16:37,AUTOMAÇÃO,workflow,TYPE_WHATSAPP,workflow,"Já anotei tudo aqui 💜
Agora só preciso que você me responda rapidinho sobre as contraindicações, para garantir sua segurança no tratamento, tudo bem?

1️⃣ Tem tatuagem ou cicatriz na área a ser tratada?
2️⃣ Possui pelos brancos, loiros ou ruivos na região?
3️⃣ Tem alguma doença diagnosticada? Se sim, qual?
4️⃣ Já teve algum tipo de câncer ?
5️⃣ Está usando algum medicamento atualmente?
6️⃣ Faz bronzeamento artificial com frequência?
7️⃣ Está grávida ou amamentando ?
8️⃣ Tem melasma ou outras condições na pele, como manchas ou sensibilidade?

👉 Se nenhuma das opções se aplicar a você, pode responder: ""Não para todas"". Assim, consigo Garantir o seu Presente com total segurança e tranquilidade! 😉

Só lembrando que esta é uma pre-anamnese, e quando for a loja para iniciar o seu tratamento precisará preencher a anamnese oficial com a profissional do laser ok?!"
marianna pires de amorim,,Xg4DpTcVizhmMoLrSrLy,3 sessões|flamengo|lead|triagem|reativado|em atendimento,,2026-07-07 16:37,CLIENTE,inbound,TYPE_WHATSAPP,,010.131.131-10
marianna pires de amorim,,Xg4DpTcVizhmMoLrSrLy,3 sessões|flamengo|lead|triagem|reativado|em atendimento,,2026-07-14 11:18,SISTEMA,TYPE_ACTIVITY_OPPORTUNITY,TYPE_ACTIVITY_OPPORTUNITY,app,Opportunity updated
marianna pires de amorim,,Xg4DpTcVizhmMoLrSrLy,3 sessões|flamengo|lead|triagem|reativado|em atendimento,,2026-07-21 11:06,CLIENTE,inbound,TYPE_WHATSAPP,,"*Headline:* Conheça a Pello Menos Flamengo
*Source URL:* https://www.instagram.com/p/DadlkxcAV-4/

Olá! Gostaria de resgatar o voucher das 3 sessões de axilas ou buço, por favor."
marianna pires de amorim,,Xg4DpTcVizhmMoLrSrLy,3 sessões|flamengo|lead|triagem|reativado|em atendimento,,2026-07-21 11:07,AUTOMAÇÃO,workflow,TYPE_WHATSAPP,workflow,"Perfeito! 😊
Já estou encaminhando suas informações para uma de nossas consultoras.

Enquanto isso, me conta: além da área que você ganhou de presente, tem alguma outra área que você gostaria de conhecer melhor, sem compromisso? 💜"
marianna pires de amorim,,Xg4DpTcVizhmMoLrSrLy,3 sessões|flamengo|lead|triagem|reativado|em atendimento,,2026-07-21 11:07,SISTEMA,TYPE_ACTIVITY_OPPORTUNITY,TYPE_ACTIVITY_OPPORTUNITY,app,Opportunity updated
marianna pires de amorim,,Xg4DpTcVizhmMoLrSrLy,3 sessões|flamengo|lead|triagem|reativado|em atendimento,,2026-07-29 12:11,SISTEMA,TYPE_ACTIVITY_OPPORTUNITY,TYPE_ACTIVITY_OPPORTUNITY,app,Opportunity updated
marianna pires de amorim,,Xg4DpTcVizhmMoLrSrLy,3 sessões|flamengo|lead|triagem|reativado|em atendimento,,2026-08-22 10:37,HUMANO,Unidade fla@,TYPE_WHATSAPP,app,Oi! 🙂 Falta pouco para finalizarmos seu cadastro e dar continuidade ao seu atendimento. Me chama que já deixo tudo pronto para você.
marianna pires de amorim,,Xg4DpTcVizhmMoLrSrLy,3 sessões|flamengo|lead|triagem|reativado|em atendimento,,2026-09-29 14:25,CLIENTE,inbound,TYPE_WHATSAPP,,"*Headline:* Conheça a Pello Menos Botafogo
*Source URL:* https://www.instagram.com/p/DbBpcElsb9M/

Olá! Gostaria de resgatar o voucher das 3 sessões de axilas ou buço, por favor."
marianna pires de amorim,,Xg4DpTcVizhmMoLrSrLy,3 sessões|flamengo|lead|triagem|reativado|em atendimento,,2026-09-29 14:25,SISTEMA,TYPE_ACTIVITY_OPPORTUNITY,TYPE_ACTIVITY_OPPORTUNITY,app,Opportunity updated
marina amorim romagnoli,,op56pMyXp4S5b1x7XcyO,3 sessões|flamengo|lead|triagem|vendido laser,,2026-08-01 12:29,AUTOMAÇÃO,workflow,TYPE_WHATSAPP,workflow,"🎉 Parabéns! Você ganhou *3 sessões grátis* de depilação a laser com a *Pello Menos.*

Com o *Laser Hacok 4D* que acelera seus resultados e tem a ponteira resfriada garantindo o conforto em cada sessão.

Para liberar seu presente, digita aqui pra mim: *qual o seu nome completo?*"
marina amorim romagnoli,,op56pMyXp4S5b1x7XcyO,3 sessões|flamengo|lead|triagem|vendido laser,,2026-08-01 12:29,CLIENTE,inbound,TYPE_WHATSAPP,,"*Headline:* Conheça a Pello Menos Flamengo
*Source URL:* https://www.instagram.com/p/Dadlk7tA4hY/

Olá! Gostaria de resgatar o voucher das 3 sessões de axilas ou buço, por favor."
marina amorim romagnoli,,op56pMyXp4S5b1x7XcyO,3 sessões|flamengo|lead|triagem|vendido laser,,2026-08-01 12:29,SISTEMA,TYPE_ACTIVITY_OPPORTUNITY,TYPE_ACTIVITY_OPPORTUNITY,app,Opportunity created
marina amorim romagnoli,,op56pMyXp4S5b1x7XcyO,3 sessões|flamengo|lead|triagem|vendido laser,,2026-08-01 12:30,AUTOMAÇÃO,workflow,TYPE_WHATSAPP,workflow,"Aaah, prazer falar com você, Marina Amorim Romagnoli 😍

Eu sou a assistente virtual da Pello Menos, vou te ajudar por aqui rapidinho e já te encaminho para uma de nossas especialistas.

A Pello Menos é pioneira em depilação segura há mais de 28 anos, com o Laser Hakon 4D, que atua em quatro dimensões do pelo e garante mais conforto com ponteira a -12 °C.

Para eu fazer seu cadastro e lançar seu presente no nosso sistema, digita aqui seu CPF, por favor ⬇️"
marina amorim romagnoli,,op56pMyXp4S5b1x7XcyO,3 sessões|flamengo|lead|triagem|vendido laser,,2026-08-01 12:30,AUTOMAÇÃO,workflow,TYPE_WHATSAPP,workflow,"Já anotei tudo aqui 💜
Agora só preciso que você me responda rapidinho sobre as contraindicações, para garantir sua segurança no tratamento, tudo bem?

1️⃣ Tem tatuagem ou cicatriz na área a ser tratada?
2️⃣ Possui pelos brancos, loiros ou ruivos na região?
3️⃣ Tem alguma doença diagnosticada? Se sim, qual?
4️⃣ Já teve algum tipo de câncer ?
5️⃣ Está usando algum medicamento atualmente?
6️⃣ Faz bronzeamento artificial com frequência?
7️⃣ Está grávida ou amamentando ?
8️⃣ Tem melasma ou outras condições na pele, como manchas ou sensibilidade?

👉 Se nenhuma das opções se aplicar a você, pode responder: ""Não para todas"". Assim, consigo Garantir o seu Presente com total segurança e tranquilidade! 😉

Só lembrando que esta é uma pre-anamnese, e quando for a loja para iniciar o seu tratamento precisará preencher a anamnese oficial com a profissional do laser ok?!"
marina amorim romagnoli,,op56pMyXp4S5b1x7XcyO,3 sessões|flamengo|lead|triagem|vendido laser,,2026-08-01 12:30,CLIENTE,inbound,TYPE_WHATSAPP,,Marina Amorim Romagnoli
marina amorim romagnoli,,op56pMyXp4S5b1x7XcyO,3 sessões|flamengo|lead|triagem|vendido laser,,2026-08-01 12:30,CLIENTE,inbound,TYPE_WHATSAPP,,14617833722
marina amorim romagnoli,,op56pMyXp4S5b1x7XcyO,3 sessões|flamengo|lead|triagem|vendido laser,,2026-08-01 12:31,CLIENTE,inbound,TYPE_WHATSAPP,,Não para todas
marina amorim romagnoli,,op56pMyXp4S5b1x7XcyO,3 sessões|flamengo|lead|triagem|vendido laser,,2026-08-01 12:32,AUTOMAÇÃO,workflow,TYPE_WHATSAPP,workflow,"Perfeito! 😊
Já estou encaminhando suas informações para uma de nossas consultoras.

Enquanto isso, me conta: além da área que você ganhou de presente, tem alguma outra área que você gostaria de conhecer melhor, sem compromisso? 💜"
marina amorim romagnoli,,op56pMyXp4S5b1x7XcyO,3 sessões|flamengo|lead|triagem|vendido laser,,2026-08-01 12:32,CLIENTE,inbound,TYPE_WHATSAPP,,"Não, obrigada"
marina amorim romagnoli,,op56pMyXp4S5b1x7XcyO,3 sessões|flamengo|lead|triagem|vendido laser,,2026-08-01 12:32,SISTEMA,TYPE_ACTIVITY_OPPORTUNITY,TYPE_ACTIVITY_OPPORTUNITY,app,Opportunity updated
marina amorim romagnoli,,op56pMyXp4S5b1x7XcyO,3 sessões|flamengo|lead|triagem|vendido laser,,2026-08-01 13:42,HUMANO,Unidade fla@,TYPE_WHATSAPP,app,"Olá, pra eu segui com o cadastro do seu voucher, qual seria a área, axila ou buco?"
marina amorim romagnoli,,op56pMyXp4S5b1x7XcyO,3 sessões|flamengo|lead|triagem|vendido laser,,2026-08-01 13:42,HUMANO,Unidade fla@,TYPE_WHATSAPP,app,preciso também da sua data de aniversário
marina amorim romagnoli,,op56pMyXp4S5b1x7XcyO,3 sessões|flamengo|lead|triagem|vendido laser,,2026-08-01 13:49,CLIENTE,inbound,TYPE_WHATSAPP,,Boa tarde! Seria buço. Meu aniversário é 17/12/2001
marina amorim romagnoli,,op56pMyXp4S5b1x7XcyO,3 sessões|flamengo|lead|triagem|vendido laser,,2026-08-01 13:50,CLIENTE,inbound,TYPE_WHATSAPP,,Ok!
marina amorim romagnoli,,op56pMyXp4S5b1x7XcyO,3 sessões|flamengo|lead|triagem|vendido laser,,2026-08-01 13:50,HUMANO,Unidade fla@,TYPE_WHATSAPP,app,Marina Amorim Romagnoli
marina amorim romagnoli,,op56pMyXp4S5b1x7XcyO,3 sessões|flamengo|lead|triagem|vendido laser,,2026-08-01 13:50,HUMANO,Unidade fla@,TYPE_WHATSAPP,app,vou registrar seu voucher
marina amorim romagnoli,,op56pMyXp4S5b1x7XcyO,3 sessões|flamengo|lead|triagem|vendido laser,,2026-08-01 13:57,HUMANO,Unidade fla@,TYPE_WHATSAPP,app,"Mariana, seja bem vinda ao Laser pellomenos

Nossa operadora de Laser se chama Giulia.
Chegando na unidade, ela irá dar prosseguimento ao seu cadastro e assinatura do contrato para a realização do serviço - 3 sessões buco.

Só para avisar, você tb tem um voucher para sessão de cera em nossa unidade.

Rua Marques de Abrantes, 209"
marina amorim romagnoli,,op56pMyXp4S5b1x7XcyO,3 sessões|flamengo|lead|triagem|vendido laser,,2026-08-01 13:57,HUMANO,Unidade fla@,TYPE_WHATSAPP,app,o horario para atendimento do laser é:
marina amorim romagnoli,,op56pMyXp4S5b1x7XcyO,3 sessões|flamengo|lead|triagem|vendido laser,,2026-08-01 13:58,HUMANO,Unidade fla@,TYPE_WHATSAPP,app,terca a sexta das 9:0 às 19h - sabado das 9:00 às 18h - das 13h às 14h é a hora de almoço da profissional.
marina amorim romagnoli,,op56pMyXp4S5b1x7XcyO,3 sessões|flamengo|lead|triagem|vendido laser,,2026-08-01 15:08,CLIENTE,inbound,TYPE_WHATSAPP,,"Ok, muito obrigada! Irei em breve"
marina amorim romagnoli,,op56pMyXp4S5b1x7XcyO,3 sessões|flamengo|lead|triagem|vendido laser,,2026-08-01 15:46,HUMANO,Unidade fla@,TYPE_WHATSAPP,app,ate
marina amorim romagnoli,,op56pMyXp4S5b1x7XcyO,3 sessões|flamengo|lead|triagem|vendido laser,,2026-08-08 14:13,CLIENTE,inbound,TYPE_WHATSAPP,,"*Headline:* Conheça a Pello Menos Botafogo
*Source URL:* https://www.instagram.com/p/DbwGITjMxaS/

Boa tarde! Tenho interesse na promoção de buço a laser, 10 sessões por 94,90"
marina amorim romagnoli,,op56pMyXp4S5b1x7XcyO,3 sessões|flamengo|lead|triagem|vendido laser,,2026-08-10 09:43,CLIENTE,inbound,TYPE_WHATSAPP,,"Boa tarde! Tenho interesse na promoção de buço a laser, 10 sessões por 94,90"
marina amorim romagnoli,,op56pMyXp4S5b1x7XcyO,3 sessões|flamengo|lead|triagem|vendido laser,,2026-08-10 10:06,HUMANO,Unidade fla@,TYPE_WHATSAPP,app,"Olá, seja muito bem vinda. Nossa unidade é a do Flamengo, tudo bem?"
marina amorim romagnoli,,op56pMyXp4S5b1x7XcyO,3 sessões|flamengo|lead|triagem|vendido laser,,2026-08-10 10:23,CLIENTE,inbound,TYPE_WHATSAPP,,Tudo sim! A promoção é válida aí também? 🫣
marina amorim romagnoli,,op56pMyXp4S5b1x7XcyO,3 sessões|flamengo|lead|triagem|vendido laser,,2026-08-10 10:26,CLIENTE,inbound,TYPE_WHATSAPP,,"Essa promo aqui!
[anexos: 1]"
marina amorim romagnoli,,op56pMyXp4S5b1x7XcyO,3 sessões|flamengo|lead|triagem|vendido laser,,2026-08-10 10:34,HUMANO,Unidade fla@,TYPE_WHATSAPP,app,"exatamente, este voucher é o da nossa unidade, flamengo.

Pra realizar a retirada, é preciso informar o nome completo e CPF"
marina amorim romagnoli,,op56pMyXp4S5b1x7XcyO,3 sessões|flamengo|lead|triagem|vendido laser,,2026-08-10 10:35,CLIENTE,inbound,TYPE_WHATSAPP,,"Perfeito! 🥳
Meu nome é Marina Amorim Romagnoli, CPF 14617833722"
marina amorim romagnoli,,op56pMyXp4S5b1x7XcyO,3 sessões|flamengo|lead|triagem|vendido laser,,2026-08-10 10:35,HUMANO,Unidade fla@,TYPE_WHATSAPP,app,"só preciso que você me responda rapidinho sobre as contraindicações, para garantir sua segurança no tratamento, tudo bem?

1️⃣ Tem tatuagem ou cicatriz na área a ser tratada?
2️⃣ Possui pelos brancos, loiros ou ruivos na região?
3️⃣ Tem alguma doença diagnosticada? Se sim, qual?
4️⃣ Já teve algum tipo de câncer ?
5️⃣ Está usando algum medicamento atualmente?
6️⃣ Faz bronzeamento artificial com frequência?
7️⃣ Está grávida ou amamentando ?
8️⃣ Tem melasma ou outras condições na pele, como manchas ou sensibilidade?

👉 Se nenhuma das opções se aplicar a você, pode responder: ""Não para todas"". Assim, consigo Garantir o seu Presente com total segurança e tranquilidade! 😉

Só lembrando que esta é uma pre-anamnese, e quando for a loja para iniciar o seu tratamento precisará preencher a anamnese oficial com a profissional do laser ok?!"
marina amorim romagnoli,,op56pMyXp4S5b1x7XcyO,3 sessões|flamengo|lead|triagem|vendido laser,,2026-08-10 10:36,CLIENTE,inbound,TYPE_WHATSAPP,,Não para todas
marina amorim romagnoli,,op56pMyXp4S5b1x7XcyO,3 sessões|flamengo|lead|triagem|vendido laser,,2026-08-10 10:42,HUMANO,Unidade fla@,TYPE_WHATSAPP,app,"Olá Mariana,

Ja identifiquei você em nosso cadastro
Existe um voucher de buco registrado"
marina amorim romagnoli,,op56pMyXp4S5b1x7XcyO,3 sessões|flamengo|lead|triagem|vendido laser,,2026-08-10 10:43,CLIENTE,inbound,TYPE_WHATSAPP,,"Sim, mas é o de 3 sessões grátis. Seria possível trocar por o dessa promoção? Tenho mais interesse"
marina amorim romagnoli,,op56pMyXp4S5b1x7XcyO,3 sessões|flamengo|lead|triagem|vendido laser,,2026-08-10 10:43,HUMANO,Unidade fla@,TYPE_WHATSAPP,app,"sobre a promoção, qual combo lhe interessa mais?"
marina amorim romagnoli,,op56pMyXp4S5b1x7XcyO,3 sessões|flamengo|lead|triagem|vendido laser,,2026-08-10 10:47,HUMANO,Unidade fla@,TYPE_WHATSAPP,app,"combo 1 - virilha total + intergluteos + coccix + Faixa abaixo do umbigo = 10x 83,60

combo 2 - virilha comum + axilas + buço = 10x 62,29"
marina amorim romagnoli,,op56pMyXp4S5b1x7XcyO,3 sessões|flamengo|lead|triagem|vendido laser,,2026-08-10 10:48,HUMANO,Unidade fla@,TYPE_WHATSAPP,app,"combo 3 - virilha total + perna completa + intergluteo + faixa abaixo do umbigo + coccix + pes dos dedos = 10x 253,00"
marina amorim romagnoli,,op56pMyXp4S5b1x7XcyO,3 sessões|flamengo|lead|triagem|vendido laser,,2026-08-10 10:49,CLIENTE,inbound,TYPE_WHATSAPP,,"Não seria um dos combos, mas sim a promoção de 10 sessões axila ou buço por 94,90"
marina amorim romagnoli,,op56pMyXp4S5b1x7XcyO,3 sessões|flamengo|lead|triagem|vendido laser,,2026-08-10 10:53,HUMANO,Unidade fla@,TYPE_WHATSAPP,app,"vc já tem o voucher do buco, seria axilas então?"
marina amorim romagnoli,,op56pMyXp4S5b1x7XcyO,3 sessões|flamengo|lead|triagem|vendido laser,,2026-08-10 10:54,CLIENTE,inbound,TYPE_WHATSAPP,,"Não, se possível eu gostaria de trocar 😭 Prefiro o pacote das 10 sessões de buço pagas do que 3 grátis..."
marina amorim romagnoli,,op56pMyXp4S5b1x7XcyO,3 sessões|flamengo|lead|triagem|vendido laser,,2026-08-10 10:54,CLIENTE,inbound,TYPE_WHATSAPP,,É possível realizar essa substituição no sistema? 🙏🏻
marina amorim romagnoli,,op56pMyXp4S5b1x7XcyO,3 sessões|flamengo|lead|triagem|vendido laser,,2026-08-10 10:54,HUMANO,Unidade fla@,TYPE_WHATSAPP,app,desculpa. ok
marina amorim romagnoli,,op56pMyXp4S5b1x7XcyO,3 sessões|flamengo|lead|triagem|vendido laser,,2026-08-10 10:54,HUMANO,Unidade fla@,TYPE_WHATSAPP,app,posso enviar o link?
marina amorim romagnoli,,op56pMyXp4S5b1x7XcyO,3 sessões|flamengo|lead|triagem|vendido laser,,2026-08-10 10:54,HUMANO,Unidade fla@,TYPE_WHATSAPP,app,debito ou credito?
marina amorim romagnoli,,op56pMyXp4S5b1x7XcyO,3 sessões|flamengo|lead|triagem|vendido laser,,2026-08-10 10:55,CLIENTE,inbound,TYPE_WHATSAPP,,Pode sim! Muito obrigada pela ajuda 🥰💗
marina amorim romagnoli,,op56pMyXp4S5b1x7XcyO,3 sessões|flamengo|lead|triagem|vendido laser,,2026-08-10 10:55,CLIENTE,inbound,TYPE_WHATSAPP,,É débito!
marina amorim romagnoli,,op56pMyXp4S5b1x7XcyO,3 sessões|flamengo|lead|triagem|vendido laser,,2026-08-10 10:58,HUMANO,Unidade fla@,TYPE_WHATSAPP,app,https://www.userede.com.br/pagamentos/pt/dg133j4kg
marina amorim romagnoli,,op56pMyXp4S5b1x7XcyO,3 sessões|flamengo|lead|triagem|vendido laser,,2026-08-10 10:59,HUMANO,Unidade fla@,TYPE_WHATSAPP,app,"nosso CNPJ 14.443.505.0001/35
JGB MENEZES INSTITUTO DE DEPILAÇÃO LTDA"
marina amorim romagnoli,,op56pMyXp4S5b1x7XcyO,3 sessões|flamengo|lead|triagem|vendido laser,,2026-08-10 10:59,HUMANO,Unidade fla@,TYPE_WHATSAPP,app,"Rua Marques de Abrantes, 209
Após o Hortifruti"
marina amorim romagnoli,,op56pMyXp4S5b1x7XcyO,3 sessões|flamengo|lead|triagem|vendido laser,,2026-08-10 10:59,HUMANO,Unidade fla@,TYPE_WHATSAPP,app,Vamos trocar seu voucher para axilas?
marina amorim romagnoli,,op56pMyXp4S5b1x7XcyO,3 sessões|flamengo|lead|triagem|vendido laser,,2026-08-10 11:00,CLIENTE,inbound,TYPE_WHATSAPP,,O das 3 sessões grátis? Pode ser
marina amorim romagnoli,,op56pMyXp4S5b1x7XcyO,3 sessões|flamengo|lead|triagem|vendido laser,,2026-08-10 11:00,CLIENTE,inbound,TYPE_WHATSAPP,,E aí essas 10 sessões pagas ficam para o buço 🙏🏻
marina amorim romagnoli,,op56pMyXp4S5b1x7XcyO,3 sessões|flamengo|lead|triagem|vendido laser,,2026-08-10 11:03,HUMANO,Unidade fla@,TYPE_WHATSAPP,app,"combinado.
recebido o pagamento, obrigado

Buco 10x sessoes ok.
voucher 3 sessoes axilas 

Tudo registrado.

O laser funciona de terca à sabado.
9h às 19h
sabado ate as 18H

horario de almoço, 13 às 14h"
marina amorim romagnoli,,op56pMyXp4S5b1x7XcyO,3 sessões|flamengo|lead|triagem|vendido laser,,2026-08-10 11:04,CLIENTE,inbound,TYPE_WHATSAPP,,"Eba, muito obrigada mesmo pela ajuda!! 💗💗
Nos vemos em breve!"
marina amorim romagnoli,,op56pMyXp4S5b1x7XcyO,3 sessões|flamengo|lead|triagem|vendido laser,,2026-08-10 11:05,HUMANO,Unidade fla@,TYPE_WHATSAPP,app,"imagina, eu que agradeço

Uma excelente semana. Seja bem-vinda!!"
marina amorim romagnoli,,op56pMyXp4S5b1x7XcyO,3 sessões|flamengo|lead|triagem|vendido laser,,2026-08-14 14:29,SISTEMA,TYPE_ACTIVITY_OPPORTUNITY,TYPE_ACTIVITY_OPPORTUNITY,app,Opportunity updated
mario,,aIHma3LMDThxLWcwOXGK,outros descontos|flamengo|lead|triagem,,2026-09-24 10:48,CLIENTE,inbound,TYPE_WHATSAPP,,"*Headline:* Conheça a Pello Menos Flamengo
*Source URL:* https://fb.me/4W310AlD1

Garanta seu desconto nos nossos combos no mês de Setembro."
mario,,aIHma3LMDThxLWcwOXGK,outros descontos|flamengo|lead|triagem,,2026-09-24 10:49,AUTOMAÇÃO,workflow,TYPE_WHATSAPP,workflow,"Oi! Que bom te ver por aqui 🤩

Parabéns pela decisão de começar seu tratamento!

Aqui na Pello Menos usamos o HAKON 4D, que proporciona um resultado mais rápido e duradouro.

E o melhor: a ponteira é geladinha (-12°C), deixando a aplicação muito mais confortável e segura para todos os tipos de pele.

Me conta, qual o seu nome? 💬"
mario,,aIHma3LMDThxLWcwOXGK,outros descontos|flamengo|lead|triagem,,2026-09-24 10:49,AUTOMAÇÃO,workflow,TYPE_WHATSAPP,workflow,"Aaah, prazer falar com você, Mario 😍

Muito obrigada pelas informações!
Eu sou a assistente virtual da Pello Menos, vou te ajudar por aqui rapidinho e já te encaminho para uma das nossas especialistas, tá?

Só pra você saber, a Pello Menos é pioneira em depilação feminina no Brasil, há mais de 30 anos cuidando de mulheres com excelência ✨

Vi que você clicou no nosso anúncio 👀
Me conta só uma coisinha pra gente te direcionar melhor…

Quais regiões mais te incomodam hoje e que você gostaria de se livrar dos pelinhos de vez? 💬"
mario,,aIHma3LMDThxLWcwOXGK,outros descontos|flamengo|lead|triagem,,2026-09-24 10:49,CLIENTE,inbound,TYPE_WHATSAPP,,"[sem texto]
[anexos: 1]"
mario,,aIHma3LMDThxLWcwOXGK,outros descontos|flamengo|lead|triagem,,2026-09-24 10:49,SISTEMA,TYPE_ACTIVITY_OPPORTUNITY,TYPE_ACTIVITY_OPPORTUNITY,app,Opportunity created
mario,,aIHma3LMDThxLWcwOXGK,outros descontos|flamengo|lead|triagem,,2026-09-24 13:27,HUMANO,Unidade fla@,TYPE_WHATSAPP,app,"Mario, não consigo ouvir seu audio. Me conta, qual a área que mais lhe incomoda?"
mario,,aIHma3LMDThxLWcwOXGK,outros descontos|flamengo|lead|triagem,,2026-09-24 13:49,CLIENTE,inbound,TYPE_WHATSAPP,,"[sem texto]
[anexos: 1]"
mario,,aIHma3LMDThxLWcwOXGK,outros descontos|flamengo|lead|triagem,,2026-09-24 13:51,HUMANO,Unidade fla@,TYPE_WHATSAPP,app,"não consigo ouvir o audio, a mensagem vem muito baixa. Poderia escrever, por gentileza."
marlene mezzalira,,SKnb56nWt9xWgEKA6ox8,outros descontos|flamengo|lead|triagem,,2026-09-23 13:15,AUTOMAÇÃO,workflow,TYPE_WHATSAPP,workflow,"Oi! Que bom te ver por aqui 🤩

Parabéns pela decisão de começar seu tratamento!

Aqui na Pello Menos usamos o HAKON 4D, que proporciona um resultado mais rápido e duradouro.

E o melhor: a ponteira é geladinha (-12°C), deixando a aplicação muito mais confortável e segura para todos os tipos de pele.

Me conta, qual o seu nome? 💬"
marlene mezzalira,,SKnb56nWt9xWgEKA6ox8,outros descontos|flamengo|lead|triagem,,2026-09-23 13:15,CLIENTE,inbound,TYPE_WHATSAPP,,"*Headline:* Conheça a Pello Menos Flamengo
*Source URL:* https://fb.me/4hwMuTNsG

Garanta seu desconto nos nossos combos no mês de Setembro."
marlene mezzalira,,SKnb56nWt9xWgEKA6ox8,outros descontos|flamengo|lead|triagem,,2026-09-23 13:15,SISTEMA,TYPE_ACTIVITY_OPPORTUNITY,TYPE_ACTIVITY_OPPORTUNITY,app,Opportunity created
marlene mezzalira,,SKnb56nWt9xWgEKA6ox8,outros descontos|flamengo|lead|triagem,,2026-09-23 15:57,HUMANO,Unidade fla@,TYPE_WHATSAPP,app,"Olá Marlene! aqui é a Giulia, operadora do Laser da unidade do Flamengo."
marlene mezzalira,,SKnb56nWt9xWgEKA6ox8,outros descontos|flamengo|lead|triagem,,2026-09-23 15:57,HUMANO,Unidade fla@,TYPE_WHATSAPP,app,Qual região que te incomoda hoje?
marlene oliveira de lima,,45PCtYpfEKe0y6XWhcFX,3 sessões|flamengo|lead|triagem|comanda cortesia aberta,,2026-08-04 11:33,AUTOMAÇÃO,workflow,TYPE_WHATSAPP,workflow,"🎉 Parabéns! Você ganhou *3 sessões grátis* de depilação a laser com a *Pello Menos.*

Com o *Laser Hacok 4D* que acelera seus resultados e tem a ponteira resfriada garantindo o conforto em cada sessão.

Para liberar seu presente, digita aqui pra mim: *qual o seu nome completo?*"
marlene oliveira de lima,,45PCtYpfEKe0y6XWhcFX,3 sessões|flamengo|lead|triagem|comanda cortesia aberta,,2026-08-04 11:33,CLIENTE,inbound,TYPE_WHATSAPP,,"*Headline:* Conheça a Pello Menos Flamengo
*Source URL:* https://www.instagram.com/p/DadlkxcAV-4/

Olá! Gostaria de resgatar o voucher das 3 sessões de axilas ou buço, por favor."
marlene oliveira de lima,,45PCtYpfEKe0y6XWhcFX,3 sessões|flamengo|lead|triagem|comanda cortesia aberta,,2026-08-04 11:33,SISTEMA,TYPE_ACTIVITY_OPPORTUNITY,TYPE_ACTIVITY_OPPORTUNITY,app,Opportunity created
marlene oliveira de lima,,45PCtYpfEKe0y6XWhcFX,3 sessões|flamengo|lead|triagem|comanda cortesia aberta,,2026-08-04 11:34,AUTOMAÇÃO,workflow,TYPE_WHATSAPP,workflow,"Aaah, prazer falar com você, Marlene Oliveira De Lima 😍

Eu sou a assistente virtual da Pello Menos, vou te ajudar por aqui rapidinho e já te encaminho para uma de nossas especialistas.

A Pello Menos é pioneira em depilação segura há mais de 28 anos, com o Laser Hakon 4D, que atua em quatro dimensões do pelo e garante mais conforto com ponteira a -12 °C.

Para eu fazer seu cadastro e lançar seu presente no nosso sistema, digita aqui seu CPF, por favor ⬇️"
marlene oliveira de lima,,45PCtYpfEKe0y6XWhcFX,3 sessões|flamengo|lead|triagem|comanda cortesia aberta,,2026-08-04 11:34,CLIENTE,inbound,TYPE_WHATSAPP,,Marlene Oliveira de Lima
marlene oliveira de lima,,45PCtYpfEKe0y6XWhcFX,3 sessões|flamengo|lead|triagem|comanda cortesia aberta,,2026-08-04 11:35,AUTOMAÇÃO,workflow,TYPE_WHATSAPP,workflow,"Já anotei tudo aqui 💜
Agora só preciso que você me responda rapidinho sobre as contraindicações, para garantir sua segurança no tratamento, tudo bem?

1️⃣ Tem tatuagem ou cicatriz na área a ser tratada?
2️⃣ Possui pelos brancos, loiros ou ruivos na região?
3️⃣ Tem alguma doença diagnosticada? Se sim, qual?
4️⃣ Já teve algum tipo de câncer ?
5️⃣ Está usando algum medicamento atualmente?
6️⃣ Faz bronzeamento artificial com frequência?
7️⃣ Está grávida ou amamentando ?
8️⃣ Tem melasma ou outras condições na pele, como manchas ou sensibilidade?

👉 Se nenhuma das opções se aplicar a você, pode responder: ""Não para todas"". Assim, consigo Garantir o seu Presente com total segurança e tranquilidade! 😉

Só lembrando que esta é uma pre-anamnese, e quando for a loja para iniciar o seu tratamento precisará preencher a anamnese oficial com a profissional do laser ok?!"
marlene oliveira de lima,,45PCtYpfEKe0y6XWhcFX,3 sessões|flamengo|lead|triagem|comanda cortesia aberta,,2026-08-04 11:35,CLIENTE,inbound,TYPE_WHATSAPP,,07327282742
marlene oliveira de lima,,45PCtYpfEKe0y6XWhcFX,3 sessões|flamengo|lead|triagem|comanda cortesia aberta,,2026-08-04 11:37,AUTOMAÇÃO,workflow,TYPE_WHATSAPP,workflow,"Perfeito! 😊
Já estou encaminhando suas informações para uma de nossas consultoras.

Enquanto isso, me conta: além da área que você ganhou de presente, tem alguma outra área que você gostaria de conhecer melhor, sem compromisso? 💜"
marlene oliveira de lima,,45PCtYpfEKe0y6XWhcFX,3 sessões|flamengo|lead|triagem|comanda cortesia aberta,,2026-08-04 11:37,CLIENTE,inbound,TYPE_WHATSAPP,,"Não 
Não 
Não 
Não 
Vários de pressão 
Não 

Não"
marlene oliveira de lima,,45PCtYpfEKe0y6XWhcFX,3 sessões|flamengo|lead|triagem|comanda cortesia aberta,,2026-08-04 11:37,SISTEMA,TYPE_ACTIVITY_OPPORTUNITY,TYPE_ACTIVITY_OPPORTUNITY,app,Opportunity updated
marlene oliveira de lima,,45PCtYpfEKe0y6XWhcFX,3 sessões|flamengo|lead|triagem|comanda cortesia aberta,,2026-08-04 11:38,CLIENTE,inbound,TYPE_WHATSAPP,,6 não
marlene oliveira de lima,,45PCtYpfEKe0y6XWhcFX,3 sessões|flamengo|lead|triagem|comanda cortesia aberta,,2026-08-04 14:26,CLIENTE,inbound,TYPE_WHATSAPP,,Oi
marlene oliveira de lima,,45PCtYpfEKe0y6XWhcFX,3 sessões|flamengo|lead|triagem|comanda cortesia aberta,,2026-08-04 14:26,HUMANO,Unidade fla@,TYPE_WHATSAPP,app,"Olá Marlene! aqui é a Giulia, operadora do Laser da unidade do Flamengo."
marlene oliveira de lima,,45PCtYpfEKe0y6XWhcFX,3 sessões|flamengo|lead|triagem|comanda cortesia aberta,,2026-08-04 14:26,HUMANO,Unidade fla@,TYPE_WHATSAPP,app,Sua área de interesse é buço ou axila?
marlene oliveira de lima,,45PCtYpfEKe0y6XWhcFX,3 sessões|flamengo|lead|triagem|comanda cortesia aberta,,2026-08-04 14:27,CLIENTE,inbound,TYPE_WHATSAPP,,Axilas
marlene oliveira de lima,,45PCtYpfEKe0y6XWhcFX,3 sessões|flamengo|lead|triagem|comanda cortesia aberta,,2026-08-04 14:27,CLIENTE,inbound,TYPE_WHATSAPP,,Aí é marquês de Abrantes qual o número
marlene oliveira de lima,,45PCtYpfEKe0y6XWhcFX,3 sessões|flamengo|lead|triagem|comanda cortesia aberta,,2026-08-04 14:27,HUMANO,Unidade fla@,TYPE_WHATSAPP,app,"Já registrei o seu voucher pelo sistema da nossa loja! agora só comparecer na loja para realizar as sessões.  Sem agendamentos, funcionamos sem hora marcada. ⌚Horário de funcionamento do Laser: de terça à sexta, de 9:00 às 19:00 e sábados de 9:00 às 18:00. 📍Rua Marquês de Abrantes, 209 - Flamengo"
marlene oliveira de lima,,45PCtYpfEKe0y6XWhcFX,3 sessões|flamengo|lead|triagem|comanda cortesia aberta,,2026-08-04 14:27,HUMANO,Unidade fla@,TYPE_WHATSAPP,app,209
marlene oliveira de lima,,45PCtYpfEKe0y6XWhcFX,3 sessões|flamengo|lead|triagem|comanda cortesia aberta,,2026-08-04 14:28,CLIENTE,inbound,TYPE_WHATSAPP,,Eu acho que já fiz aí vai ter algum problema
marlene oliveira de lima,,45PCtYpfEKe0y6XWhcFX,3 sessões|flamengo|lead|triagem|comanda cortesia aberta,,2026-08-04 14:30,CLIENTE,inbound,TYPE_WHATSAPP,,E flamengo ou botafogo quando coloca aqui no mapa da como botafogo
marlene oliveira de lima,,45PCtYpfEKe0y6XWhcFX,3 sessões|flamengo|lead|triagem|comanda cortesia aberta,,2026-08-04 14:42,HUMANO,Unidade fla@,TYPE_WHATSAPP,app,Flamengo
marlene oliveira de lima,,45PCtYpfEKe0y6XWhcFX,3 sessões|flamengo|lead|triagem|comanda cortesia aberta,,2026-08-04 14:47,CLIENTE,inbound,TYPE_WHATSAPP,,Mas vai ter algum probleminha se eu já fiz ai
marlene oliveira de lima,,45PCtYpfEKe0y6XWhcFX,3 sessões|flamengo|lead|triagem|comanda cortesia aberta,,2026-08-04 14:50,HUMANO,Unidade fla@,TYPE_WHATSAPP,app,A senhora já realizou laser na unidade do Flamengo?
marlene oliveira de lima,,45PCtYpfEKe0y6XWhcFX,3 sessões|flamengo|lead|triagem|comanda cortesia aberta,,2026-08-04 14:51,CLIENTE,inbound,TYPE_WHATSAPP,,Eu não lembro se é essa unidade mas fiz aí no flamengo
marlene oliveira de lima,,45PCtYpfEKe0y6XWhcFX,3 sessões|flamengo|lead|triagem|comanda cortesia aberta,,2026-08-04 14:51,CLIENTE,inbound,TYPE_WHATSAPP,,Não lembro o endereço
marlene oliveira de lima,,45PCtYpfEKe0y6XWhcFX,3 sessões|flamengo|lead|triagem|comanda cortesia aberta,,2026-08-04 14:52,HUMANO,Unidade fla@,TYPE_WHATSAPP,app,"Rua Marquês de Abrantes, 209 - Flamengo"
marlene oliveira de lima,,45PCtYpfEKe0y6XWhcFX,3 sessões|flamengo|lead|triagem|comanda cortesia aberta,,2026-08-04 14:53,HUMANO,Unidade fla@,TYPE_WHATSAPP,app,Não havia cadastro ativo no sistema. Pode vir realizar sem problemas
marlene oliveira de lima,,45PCtYpfEKe0y6XWhcFX,3 sessões|flamengo|lead|triagem|comanda cortesia aberta,,2026-08-04 14:57,CLIENTE,inbound,TYPE_WHATSAPP,,Ok obrigada
marlene oliveira de lima,,45PCtYpfEKe0y6XWhcFX,3 sessões|flamengo|lead|triagem|comanda cortesia aberta,,2026-08-04 15:07,SISTEMA,TYPE_ACTIVITY_OPPORTUNITY,TYPE_ACTIVITY_OPPORTUNITY,app,Opportunity updated
mary santos,,kAzdSfThCWRWxum8xI5T,3 sessões|flamengo|lead|triagem|reativado|sem resposta,,2026-07-27 14:40,AUTOMAÇÃO,workflow,TYPE_WHATSAPP,workflow,"🎉 Parabéns! Você ganhou *3 sessões grátis* de depilação a laser com a *Pello Menos.*

Com o *Laser Hacok 4D* que acelera seus resultados e tem a ponteira resfriada garantindo o conforto em cada sessão.

Para liberar seu presente, digita aqui pra mim: *qual o seu nome completo?*"
mary santos,,kAzdSfThCWRWxum8xI5T,3 sessões|flamengo|lead|triagem|reativado|sem resposta,,2026-07-27 14:40,CLIENTE,inbound,TYPE_WHATSAPP,,"*Headline:* Conheça a Pello Menos Flamengo
*Source URL:* https://www.instagram.com/p/Dadlk7tA4hY/

Olá! Gostaria de resgatar o voucher das 3 sessões de axilas ou buço, por favor."
mary santos,,kAzdSfThCWRWxum8xI5T,3 sessões|flamengo|lead|triagem|reativado|sem resposta,,2026-07-27 14:40,SISTEMA,TYPE_ACTIVITY_OPPORTUNITY,TYPE_ACTIVITY_OPPORTUNITY,app,Opportunity created
mary santos,,kAzdSfThCWRWxum8xI5T,3 sessões|flamengo|lead|triagem|reativado|sem resposta,,2026-07-27 15:55,CLIENTE,inbound,TYPE_WHATSAPP,,Mary santos
mary santos,,kAzdSfThCWRWxum8xI5T,3 sessões|flamengo|lead|triagem|reativado|sem resposta,,2026-07-27 15:56,AUTOMAÇÃO,workflow,TYPE_WHATSAPP,workflow,"Aaah, prazer falar com você, Mary Santos 😍

Eu sou a assistente virtual da Pello Menos, vou te ajudar por aqui rapidinho e já te encaminho para uma de nossas especialistas.

A Pello Menos é pioneira em depilação segura há mais de 28 anos, com o Laser Hakon 4D, que atua em quatro dimensões do pelo e garante mais conforto com ponteira a -12 °C.

Para eu fazer seu cadastro e lançar seu presente no nosso sistema, digita aqui seu CPF, por favor ⬇️"
mary santos,,kAzdSfThCWRWxum8xI5T,3 sessões|flamengo|lead|triagem|reativado|sem resposta,,2026-07-27 17:47,HUMANO,Unidade fla@,TYPE_WHATSAPP,app,"Olá, Maria Santos, boa noite.

Precisamos do seu CPF para te cadastrar em nosso sistema e tb que responda um questionário sobre saúde para saber se há algum impeditivo em realizar o laser."
mary santos,,kAzdSfThCWRWxum8xI5T,3 sessões|flamengo|lead|triagem|reativado|sem resposta,,2026-07-31 11:50,SISTEMA,TYPE_ACTIVITY_OPPORTUNITY,TYPE_ACTIVITY_OPPORTUNITY,app,Opportunity updated
mary santos,,kAzdSfThCWRWxum8xI5T,3 sessões|flamengo|lead|triagem|reativado|sem resposta,,2026-07-31 17:20,CLIENTE,inbound,TYPE_WHATSAPP,,"*Headline:* Conheça a Pello Menos Estrada dos Bandeirantes
*Source URL:* https://wa.me/wamo/status/preview/558002821239/120251649689860387

Olá! Gostaria de resgatar o voucher das 3 sessões de axilas ou buço, por favor."
mary santos,,kAzdSfThCWRWxum8xI5T,3 sessões|flamengo|lead|triagem|reativado|sem resposta,,2026-07-31 17:20,SISTEMA,TYPE_ACTIVITY_OPPORTUNITY,TYPE_ACTIVITY_OPPORTUNITY,app,Opportunity updated
mary santos,,kAzdSfThCWRWxum8xI5T,3 sessões|flamengo|lead|triagem|reativado|sem resposta,,2026-07-31 17:22,HUMANO,Unidade fla@,TYPE_WHATSAPP,app,"Olá Mary! aqui é a Giulia, operadora do Laser da unidade do Flamengo.  Para continuarmos, preciso concluir seu cadastro no sistema e após seu cadastro, você pode vir na unidade concluir e realizar sua sessão presente.  Pode me informar seu cpf e sua data de nascimento?"
mary santos,,kAzdSfThCWRWxum8xI5T,3 sessões|flamengo|lead|triagem|reativado|sem resposta,,2026-07-31 18:10,HUMANO,Unidade fla@,TYPE_WHATSAPP,app,"Olá, verifiquei que solicitou o voucher para a loja da estrada dos Bandeiranttes, mas em 27 de julho solicitou para o Flamengo.

So posso cadastra seu voucher na loja do Flamengo"
mary santos,,kAzdSfThCWRWxum8xI5T,3 sessões|flamengo|lead|triagem|reativado|sem resposta,,2026-08-05 14:54,CLIENTE,inbound,TYPE_WHATSAPP,,"*Headline:* Conheça a Pello Menos Botafogo
*Source URL:* https://fb.me/4JSQgLdkj

Olá! Gostaria de resgatar o voucher das 3 sessões de axilas ou buço, por favor."
mary santos,,kAzdSfThCWRWxum8xI5T,3 sessões|flamengo|lead|triagem|reativado|sem resposta,,2026-08-05 19:00,HUMANO,Unidade fla@,TYPE_WHATSAPP,app,"Aqui é a loja do Flamengo, vc gostaria de retirar seu voucher aqui?"
mary santos,,kAzdSfThCWRWxum8xI5T,3 sessões|flamengo|lead|triagem|reativado|sem resposta,,2026-08-05 19:16,CLIENTE,inbound,TYPE_WHATSAPP,,Botafogo
mary santos,,kAzdSfThCWRWxum8xI5T,3 sessões|flamengo|lead|triagem|reativado|sem resposta,,2026-08-06 18:20,HUMANO,Unidade fla@,TYPE_WHATSAPP,app,"Olá, estamos bem perto, mas caso queira retirar seu voucher na unidade de lá, aconselho a ligar para o nosso SAC"
mary santos,,kAzdSfThCWRWxum8xI5T,3 sessões|flamengo|lead|triagem|reativado|sem resposta,,2026-08-14 14:38,SISTEMA,TYPE_ACTIVITY_OPPORTUNITY,TYPE_ACTIVITY_OPPORTUNITY,app,Opportunity updated
mary santos,,kAzdSfThCWRWxum8xI5T,3 sessões|flamengo|lead|triagem|reativado|sem resposta,,2026-08-17 11:23,CLIENTE,inbound,TYPE_WHATSAPP,,"*Headline:* Conheça a Pello Menos Botafogo
*Source URL:* https://fb.me/9jkY2uB7h

Faz tratamento para todos os tipos de pele?"
mary santos,,kAzdSfThCWRWxum8xI5T,3 sessões|flamengo|lead|triagem|reativado|sem resposta,,2026-08-17 11:23,SISTEMA,TYPE_ACTIVITY_OPPORTUNITY,TYPE_ACTIVITY_OPPORTUNITY,app,Opportunity updated
mary santos,,kAzdSfThCWRWxum8xI5T,3 sessões|flamengo|lead|triagem|reativado|sem resposta,,2026-08-17 12:30,HUMANO,Unidade fla@,TYPE_WHATSAPP,app,"Olá, boa tarde.

Somos a pellomenos Flamengo.
Em nosso contato anterior vimos que busca a unidade de Botafogo.

Solicito que busque o nosso SAC para que consiga aproveitar os descontos.

Caso queira utilizar nossa unidade que se encontra na rua Marques de Abrantes, 209 - ficamos a menos de 50 metros da Praia de Botafogo - será um prazer."
mary santos,,kAzdSfThCWRWxum8xI5T,3 sessões|flamengo|lead|triagem|reativado|sem resposta,,2026-08-21 11:42,SISTEMA,TYPE_ACTIVITY_OPPORTUNITY,TYPE_ACTIVITY_OPPORTUNITY,app,Opportunity updated
mellomarinssandra,,9Uy8Lrn84TrYU2jBRMru,3 sessões|flamengo|lead|triagem|sem resposta,,2026-07-21 14:58,AUTOMAÇÃO,workflow,TYPE_WHATSAPP,workflow,"🎉 Parabéns! Você ganhou *3 sessões grátis* de depilação a laser com a *Pello Menos.*

Com o *Laser Hacok 4D* que acelera seus resultados e tem a ponteira resfriada garantindo o conforto em cada sessão.

Para liberar seu presente, digita aqui pra mim: *qual o seu nome completo?*"
mellomarinssandra,,9Uy8Lrn84TrYU2jBRMru,3 sessões|flamengo|lead|triagem|sem resposta,,2026-07-21 14:58,CLIENTE,inbound,TYPE_WHATSAPP,,"*Headline:* Conheça a Pello Menos Flamengo
*Source URL:* https://fb.me/21gUouPG6l

Olá! Gostaria de resgatar o voucher das 3 sessões de axilas ou buço, por favor."
mellomarinssandra,,9Uy8Lrn84TrYU2jBRMru,3 sessões|flamengo|lead|triagem|sem resposta,,2026-07-21 14:58,SISTEMA,TYPE_ACTIVITY_OPPORTUNITY,TYPE_ACTIVITY_OPPORTUNITY,app,Opportunity created
mellomarinssandra,,9Uy8Lrn84TrYU2jBRMru,3 sessões|flamengo|lead|triagem|sem resposta,,2026-07-22 11:26,HUMANO,Unidade fla@,TYPE_WHATSAPP,app,"Olá, bom dia 

para retirar seu voucher é necessário responder as perguntas que se darão em sequencia,
Seu nome completo, cpf, data de nascimento e responder se possui alguma questão de saude. Não se preocupe, o sistema irá apontar as perguntas na ordem"
mellomarinssandra,,9Uy8Lrn84TrYU2jBRMru,3 sessões|flamengo|lead|triagem|sem resposta,,2026-07-31 11:54,SISTEMA,TYPE_ACTIVITY_OPPORTUNITY,TYPE_ACTIVITY_OPPORTUNITY,app,Opportunity updated
mellomarinssandra,,9Uy8Lrn84TrYU2jBRMru,3 sessões|flamengo|lead|triagem|sem resposta,,2026-08-22 10:26,HUMANO,Unidade fla@,TYPE_WHATSAPP,app,Consegui um desconto ainda melhor para você hoje. Me chama que te explico e já deixo reservado. 😊
monalisa macena alves,,zPFvzk2KkQhdtWkqyDfQ,3 sessões|flamengo|lead|triagem|sem resposta,,2026-07-20 14:33,AUTOMAÇÃO,workflow,TYPE_WHATSAPP,workflow,"🎉 Parabéns! Você ganhou *3 sessões grátis* de depilação a laser com a *Pello Menos.*

Com o *Laser Hacok 4D* que acelera seus resultados e tem a ponteira resfriada garantindo o conforto em cada sessão.

Para liberar seu presente, digita aqui pra mim: *qual o seu nome completo?*"
monalisa macena alves,,zPFvzk2KkQhdtWkqyDfQ,3 sessões|flamengo|lead|triagem|sem resposta,,2026-07-20 14:33,CLIENTE,inbound,TYPE_WHATSAPP,,"*Headline:* Conheça a Pello Menos Flamengo
*Source URL:* https://www.instagram.com/p/Dadlk7tA4hY/

Olá! Gostaria de resgatar o voucher das 3 sessões de axilas ou buço, por favor."
monalisa macena alves,,zPFvzk2KkQhdtWkqyDfQ,3 sessões|flamengo|lead|triagem|sem resposta,,2026-07-20 14:33,SISTEMA,TYPE_ACTIVITY_OPPORTUNITY,TYPE_ACTIVITY_OPPORTUNITY,app,Opportunity created
monalisa macena alves,,zPFvzk2KkQhdtWkqyDfQ,3 sessões|flamengo|lead|triagem|sem resposta,,2026-07-20 14:36,AUTOMAÇÃO,workflow,TYPE_WHATSAPP,workflow,"Aaah, prazer falar com você, Monalisa Macena Alves 😍

Eu sou a assistente virtual da Pello Menos, vou te ajudar por aqui rapidinho e já te encaminho para uma de nossas especialistas.

A Pello Menos é pioneira em depilação segura há mais de 28 anos, com o Laser Hakon 4D, que atua em quatro dimensões do pelo e garante mais conforto com ponteira a -12 °C.

Para eu fazer seu cadastro e lançar seu presente no nosso sistema, digita aqui seu CPF, por favor ⬇️"
monalisa macena alves,,zPFvzk2KkQhdtWkqyDfQ,3 sessões|flamengo|lead|triagem|sem resposta,,2026-07-20 14:36,CLIENTE,inbound,TYPE_WHATSAPP,,Monalisa Macena Alves
monalisa macena alves,,zPFvzk2KkQhdtWkqyDfQ,3 sessões|flamengo|lead|triagem|sem resposta,,2026-07-20 14:38,AUTOMAÇÃO,workflow,TYPE_WHATSAPP,workflow,"Já anotei tudo aqui 💜
Agora só preciso que você me responda rapidinho sobre as contraindicações, para garantir sua segurança no tratamento, tudo bem?

1️⃣ Tem tatuagem ou cicatriz na área a ser tratada?
2️⃣ Possui pelos brancos, loiros ou ruivos na região?
3️⃣ Tem alguma doença diagnosticada? Se sim, qual?
4️⃣ Já teve algum tipo de câncer ?
5️⃣ Está usando algum medicamento atualmente?
6️⃣ Faz bronzeamento artificial com frequência?
7️⃣ Está grávida ou amamentando ?
8️⃣ Tem melasma ou outras condições na pele, como manchas ou sensibilidade?

👉 Se nenhuma das opções se aplicar a você, pode responder: ""Não para todas"". Assim, consigo Garantir o seu Presente com total segurança e tranquilidade! 😉

Só lembrando que esta é uma pre-anamnese, e quando for a loja para iniciar o seu tratamento precisará preencher a anamnese oficial com a profissional do laser ok?!"
monalisa macena alves,,zPFvzk2KkQhdtWkqyDfQ,3 sessões|flamengo|lead|triagem|sem resposta,,2026-07-20 14:38,CLIENTE,inbound,TYPE_WHATSAPP,,21739282795
monalisa macena alves,,zPFvzk2KkQhdtWkqyDfQ,3 sessões|flamengo|lead|triagem|sem resposta,,2026-07-21 10:55,HUMANO,Unidade fla@,TYPE_WHATSAPP,app,"Olá Monalisa, aqui é a Giulia, operadora do Laser da unidade do Flamengo."
monalisa macena alves,,zPFvzk2KkQhdtWkqyDfQ,3 sessões|flamengo|lead|triagem|sem resposta,,2026-07-21 10:55,HUMANO,Unidade fla@,TYPE_WHATSAPP,app,"Para continuarmos, preciso concluir seu cadastro no sistema e após seu cadastro, você pode vir na unidade concluir e realizar sua sessão presente."
monalisa macena alves,,zPFvzk2KkQhdtWkqyDfQ,3 sessões|flamengo|lead|triagem|sem resposta,,2026-07-21 10:57,HUMANO,Unidade fla@,TYPE_WHATSAPP,app,"1️⃣ Tem tatuagem ou cicatriz na área a ser tratada?
2️⃣ Possui pelos brancos, loiros ou ruivos na região?
3️⃣ Tem alguma doença diagnosticada? Se sim, qual?
4️⃣ Já teve algum tipo de câncer ?
5️⃣ Está usando algum medicamento atualmente?
6️⃣ Faz bronzeamento artificial com frequência?
7️⃣ Está grávida ou amamentando ?
8️⃣ Tem melasma ou outras condições na pele, como manchas ou sensibilidade?

👉 Se nenhuma das opções se aplicar a você, pode responder: ""Não para todas"". Assim, consigo Garantir o seu Presente com total segurança e tranquilidade! 😉"
monalisa macena alves,,zPFvzk2KkQhdtWkqyDfQ,3 sessões|flamengo|lead|triagem|sem resposta,,2026-07-21 11:00,SISTEMA,TYPE_ACTIVITY_OPPORTUNITY,TYPE_ACTIVITY_OPPORTUNITY,app,Opportunity updated
monalisa macena alves,,zPFvzk2KkQhdtWkqyDfQ,3 sessões|flamengo|lead|triagem|sem resposta,,2026-07-29 12:04,SISTEMA,TYPE_ACTIVITY_OPPORTUNITY,TYPE_ACTIVITY_OPPORTUNITY,app,Opportunity updated
monalisa macena alves,,zPFvzk2KkQhdtWkqyDfQ,3 sessões|flamengo|lead|triagem|sem resposta,,2026-08-20 12:43,SISTEMA,TYPE_ACTIVITY_OPPORTUNITY,TYPE_ACTIVITY_OPPORTUNITY,app,Opportunity updated
monalisa macena alves,,zPFvzk2KkQhdtWkqyDfQ,3 sessões|flamengo|lead|triagem|sem resposta,,2026-08-22 10:27,HUMANO,Unidade fla@,TYPE_WHATSAPP,app,Oi! 🙂 Falta pouco para finalizarmos seu cadastro e dar continuidade ao seu atendimento. Me chama que já deixo tudo pronto para você.
monica barbosa guimarães,,ovbxwqEAs2a3k13Rq1Wd,3 sessões|flamengo|lead|triagem|sem resposta,,2026-08-12 13:10,CLIENTE,inbound,TYPE_WHATSAPP,,"*Headline:* Conheça a Pello Menos Flamengo
*Source URL:* https://www.instagram.com/p/Dbs61vLgmWY/

Olá! Gostaria de resgatar o voucher das 3 sessões de axilas ou buço, por favor."
monica barbosa guimarães,,ovbxwqEAs2a3k13Rq1Wd,3 sessões|flamengo|lead|triagem|sem resposta,,2026-08-12 13:11,AUTOMAÇÃO,workflow,TYPE_WHATSAPP,workflow,"🎉 Parabéns! Você ganhou *3 sessões grátis* de depilação a laser com a *Pello Menos.*

Com o *Laser Hacok 4D* que acelera seus resultados e tem a ponteira resfriada garantindo o conforto em cada sessão.

Para liberar seu presente, digita aqui pra mim: *qual o seu nome completo?*"
monica barbosa guimarães,,ovbxwqEAs2a3k13Rq1Wd,3 sessões|flamengo|lead|triagem|sem resposta,,2026-08-12 13:11,AUTOMAÇÃO,workflow,TYPE_WHATSAPP,workflow,"Aaah, prazer falar com você, Monica Barbosa Guimarães 😍

Eu sou a assistente virtual da Pello Menos, vou te ajudar por aqui rapidinho e já te encaminho para uma de nossas especialistas.

A Pello Menos é pioneira em depilação segura há mais de 28 anos, com o Laser Hakon 4D, que atua em quatro dimensões do pelo e garante mais conforto com ponteira a -12 °C.

Para eu fazer seu cadastro e lançar seu presente no nosso sistema, digita aqui seu CPF, por favor ⬇️"
monica barbosa guimarães,,ovbxwqEAs2a3k13Rq1Wd,3 sessões|flamengo|lead|triagem|sem resposta,,2026-08-12 13:11,AUTOMAÇÃO,workflow,TYPE_WHATSAPP,workflow,"Já anotei tudo aqui 💜
Agora só preciso que você me responda rapidinho sobre as contraindicações, para garantir sua segurança no tratamento, tudo bem?

1️⃣ Tem tatuagem ou cicatriz na área a ser tratada?
2️⃣ Possui pelos brancos, loiros ou ruivos na região?
3️⃣ Tem alguma doença diagnosticada? Se sim, qual?
4️⃣ Já teve algum tipo de câncer ?
5️⃣ Está usando algum medicamento atualmente?
6️⃣ Faz bronzeamento artificial com frequência?
7️⃣ Está grávida ou amamentando ?
8️⃣ Tem melasma ou outras condições na pele, como manchas ou sensibilidade?

👉 Se nenhuma das opções se aplicar a você, pode responder: ""Não para todas"". Assim, consigo Garantir o seu Presente com total segurança e tranquilidade! 😉

Só lembrando que esta é uma pre-anamnese, e quando for a loja para iniciar o seu tratamento precisará preencher a anamnese oficial com a profissional do laser ok?!"
monica barbosa guimarães,,ovbxwqEAs2a3k13Rq1Wd,3 sessões|flamengo|lead|triagem|sem resposta,,2026-08-12 13:11,CLIENTE,inbound,TYPE_WHATSAPP,,Monica Barbosa Guimarães
monica barbosa guimarães,,ovbxwqEAs2a3k13Rq1Wd,3 sessões|flamengo|lead|triagem|sem resposta,,2026-08-12 13:11,CLIENTE,inbound,TYPE_WHATSAPP,,Onde fica
monica barbosa guimarães,,ovbxwqEAs2a3k13Rq1Wd,3 sessões|flamengo|lead|triagem|sem resposta,,2026-08-12 13:11,SISTEMA,TYPE_ACTIVITY_OPPORTUNITY,TYPE_ACTIVITY_OPPORTUNITY,app,Opportunity created
monica barbosa guimarães,,ovbxwqEAs2a3k13Rq1Wd,3 sessões|flamengo|lead|triagem|sem resposta,,2026-08-12 17:30,HUMANO,Unidade fla@,TYPE_WHATSAPP,app,"Boa tarde, o voucher é exclusivo para a unidade do Flamengo: Rua Marquês de Abrantes 209"
monica barbosa guimarães,,ovbxwqEAs2a3k13Rq1Wd,3 sessões|flamengo|lead|triagem|sem resposta,,2026-08-12 17:31,HUMANO,Unidade fla@,TYPE_WHATSAPP,app,"Para continuarmos, preciso concluir seu cadastro no sistema e após seu cadastro, você pode vir na unidade concluir e realizar sua sessão presente.

Pode me informar sua data de nascimento e cpf?"
monica barbosa guimarães,,ovbxwqEAs2a3k13Rq1Wd,3 sessões|flamengo|lead|triagem|sem resposta,,2026-08-12 17:36,CLIENTE,inbound,TYPE_WHATSAPP,,16/2/75
monica barbosa guimarães,,ovbxwqEAs2a3k13Rq1Wd,3 sessões|flamengo|lead|triagem|sem resposta,,2026-08-12 17:37,CLIENTE,inbound,TYPE_WHATSAPP,,E de graça
monica barbosa guimarães,,ovbxwqEAs2a3k13Rq1Wd,3 sessões|flamengo|lead|triagem|sem resposta,,2026-08-12 17:37,CLIENTE,inbound,TYPE_WHATSAPP,,?
monica barbosa guimarães,,ovbxwqEAs2a3k13Rq1Wd,3 sessões|flamengo|lead|triagem|sem resposta,,2026-08-12 17:52,HUMANO,Unidade fla@,TYPE_WHATSAPP,app,Preciso do celular ou cpf para cadastro no sistema.
monica barbosa guimarães,,ovbxwqEAs2a3k13Rq1Wd,3 sessões|flamengo|lead|triagem|sem resposta,,2026-08-12 17:53,CLIENTE,inbound,TYPE_WHATSAPP,,???
monica barbosa guimarães,,ovbxwqEAs2a3k13Rq1Wd,3 sessões|flamengo|lead|triagem|sem resposta,,2026-08-12 17:53,HUMANO,Unidade fla@,TYPE_WHATSAPP,app,3 sessões gratuitas
monica barbosa guimarães,,ovbxwqEAs2a3k13Rq1Wd,3 sessões|flamengo|lead|triagem|sem resposta,,2026-08-12 17:54,CLIENTE,inbound,TYPE_WHATSAPP,,07927718770
monica barbosa guimarães,,ovbxwqEAs2a3k13Rq1Wd,3 sessões|flamengo|lead|triagem|sem resposta,,2026-08-12 17:57,CLIENTE,inbound,TYPE_WHATSAPP,,Axila
monica barbosa guimarães,,ovbxwqEAs2a3k13Rq1Wd,3 sessões|flamengo|lead|triagem|sem resposta,,2026-08-12 17:57,HUMANO,Unidade fla@,TYPE_WHATSAPP,app,Seria buço ou axila?
monica barbosa guimarães,,ovbxwqEAs2a3k13Rq1Wd,3 sessões|flamengo|lead|triagem|sem resposta,,2026-08-12 17:58,CLIENTE,inbound,TYPE_WHATSAPP,,Obrigada
monica barbosa guimarães,,ovbxwqEAs2a3k13Rq1Wd,3 sessões|flamengo|lead|triagem|sem resposta,,2026-08-12 17:58,HUMANO,Unidade fla@,TYPE_WHATSAPP,app,"Já realizei o cadastro, agora só comparecer na loja para finalizar e realizar as sessões.

Sem agendamentos, funcionamos sem hora marcada.
Horário de funcionamento do Laser: de terça à sexta, de 9:00 às 19:00 e sábados de 9:00 às 18:00.
Rua Marquês de Abrantes, 209 - Flamengo"
monica barbosa guimarães,,ovbxwqEAs2a3k13Rq1Wd,3 sessões|flamengo|lead|triagem|sem resposta,,2026-08-12 17:59,CLIENTE,inbound,TYPE_WHATSAPP,,Teria outra loja
monica barbosa guimarães,,ovbxwqEAs2a3k13Rq1Wd,3 sessões|flamengo|lead|triagem|sem resposta,,2026-08-12 17:59,HUMANO,Unidade fla@,TYPE_WHATSAPP,app,O voucher é exclusivo para a unidade do Flamengo.
monica barbosa guimarães,,ovbxwqEAs2a3k13Rq1Wd,3 sessões|flamengo|lead|triagem|sem resposta,,2026-08-14 14:49,SISTEMA,TYPE_ACTIVITY_OPPORTUNITY,TYPE_ACTIVITY_OPPORTUNITY,app,Opportunity updated
márcia cristina0,,zcVDzWb6EMLd3lJlLqkR,3 sessões|flamengo|lead|triagem|sem resposta,,2026-07-21 13:13,AUTOMAÇÃO,workflow,TYPE_WHATSAPP,workflow,"🎉 Parabéns! Você ganhou *3 sessões grátis* de depilação a laser com a *Pello Menos.*

Com o *Laser Hacok 4D* que acelera seus resultados e tem a ponteira resfriada garantindo o conforto em cada sessão.

Para liberar seu presente, digita aqui pra mim: *qual o seu nome completo?*"
márcia cristina0,,zcVDzWb6EMLd3lJlLqkR,3 sessões|flamengo|lead|triagem|sem resposta,,2026-07-21 13:13,CLIENTE,inbound,TYPE_WHATSAPP,,"*Headline:* Conheça a Pello Menos Flamengo
*Source URL:* https://fb.me/69wP2o0It

Olá! Gostaria de resgatar o voucher das 3 sessões de axilas ou buço, por favor."
márcia cristina0,,zcVDzWb6EMLd3lJlLqkR,3 sessões|flamengo|lead|triagem|sem resposta,,2026-07-21 13:14,CLIENTE,inbound,TYPE_WHATSAPP,,Quanto é so depilar as pernas boa tarde
márcia cristina0,,zcVDzWb6EMLd3lJlLqkR,3 sessões|flamengo|lead|triagem|sem resposta,,2026-07-21 13:15,SISTEMA,TYPE_ACTIVITY_OPPORTUNITY,TYPE_ACTIVITY_OPPORTUNITY,app,Opportunity created
márcia cristina0,,zcVDzWb6EMLd3lJlLqkR,3 sessões|flamengo|lead|triagem|sem resposta,,2026-07-21 14:46,HUMANO,Unidade fla@,TYPE_WHATSAPP,app,"Olá, boa tarde"
márcia cristina0,,zcVDzWb6EMLd3lJlLqkR,3 sessões|flamengo|lead|triagem|sem resposta,,2026-07-21 14:50,HUMANO,Unidade fla@,TYPE_WHATSAPP,app,"Estamos com uma ótima oportunidade para perna inteira!
Perna inteira com 50% de desconto: de 4.235,00 por apenas 10x de 211,75!"
márcia cristina0,,zcVDzWb6EMLd3lJlLqkR,3 sessões|flamengo|lead|triagem|sem resposta,,2026-07-21 14:51,HUMANO,Unidade fla@,TYPE_WHATSAPP,app,"O que achou da oportunidade, Márcia?"
márcia cristina0,,zcVDzWb6EMLd3lJlLqkR,3 sessões|flamengo|lead|triagem|sem resposta,,2026-07-31 11:55,SISTEMA,TYPE_ACTIVITY_OPPORTUNITY,TYPE_ACTIVITY_OPPORTUNITY,app,Opportunity updated
márcia cristina0,,zcVDzWb6EMLd3lJlLqkR,3 sessões|flamengo|lead|triagem|sem resposta,,2026-08-22 10:26,HUMANO,Unidade fla@,TYPE_WHATSAPP,app,Consegui um desconto ainda melhor para você hoje. Me chama que te explico e já deixo reservado. 😊
natilia pontes 💋,,R82IM0noIcZ8SdlybjrF,outros descontos|flamengo|lead|triagem,,2026-09-11 13:42,AUTOMAÇÃO,workflow,TYPE_WHATSAPP,workflow,"Oi! Que bom te ver por aqui 🤩

Parabéns pela decisão de começar seu tratamento!

Aqui na Pello Menos usamos o HAKON 4D, que proporciona um resultado mais rápido e duradouro.

E o melhor: a ponteira é geladinha (-12°C), deixando a aplicação muito mais confortável e segura para todos os tipos de pele.

Me conta, qual o seu nome? 💬"
natilia pontes 💋,,R82IM0noIcZ8SdlybjrF,outros descontos|flamengo|lead|triagem,,2026-09-11 13:42,CLIENTE,inbound,TYPE_WHATSAPP,,"*Headline:* Conheça a Pello Menos Flamengo
*Source URL:* https://fb.me/7pCbUN7V1

Garanta seu desconto nos nossos combos no mês de Setembro."
natilia pontes 💋,,R82IM0noIcZ8SdlybjrF,outros descontos|flamengo|lead|triagem,,2026-09-11 13:42,SISTEMA,TYPE_ACTIVITY_OPPORTUNITY,TYPE_ACTIVITY_OPPORTUNITY,app,Opportunity created
natilia pontes 💋,,R82IM0noIcZ8SdlybjrF,outros descontos|flamengo|lead|triagem,,2026-09-11 13:53,HUMANO,Unidade fla@,TYPE_WHATSAPP,app,"Olá, seja bem-vinda.

Para dar sequência a retirada do seu voucher, poderia responder nosso sistema para dar sequencia ao atendimento."
olá. aonde. fica,,xeUxSeN6Z5aqa6QK8GYE,3 sessões|flamengo|lead|triagem|sem resposta,,2026-08-12 14:36,CLIENTE,inbound,TYPE_WHATSAPP,,"*Headline:* Conheça a Pello Menos Flamengo
*Source URL:* https://fb.me/4RKMjtw0f

Olá! Gostaria de resgatar o voucher das 3 sessões de axilas ou buço, por favor."
olá. aonde. fica,,xeUxSeN6Z5aqa6QK8GYE,3 sessões|flamengo|lead|triagem|sem resposta,,2026-08-12 14:37,AUTOMAÇÃO,workflow,TYPE_WHATSAPP,workflow,"🎉 Parabéns! Você ganhou *3 sessões grátis* de depilação a laser com a *Pello Menos.*

Com o *Laser Hacok 4D* que acelera seus resultados e tem a ponteira resfriada garantindo o conforto em cada sessão.

Para liberar seu presente, digita aqui pra mim: *qual o seu nome completo?*"
olá. aonde. fica,,xeUxSeN6Z5aqa6QK8GYE,3 sessões|flamengo|lead|triagem|sem resposta,,2026-08-12 14:37,SISTEMA,TYPE_ACTIVITY_OPPORTUNITY,TYPE_ACTIVITY_OPPORTUNITY,app,Opportunity created
olá. aonde. fica,,xeUxSeN6Z5aqa6QK8GYE,3 sessões|flamengo|lead|triagem|sem resposta,,2026-08-12 14:39,AUTOMAÇÃO,workflow,TYPE_WHATSAPP,workflow,"Aaah, prazer falar com você, Olá. Aonde. Fica 😍

Eu sou a assistente virtual da Pello Menos, vou te ajudar por aqui rapidinho e já te encaminho para uma de nossas especialistas.

A Pello Menos é pioneira em depilação segura há mais de 28 anos, com o Laser Hakon 4D, que atua em quatro dimensões do pelo e garante mais conforto com ponteira a -12 °C.

Para eu fazer seu cadastro e lançar seu presente no nosso sistema, digita aqui seu CPF, por favor ⬇️"
olá. aonde. fica,,xeUxSeN6Z5aqa6QK8GYE,3 sessões|flamengo|lead|triagem|sem resposta,,2026-08-12 14:39,CLIENTE,inbound,TYPE_WHATSAPP,,Olá. Aonde. Fica
olá. aonde. fica,,xeUxSeN6Z5aqa6QK8GYE,3 sessões|flamengo|lead|triagem|sem resposta,,2026-08-12 14:45,AUTOMAÇÃO,workflow,TYPE_WHATSAPP,workflow,"Já anotei tudo aqui 💜
Agora só preciso que você me responda rapidinho sobre as contraindicações, para garantir sua segurança no tratamento, tudo bem?

1️⃣ Tem tatuagem ou cicatriz na área a ser tratada?
2️⃣ Possui pelos brancos, loiros ou ruivos na região?
3️⃣ Tem alguma doença diagnosticada? Se sim, qual?
4️⃣ Já teve algum tipo de câncer ?
5️⃣ Está usando algum medicamento atualmente?
6️⃣ Faz bronzeamento artificial com frequência?
7️⃣ Está grávida ou amamentando ?
8️⃣ Tem melasma ou outras condições na pele, como manchas ou sensibilidade?

👉 Se nenhuma das opções se aplicar a você, pode responder: ""Não para todas"". Assim, consigo Garantir o seu Presente com total segurança e tranquilidade! 😉

Só lembrando que esta é uma pre-anamnese, e quando for a loja para iniciar o seu tratamento precisará preencher a anamnese oficial com a profissional do laser ok?!"
olá. aonde. fica,,xeUxSeN6Z5aqa6QK8GYE,3 sessões|flamengo|lead|triagem|sem resposta,,2026-08-12 14:45,CLIENTE,inbound,TYPE_WHATSAPP,,"[sem texto]
[anexos: 1]"
olá. aonde. fica,,xeUxSeN6Z5aqa6QK8GYE,3 sessões|flamengo|lead|triagem|sem resposta,,2026-08-12 17:28,HUMANO,Unidade fla@,TYPE_WHATSAPP,app,"Boa tarde, o voucher é exclusivo para a unidade do Flamengo: Rua Marquês de Abrantes 209"
olá. aonde. fica,,xeUxSeN6Z5aqa6QK8GYE,3 sessões|flamengo|lead|triagem|sem resposta,,2026-08-14 14:47,SISTEMA,TYPE_ACTIVITY_OPPORTUNITY,TYPE_ACTIVITY_OPPORTUNITY,app,Opportunity updated
paloma,,5HUTIenaAA2uyQr5DDIH,3 sessões|flamengo|lead|triagem|sem resposta,,2026-08-05 09:17,AUTOMAÇÃO,workflow,TYPE_WHATSAPP,workflow,"🎉 Parabéns! Você ganhou *3 sessões grátis* de depilação a laser com a *Pello Menos.*

Com o *Laser Hacok 4D* que acelera seus resultados e tem a ponteira resfriada garantindo o conforto em cada sessão.

Para liberar seu presente, digita aqui pra mim: *qual o seu nome completo?*"
paloma,,5HUTIenaAA2uyQr5DDIH,3 sessões|flamengo|lead|triagem|sem resposta,,2026-08-05 09:17,CLIENTE,inbound,TYPE_WHATSAPP,,"*Headline:* Conheça a Pello Menos Flamengo
*Source URL:* https://wa.me/wamo/status/preview/558002821239/120250021877840326

Olá! Gostaria de resgatar o voucher das 3 sessões de axilas ou buço, por favor."
paloma,,5HUTIenaAA2uyQr5DDIH,3 sessões|flamengo|lead|triagem|sem resposta,,2026-08-05 09:17,SISTEMA,TYPE_ACTIVITY_OPPORTUNITY,TYPE_ACTIVITY_OPPORTUNITY,app,Opportunity created
paloma,,5HUTIenaAA2uyQr5DDIH,3 sessões|flamengo|lead|triagem|sem resposta,,2026-08-05 12:48,HUMANO,Unidade fla@,TYPE_WHATSAPP,app,"Olá! aqui é a Giulia, operadora do Laser da unidade do Flamengo.

Para continuarmos, preciso concluir seu cadastro no sistema e após seu cadastro, você pode vir na unidade realizar sua sessão presente.

Pode me informar seu nome completo, cpf e data de nascimento?"
paloma,,5HUTIenaAA2uyQr5DDIH,3 sessões|flamengo|lead|triagem|sem resposta,,2026-08-14 15:07,SISTEMA,TYPE_ACTIVITY_OPPORTUNITY,TYPE_ACTIVITY_OPPORTUNITY,app,Opportunity updated
paloma,,5HUTIenaAA2uyQr5DDIH,3 sessões|flamengo|lead|triagem|sem resposta,,2026-08-21 12:40,HUMANO,Unidade fla@,TYPE_WHATSAPP,app,Sua condição ainda está disponível no momento. Me chama para garantir. 😊
patrícia oliveira,,8lpZVCXrMFbKIbWHJohH,flamengo|lead|triagem,,2026-08-31 09:38,CLIENTE,inbound,TYPE_WHATSAPP,,"*Headline:* Conheça a Pello Menos Flamengo
*Source URL:* https://www.instagram.com/p/Dbv7ZDzAD2M/

Bom dia! Tudo bem? Meu nome é Patrícia e Gostaria de saber valores para depilação à laser. Área é coxa e glúteo"
patrícia oliveira,,8lpZVCXrMFbKIbWHJohH,flamengo|lead|triagem,,2026-08-31 09:39,SISTEMA,TYPE_ACTIVITY_OPPORTUNITY,TYPE_ACTIVITY_OPPORTUNITY,app,Opportunity created
patrícia oliveira,,8lpZVCXrMFbKIbWHJohH,flamengo|lead|triagem,,2026-08-31 19:01,HUMANO,Unidade fla@,TYPE_WHATSAPP,app,"Ola, seja bem vinda, Patricia
Boa noite

Estamos com uma promoção de 55% de desconto. 
A coxa sai por 989,96, podendo ser em até 10x
Glúteo (nadegas) - 553,91 em até 10x"
patrícia oliveira,,8lpZVCXrMFbKIbWHJohH,flamengo|lead|triagem,,2026-08-31 19:04,HUMANO,Unidade fla@,TYPE_WHATSAPP,app,"Para dar continuidade, só preciso que você me responda rapidinho sobre as contraindicações, e garantir sua segurança no tratamento, tudo bem?

1️⃣ Tem tatuagem ou cicatriz na área a ser tratada?
2️⃣ Possui pelos brancos, loiros ou ruivos na região?
3️⃣ Tem alguma doença diagnosticada? Se sim, qual?
4️⃣ Já teve algum tipo de câncer ?
5️⃣ Está usando algum medicamento atualmente?
6️⃣ Faz bronzeamento artificial com frequência?
7️⃣ Está grávida ou amamentando ?
8️⃣ Tem melasma ou outras condições na pele, como manchas ou sensibilidade?

👉 Se nenhuma das opções se aplicar a você, pode responder: ""Não para todas"". Assim, consigo Garantir o seu Presente com total segurança e tranquilidade! 😉

Só lembrando que esta é uma pre-anamnese, e quando for a loja para iniciar o seu tratamento precisará preencher a anamnese oficial com a profissional do laser ok?!"
paula,,67CeD8m2sBPSl6gKJDoG,"axila r$94,90|flamengo|lead|triagem",,2026-09-15 16:38,AUTOMAÇÃO,workflow,TYPE_WHATSAPP,workflow,"Oi! Que bom te ver por aqui 🤩

Parabéns pela decisão de começar seu tratamento!

Aqui na Pello Menos usamos o HAKON 4D, que proporciona um resultado mais rápido e duradouro.

E o melhor: a ponteira é geladinha (-12°C), deixando a aplicação muito mais confortável e segura para todos os tipos de pele.

Me conta, qual o seu nome? 💬"
paula,,67CeD8m2sBPSl6gKJDoG,"axila r$94,90|flamengo|lead|triagem",,2026-09-15 16:38,CLIENTE,inbound,TYPE_WHATSAPP,,"*Headline:* Conheça a Pello Menos Flamengo
*Source URL:* https://fb.me/4sHoe0MS0

Olá! Gostaria de aproveitar as 10 sessões de axila por R$94, por favor."
paula,,67CeD8m2sBPSl6gKJDoG,"axila r$94,90|flamengo|lead|triagem",,2026-09-15 16:38,SISTEMA,TYPE_ACTIVITY_OPPORTUNITY,TYPE_ACTIVITY_OPPORTUNITY,app,Opportunity created
paula,,67CeD8m2sBPSl6gKJDoG,"axila r$94,90|flamengo|lead|triagem",,2026-09-15 18:11,HUMANO,Unidade fla@,TYPE_WHATSAPP,app,"Olá Paula! aqui é a Giulia, operadora do Laser da unidade do Flamengo."
paula,,67CeD8m2sBPSl6gKJDoG,"axila r$94,90|flamengo|lead|triagem",,2026-09-15 18:11,HUMANO,Unidade fla@,TYPE_WHATSAPP,app,"Para continuarmos, preciso concluir seu cadastro no sistema e após seu cadastro, você pode vir na unidade realizar sua sessão presente."
paula,,67CeD8m2sBPSl6gKJDoG,"axila r$94,90|flamengo|lead|triagem",,2026-09-15 18:13,HUMANO,Unidade fla@,TYPE_WHATSAPP,app,"Pode me informar sua data de nascimento, cpf e nome completo?"
paula ferreira,,PZEbtoNPsQhSBpK2JUCm,"axila r$94,90|flamengo|lead|triagem|sem resposta",,2026-08-06 09:06,AUTOMAÇÃO,workflow,TYPE_WHATSAPP,workflow,"Oi! Que bom te ver por aqui 🤩

Parabéns pela decisão de começar seu tratamento!

Aqui na Pello Menos usamos o HAKON 4D, que proporciona um resultado mais rápido e duradouro.

E o melhor: a ponteira é geladinha (-12°C), deixando a aplicação muito mais confortável e segura para todos os tipos de pele.

Me conta, qual o seu nome? 💬"
paula ferreira,,PZEbtoNPsQhSBpK2JUCm,"axila r$94,90|flamengo|lead|triagem|sem resposta",,2026-08-06 09:06,AUTOMAÇÃO,workflow,TYPE_WHATSAPP,workflow,"Aaah, prazer falar com você, Paula Ferreira 😍

Muito obrigada pelas informações!
Eu sou a assistente virtual da Pello Menos, vou te ajudar por aqui rapidinho e já te encaminho para uma das nossas especialistas, tá?

Só pra você saber, a Pello Menos é pioneira em depilação feminina no Brasil, há mais de 30 anos cuidando de mulheres com excelência ✨

Vi que você clicou no nosso anúncio de 10 sessões da axila por R$94,90 👀
Me conta só uma coisinha pra gente te direcionar melhor…

Além da Axila, existem outras regiões que te incomodam hoje e que você gostaria de se livrar dos pelinhos de vez? 💬"
paula ferreira,,PZEbtoNPsQhSBpK2JUCm,"axila r$94,90|flamengo|lead|triagem|sem resposta",,2026-08-06 09:06,CLIENTE,inbound,TYPE_WHATSAPP,,"*Headline:* Conheça a Pello Menos Flamengo
*Source URL:* https://www.instagram.com/p/DZ79xBTgugn/

Olá! Gostaria de aproveitar as 10 sessões de axila por R$94, por favor."
paula ferreira,,PZEbtoNPsQhSBpK2JUCm,"axila r$94,90|flamengo|lead|triagem|sem resposta",,2026-08-06 09:06,CLIENTE,inbound,TYPE_WHATSAPP,,Paula
paula ferreira,,PZEbtoNPsQhSBpK2JUCm,"axila r$94,90|flamengo|lead|triagem|sem resposta",,2026-08-06 09:06,SISTEMA,TYPE_ACTIVITY_OPPORTUNITY,TYPE_ACTIVITY_OPPORTUNITY,app,Opportunity created
paula ferreira,,PZEbtoNPsQhSBpK2JUCm,"axila r$94,90|flamengo|lead|triagem|sem resposta",,2026-08-06 09:07,AUTOMAÇÃO,workflow,TYPE_WHATSAPP,workflow,"Perfeito! 😊
Já estou encaminhando suas informações para nossa consultora. 💜"
paula ferreira,,PZEbtoNPsQhSBpK2JUCm,"axila r$94,90|flamengo|lead|triagem|sem resposta",,2026-08-06 09:07,CLIENTE,inbound,TYPE_WHATSAPP,,Virilha
paula ferreira,,PZEbtoNPsQhSBpK2JUCm,"axila r$94,90|flamengo|lead|triagem|sem resposta",,2026-08-06 09:07,SISTEMA,TYPE_ACTIVITY_OPPORTUNITY,TYPE_ACTIVITY_OPPORTUNITY,app,Opportunity updated
paula ferreira,,PZEbtoNPsQhSBpK2JUCm,"axila r$94,90|flamengo|lead|triagem|sem resposta",,2026-08-06 10:20,HUMANO,Unidade fla@,TYPE_WHATSAPP,app,"Olá Paula! aqui é a Giulia, operadora do Laser da unidade do Flamengo. Vou estar dando continuidade no seu atendimento!

Vou te apresentar as condições especiais do mês de Agosto para axila e virilha!
🌸Combo 1: Virilha total + Faixa (umbigo): 10x de 83,60
🌸Combo 2: Virilha comum + Axila: 10x de 62,29 
🌸Combo 3: Virilha total + Faixa (umbigo) + perna inteira: 10x de 253,00"
paula ferreira,,PZEbtoNPsQhSBpK2JUCm,"axila r$94,90|flamengo|lead|triagem|sem resposta",,2026-08-06 10:21,HUMANO,Unidade fla@,TYPE_WHATSAPP,app,O que achou da oportunidade?
paula ferreira,,PZEbtoNPsQhSBpK2JUCm,"axila r$94,90|flamengo|lead|triagem|sem resposta",,2026-08-06 10:24,CLIENTE,inbound,TYPE_WHATSAPP,,O q significa faixa ( umbigo)?
paula ferreira,,PZEbtoNPsQhSBpK2JUCm,"axila r$94,90|flamengo|lead|triagem|sem resposta",,2026-08-06 10:26,CLIENTE,inbound,TYPE_WHATSAPP,,"Virilha total significa, virilha toda até a parte de trás, é isso ?"
paula ferreira,,PZEbtoNPsQhSBpK2JUCm,"axila r$94,90|flamengo|lead|triagem|sem resposta",,2026-08-06 10:29,HUMANO,Unidade fla@,TYPE_WHATSAPP,app,Isso mesmo!
paula ferreira,,PZEbtoNPsQhSBpK2JUCm,"axila r$94,90|flamengo|lead|triagem|sem resposta",,2026-08-06 10:30,HUMANO,Unidade fla@,TYPE_WHATSAPP,app,É a linha de pelos que liga o final do umbigo à parte frontal da virilha
paula ferreira,,PZEbtoNPsQhSBpK2JUCm,"axila r$94,90|flamengo|lead|triagem|sem resposta",,2026-08-06 10:32,CLIENTE,inbound,TYPE_WHATSAPP,,"Esse combo 1, é só cartão ou eu pago conforme eu for fazendo?"
paula ferreira,,PZEbtoNPsQhSBpK2JUCm,"axila r$94,90|flamengo|lead|triagem|sem resposta",,2026-08-06 10:38,HUMANO,Unidade fla@,TYPE_WHATSAPP,app,"Você pode pagar no recorrente, com uma entrada via link de pagamento, e as demais quando vier na loja, cadastrar o cartão. Ou 10x sem juros no cartão de crédito."
paula ferreira,,PZEbtoNPsQhSBpK2JUCm,"axila r$94,90|flamengo|lead|triagem|sem resposta",,2026-08-14 14:27,SISTEMA,TYPE_ACTIVITY_OPPORTUNITY,TYPE_ACTIVITY_OPPORTUNITY,app,Opportunity updated
paula ferreira,,PZEbtoNPsQhSBpK2JUCm,"axila r$94,90|flamengo|lead|triagem|sem resposta",,2026-08-21 12:38,HUMANO,Unidade fla@,TYPE_WHATSAPP,app,Sua condição ainda está disponível no momento. Me chama para garantir. 😊
poxa e muito longe eu moro em campo grande,,AChucuUQ5MKjQXEhtW57,3 sessões|flamengo|lead|triagem|sem resposta,,2026-08-01 09:54,AUTOMAÇÃO,workflow,TYPE_WHATSAPP,workflow,"🎉 Parabéns! Você ganhou *3 sessões grátis* de depilação a laser com a *Pello Menos.*

Com o *Laser Hacok 4D* que acelera seus resultados e tem a ponteira resfriada garantindo o conforto em cada sessão.

Para liberar seu presente, digita aqui pra mim: *qual o seu nome completo?*"
poxa e muito longe eu moro em campo grande,,AChucuUQ5MKjQXEhtW57,3 sessões|flamengo|lead|triagem|sem resposta,,2026-08-01 09:54,CLIENTE,inbound,TYPE_WHATSAPP,,"*Headline:* Conheça a Pello Menos Flamengo
*Source URL:* https://wa.me/wamo/status/preview/558002821239/120250021877840326

Olá! Gostaria de resgatar o voucher das 3 sessões de axilas ou buço, por favor."
poxa e muito longe eu moro em campo grande,,AChucuUQ5MKjQXEhtW57,3 sessões|flamengo|lead|triagem|sem resposta,,2026-08-01 09:54,SISTEMA,TYPE_ACTIVITY_OPPORTUNITY,TYPE_ACTIVITY_OPPORTUNITY,app,Opportunity created
poxa e muito longe eu moro em campo grande,,AChucuUQ5MKjQXEhtW57,3 sessões|flamengo|lead|triagem|sem resposta,,2026-08-01 10:20,AUTOMAÇÃO,workflow,TYPE_WHATSAPP,workflow,"Aaah, prazer falar com você, Poxa E Muito Longe Eu Moro Em Campo Grande 😍

Eu sou a assistente virtual da Pello Menos, vou te ajudar por aqui rapidinho e já te encaminho para uma de nossas especialistas.

A Pello Menos é pioneira em depilação segura há mais de 28 anos, com o Laser Hakon 4D, que atua em quatro dimensões do pelo e garante mais conforto com ponteira a -12 °C.

Para eu fazer seu cadastro e lançar seu presente no nosso sistema, digita aqui seu CPF, por favor ⬇️"
poxa e muito longe eu moro em campo grande,,AChucuUQ5MKjQXEhtW57,3 sessões|flamengo|lead|triagem|sem resposta,,2026-08-01 10:20,CLIENTE,inbound,TYPE_WHATSAPP,,Poxa e muito longe eu moro em campo grande
poxa e muito longe eu moro em campo grande,,AChucuUQ5MKjQXEhtW57,3 sessões|flamengo|lead|triagem|sem resposta,,2026-08-01 10:24,AUTOMAÇÃO,workflow,TYPE_WHATSAPP,workflow,"Já anotei tudo aqui 💜
Agora só preciso que você me responda rapidinho sobre as contraindicações, para garantir sua segurança no tratamento, tudo bem?

1️⃣ Tem tatuagem ou cicatriz na área a ser tratada?
2️⃣ Possui pelos brancos, loiros ou ruivos na região?
3️⃣ Tem alguma doença diagnosticada? Se sim, qual?
4️⃣ Já teve algum tipo de câncer ?
5️⃣ Está usando algum medicamento atualmente?
6️⃣ Faz bronzeamento artificial com frequência?
7️⃣ Está grávida ou amamentando ?
8️⃣ Tem melasma ou outras condições na pele, como manchas ou sensibilidade?

👉 Se nenhuma das opções se aplicar a você, pode responder: ""Não para todas"". Assim, consigo Garantir o seu Presente com total segurança e tranquilidade! 😉

Só lembrando que esta é uma pre-anamnese, e quando for a loja para iniciar o seu tratamento precisará preencher a anamnese oficial com a profissional do laser ok?!"
poxa e muito longe eu moro em campo grande,,AChucuUQ5MKjQXEhtW57,3 sessões|flamengo|lead|triagem|sem resposta,,2026-08-01 10:24,AUTOMAÇÃO,workflow,TYPE_WHATSAPP,workflow,"Perfeito! 😊
Já estou encaminhando suas informações para uma de nossas consultoras.

Enquanto isso, me conta: além da área que você ganhou de presente, tem alguma outra área que você gostaria de conhecer melhor, sem compromisso? 💜"
poxa e muito longe eu moro em campo grande,,AChucuUQ5MKjQXEhtW57,3 sessões|flamengo|lead|triagem|sem resposta,,2026-08-01 10:24,CLIENTE,inbound,TYPE_WHATSAPP,,Meu nome é Glaucia Cruz
poxa e muito longe eu moro em campo grande,,AChucuUQ5MKjQXEhtW57,3 sessões|flamengo|lead|triagem|sem resposta,,2026-08-01 10:24,CLIENTE,inbound,TYPE_WHATSAPP,,11566645786
poxa e muito longe eu moro em campo grande,,AChucuUQ5MKjQXEhtW57,3 sessões|flamengo|lead|triagem|sem resposta,,2026-08-01 10:24,SISTEMA,TYPE_ACTIVITY_OPPORTUNITY,TYPE_ACTIVITY_OPPORTUNITY,app,Opportunity updated
poxa e muito longe eu moro em campo grande,,AChucuUQ5MKjQXEhtW57,3 sessões|flamengo|lead|triagem|sem resposta,,2026-08-01 14:26,HUMANO,Unidade fla@,TYPE_WHATSAPP,app,"ola Glaucia,  está utilizando o voucher na unidade Flamengo, podemos prosseguir?"
poxa e muito longe eu moro em campo grande,,AChucuUQ5MKjQXEhtW57,3 sessões|flamengo|lead|triagem|sem resposta,,2026-08-01 14:27,CLIENTE,inbound,TYPE_WHATSAPP,,"Não, muito longe"
poxa e muito longe eu moro em campo grande,,AChucuUQ5MKjQXEhtW57,3 sessões|flamengo|lead|triagem|sem resposta,,2026-08-01 14:28,HUMANO,Unidade fla@,TYPE_WHATSAPP,app,"Entendi, é pq vc clicou em nossa propaganda novamente.  Sugiro que entre no site da pellomenos ou ligue para o nosso sac"
poxa e muito longe eu moro em campo grande,,AChucuUQ5MKjQXEhtW57,3 sessões|flamengo|lead|triagem|sem resposta,,2026-08-01 14:29,HUMANO,Unidade fla@,TYPE_WHATSAPP,app,0800 282 1233
poxa e muito longe eu moro em campo grande,,AChucuUQ5MKjQXEhtW57,3 sessões|flamengo|lead|triagem|sem resposta,,2026-08-14 14:30,SISTEMA,TYPE_ACTIVITY_OPPORTUNITY,TYPE_ACTIVITY_OPPORTUNITY,app,Opportunity updated
qual o endereço,,7ESXCVKb3McjeflKsZgd,3 sessões|flamengo|lead|triagem,,2026-09-04 11:38,AUTOMAÇÃO,workflow,TYPE_WHATSAPP,workflow,"🎉 Parabéns! Você ganhou *3 sessões grátis* de depilação a laser com a *Pello Menos.*

Com o *Laser Hacok 4D* que acelera seus resultados e tem a ponteira resfriada garantindo o conforto em cada sessão.

Para liberar seu presente, digita aqui pra mim: *qual o seu nome completo?*"
qual o endereço,,7ESXCVKb3McjeflKsZgd,3 sessões|flamengo|lead|triagem,,2026-09-04 11:38,AUTOMAÇÃO,workflow,TYPE_WHATSAPP,workflow,"Aaah, prazer falar com você, Qual O Endereço 😍

Eu sou a assistente virtual da Pello Menos, vou te ajudar por aqui rapidinho e já te encaminho para uma de nossas especialistas.

A Pello Menos é pioneira em depilação segura há mais de 28 anos, com o Laser Hakon 4D, que atua em quatro dimensões do pelo e garante mais conforto com ponteira a -12 °C.

Para eu fazer seu cadastro e lançar seu presente no nosso sistema, digita aqui seu CPF, por favor ⬇️"
qual o endereço,,7ESXCVKb3McjeflKsZgd,3 sessões|flamengo|lead|triagem,,2026-09-04 11:38,CLIENTE,inbound,TYPE_WHATSAPP,,"*Headline:* Conheça a Pello Menos Flamengo
*Source URL:* https://www.instagram.com/p/Dbs61vLgmWY/

Olá! Gostaria de resgatar o voucher das 3 sessões de axilas ou buço, por favor."
qual o endereço,,7ESXCVKb3McjeflKsZgd,3 sessões|flamengo|lead|triagem,,2026-09-04 11:38,CLIENTE,inbound,TYPE_WHATSAPP,,Qual o endereço
qual o endereço,,7ESXCVKb3McjeflKsZgd,3 sessões|flamengo|lead|triagem,,2026-09-04 11:38,SISTEMA,TYPE_ACTIVITY_OPPORTUNITY,TYPE_ACTIVITY_OPPORTUNITY,app,Opportunity created
qual o endereço,,7ESXCVKb3McjeflKsZgd,3 sessões|flamengo|lead|triagem,,2026-09-04 12:09,HUMANO,Unidade fla@,TYPE_WHATSAPP,app,"aqui é rua Marques de Abrantes, 209"
qual o endereço,,7ESXCVKb3McjeflKsZgd,3 sessões|flamengo|lead|triagem,,2026-09-04 12:10,HUMANO,Unidade fla@,TYPE_WHATSAPP,app,"Para confirmar seu voucher, preciso que me informe"
qual o endereço,,7ESXCVKb3McjeflKsZgd,3 sessões|flamengo|lead|triagem,,2026-09-04 12:10,HUMANO,Unidade fla@,TYPE_WHATSAPP,app,"- nome completo
- cpf

e que respondas as perguntas relacionada a saúde."
quanto custa face completa,,dpp2v1MXfuQ9WTmkpTgy,3 sessões|flamengo|lead|triagem|sem resposta,,2026-07-10 11:30,AUTOMAÇÃO,workflow,TYPE_WHATSAPP,workflow,"🎉 Parabéns! Você ganhou *3 sessões grátis* de depilação a laser com a *Pello Menos.*

Com o *Laser Hacok 4D* que acelera seus resultados e tem a ponteira resfriada garantindo o conforto em cada sessão.

Para liberar seu presente, digita aqui pra mim: *qual o seu nome completo?*"
quanto custa face completa,,dpp2v1MXfuQ9WTmkpTgy,3 sessões|flamengo|lead|triagem|sem resposta,,2026-07-10 11:30,CLIENTE,inbound,TYPE_WHATSAPP,,"*Headline:* Conheça a Pello Menos Flamengo
*Source URL:* https://fb.me/5rjwyxXQq

Olá! Gostaria de resgatar o voucher das 3 sessões de axilas ou buço, por favor."
quanto custa face completa,,dpp2v1MXfuQ9WTmkpTgy,3 sessões|flamengo|lead|triagem|sem resposta,,2026-07-10 11:30,SISTEMA,TYPE_ACTIVITY_OPPORTUNITY,TYPE_ACTIVITY_OPPORTUNITY,app,Opportunity created
quanto custa face completa,,dpp2v1MXfuQ9WTmkpTgy,3 sessões|flamengo|lead|triagem|sem resposta,,2026-07-10 15:17,AUTOMAÇÃO,workflow,TYPE_WHATSAPP,workflow,"Aaah, prazer falar com você, Quanto Custa Face Completa 😍

Eu sou a assistente virtual da Pello Menos, vou te ajudar por aqui rapidinho e já te encaminho para uma de nossas especialistas.

A Pello Menos é pioneira em depilação segura há mais de 28 anos, com o Laser Hakon 4D, que atua em quatro dimensões do pelo e garante mais conforto com ponteira a -12 °C.

Para eu fazer seu cadastro e lançar seu presente no nosso sistema, digita aqui seu CPF, por favor ⬇️"
quanto custa face completa,,dpp2v1MXfuQ9WTmkpTgy,3 sessões|flamengo|lead|triagem|sem resposta,,2026-07-10 15:17,AUTOMAÇÃO,workflow,TYPE_WHATSAPP,workflow,"Já anotei tudo aqui 💜
Agora só preciso que você me responda rapidinho sobre as contraindicações, para garantir sua segurança no tratamento, tudo bem?

1️⃣ Tem tatuagem ou cicatriz na área a ser tratada?
2️⃣ Possui pelos brancos, loiros ou ruivos na região?
3️⃣ Tem alguma doença diagnosticada? Se sim, qual?
4️⃣ Já teve algum tipo de câncer ?
5️⃣ Está usando algum medicamento atualmente?
6️⃣ Faz bronzeamento artificial com frequência?
7️⃣ Está grávida ou amamentando ?
8️⃣ Tem melasma ou outras condições na pele, como manchas ou sensibilidade?

👉 Se nenhuma das opções se aplicar a você, pode responder: ""Não para todas"". Assim, consigo Garantir o seu Presente com total segurança e tranquilidade! 😉

Só lembrando que esta é uma pre-anamnese, e quando for a loja para iniciar o seu tratamento precisará preencher a anamnese oficial com a profissional do laser ok?!"
quanto custa face completa,,dpp2v1MXfuQ9WTmkpTgy,3 sessões|flamengo|lead|triagem|sem resposta,,2026-07-10 15:17,CLIENTE,inbound,TYPE_WHATSAPP,,quanto custa face completa
quanto custa face completa,,dpp2v1MXfuQ9WTmkpTgy,3 sessões|flamengo|lead|triagem|sem resposta,,2026-07-10 15:17,CLIENTE,inbound,TYPE_WHATSAPP,,?
quanto custa face completa,,dpp2v1MXfuQ9WTmkpTgy,3 sessões|flamengo|lead|triagem|sem resposta,,2026-07-10 17:26,HUMANO,Unidade fla@,TYPE_WHATSAPP,app,"Olá, aqui é a Giulia, operadora do Laser da unidade do Flamengo.

Estamos com uma ótima oportunidade esse mês!
❤️Rosto completo: de 1.445,00 por 10x de 72,25"
quanto custa face completa,,dpp2v1MXfuQ9WTmkpTgy,3 sessões|flamengo|lead|triagem|sem resposta,,2026-07-10 17:26,HUMANO,Unidade fla@,TYPE_WHATSAPP,app,O que achou dessa oportunidade?
quanto custa face completa,,dpp2v1MXfuQ9WTmkpTgy,3 sessões|flamengo|lead|triagem|sem resposta,,2026-07-14 11:14,SISTEMA,TYPE_ACTIVITY_OPPORTUNITY,TYPE_ACTIVITY_OPPORTUNITY,app,Opportunity updated
quanto custa face completa,,dpp2v1MXfuQ9WTmkpTgy,3 sessões|flamengo|lead|triagem|sem resposta,,2026-08-22 10:37,HUMANO,Unidade fla@,TYPE_WHATSAPP,app,Consegui um desconto ainda melhor para você hoje. Me chama que te explico e já deixo reservado. 😊
queren,,ydIVx23zcuidDxv1pPOI,3 sessões|flamengo|lead|triagem|sem resposta,,2026-07-07 11:41,AUTOMAÇÃO,workflow,TYPE_WHATSAPP,workflow,"🎉 Parabéns! Você ganhou *3 sessões grátis* de depilação a laser com a *Pello Menos.*

Com o *Laser Hacok 4D* que acelera seus resultados e tem a ponteira resfriada garantindo o conforto em cada sessão.

Para liberar seu presente, digita aqui pra mim: *qual o seu nome completo?*"
queren,,ydIVx23zcuidDxv1pPOI,3 sessões|flamengo|lead|triagem|sem resposta,,2026-07-07 11:41,CLIENTE,inbound,TYPE_WHATSAPP,,"*Headline:* Conheça a Pello Menos Flamengo
*Source URL:* https://www.instagram.com/p/Dadlk7tA4hY/

Olá! Gostaria de resgatar o voucher das 3 sessões de axilas ou buço, por favor."
queren,,ydIVx23zcuidDxv1pPOI,3 sessões|flamengo|lead|triagem|sem resposta,,2026-07-07 11:41,SISTEMA,TYPE_ACTIVITY_OPPORTUNITY,TYPE_ACTIVITY_OPPORTUNITY,app,Opportunity created
queren,,ydIVx23zcuidDxv1pPOI,3 sessões|flamengo|lead|triagem|sem resposta,,2026-07-07 14:24,HUMANO,Unidade fla@,TYPE_WHATSAPP,app,"Olá, boa tarde.
Podemos dar continuidade ao processo?"
queren,,ydIVx23zcuidDxv1pPOI,3 sessões|flamengo|lead|triagem|sem resposta,,2026-07-14 11:15,SISTEMA,TYPE_ACTIVITY_OPPORTUNITY,TYPE_ACTIVITY_OPPORTUNITY,app,Opportunity updated
queren,,ydIVx23zcuidDxv1pPOI,3 sessões|flamengo|lead|triagem|sem resposta,,2026-08-22 10:39,HUMANO,Unidade fla@,TYPE_WHATSAPP,app,Oi! 🙂 Falta pouco para finalizarmos seu cadastro e dar continuidade ao seu atendimento. Me chama que já deixo tudo pronto para você.
rebeka braune,,i7PnAJUpI9Jrptx1AsU0,3 sessões|flamengo|lead|triagem|sem resposta,,2026-08-12 13:57,AUTOMAÇÃO,workflow,TYPE_WHATSAPP,workflow,"🎉 Parabéns! Você ganhou *3 sessões grátis* de depilação a laser com a *Pello Menos.*

Com o *Laser Hacok 4D* que acelera seus resultados e tem a ponteira resfriada garantindo o conforto em cada sessão.

Para liberar seu presente, digita aqui pra mim: *qual o seu nome completo?*"
rebeka braune,,i7PnAJUpI9Jrptx1AsU0,3 sessões|flamengo|lead|triagem|sem resposta,,2026-08-12 13:57,CLIENTE,inbound,TYPE_WHATSAPP,,"*Headline:* Conheça a Pello Menos Flamengo
*Source URL:* https://www.instagram.com/p/Dbs61vLgmWY/

Olá! Gostaria de resgatar o voucher das 3 sessões de axilas ou buço, por favor."
rebeka braune,,i7PnAJUpI9Jrptx1AsU0,3 sessões|flamengo|lead|triagem|sem resposta,,2026-08-12 13:57,SISTEMA,TYPE_ACTIVITY_OPPORTUNITY,TYPE_ACTIVITY_OPPORTUNITY,app,Opportunity created
rebeka braune,,i7PnAJUpI9Jrptx1AsU0,3 sessões|flamengo|lead|triagem|sem resposta,,2026-08-12 13:58,AUTOMAÇÃO,workflow,TYPE_WHATSAPP,workflow,"Aaah, prazer falar com você, Rebeka Braune 😍

Eu sou a assistente virtual da Pello Menos, vou te ajudar por aqui rapidinho e já te encaminho para uma de nossas especialistas.

A Pello Menos é pioneira em depilação segura há mais de 28 anos, com o Laser Hakon 4D, que atua em quatro dimensões do pelo e garante mais conforto com ponteira a -12 °C.

Para eu fazer seu cadastro e lançar seu presente no nosso sistema, digita aqui seu CPF, por favor ⬇️"
rebeka braune,,i7PnAJUpI9Jrptx1AsU0,3 sessões|flamengo|lead|triagem|sem resposta,,2026-08-12 13:58,CLIENTE,inbound,TYPE_WHATSAPP,,Rebeka Braune
rebeka braune,,i7PnAJUpI9Jrptx1AsU0,3 sessões|flamengo|lead|triagem|sem resposta,,2026-08-12 17:29,HUMANO,Unidade fla@,TYPE_WHATSAPP,app,"Olá! aqui é a Giulia, operadora do Laser da unidade do Flamengo.

Para continuarmos, preciso concluir seu cadastro no sistema e após seu cadastro, você pode vir na unidade concluir e realizar sua sessão presente."
rebeka braune,,i7PnAJUpI9Jrptx1AsU0,3 sessões|flamengo|lead|triagem|sem resposta,,2026-08-12 17:30,HUMANO,Unidade fla@,TYPE_WHATSAPP,app,Pode me informar seu cpf e data de nascimento?
rebeka braune,,i7PnAJUpI9Jrptx1AsU0,3 sessões|flamengo|lead|triagem|sem resposta,,2026-08-12 17:48,CLIENTE,inbound,TYPE_WHATSAPP,,15/01985
rebeka braune,,i7PnAJUpI9Jrptx1AsU0,3 sessões|flamengo|lead|triagem|sem resposta,,2026-08-12 17:49,CLIENTE,inbound,TYPE_WHATSAPP,,Posso informar pessoalmente quando eu for à unidade
rebeka braune,,i7PnAJUpI9Jrptx1AsU0,3 sessões|flamengo|lead|triagem|sem resposta,,2026-08-12 17:54,HUMANO,Unidade fla@,TYPE_WHATSAPP,app,Preciso do celular ou cpf para cadastro no sistema.
rebeka braune,,i7PnAJUpI9Jrptx1AsU0,3 sessões|flamengo|lead|triagem|sem resposta,,2026-08-14 14:48,SISTEMA,TYPE_ACTIVITY_OPPORTUNITY,TYPE_ACTIVITY_OPPORTUNITY,app,Opportunity updated
ronice gomes de jesus arcanjo,,IEqvPHCft3bjS64te1oN,3 sessões|flamengo|lead|triagem|comanda cortesia aberta,,2026-08-04 09:50,AUTOMAÇÃO,workflow,TYPE_WHATSAPP,workflow,"🎉 Parabéns! Você ganhou *3 sessões grátis* de depilação a laser com a *Pello Menos.*

Com o *Laser Hacok 4D* que acelera seus resultados e tem a ponteira resfriada garantindo o conforto em cada sessão.

Para liberar seu presente, digita aqui pra mim: *qual o seu nome completo?*"
ronice gomes de jesus arcanjo,,IEqvPHCft3bjS64te1oN,3 sessões|flamengo|lead|triagem|comanda cortesia aberta,,2026-08-04 09:50,CLIENTE,inbound,TYPE_WHATSAPP,,"*Headline:* Conheça a Pello Menos Flamengo
*Source URL:* https://www.instagram.com/p/DadlkxcAV-4/

Olá! Gostaria de resgatar o voucher das 3 sessões de axilas ou buço, por favor."
ronice gomes de jesus arcanjo,,IEqvPHCft3bjS64te1oN,3 sessões|flamengo|lead|triagem|comanda cortesia aberta,,2026-08-04 09:50,SISTEMA,TYPE_ACTIVITY_OPPORTUNITY,TYPE_ACTIVITY_OPPORTUNITY,app,Opportunity created
ronice gomes de jesus arcanjo,,IEqvPHCft3bjS64te1oN,3 sessões|flamengo|lead|triagem|comanda cortesia aberta,,2026-08-04 09:56,AUTOMAÇÃO,workflow,TYPE_WHATSAPP,workflow,"Aaah, prazer falar com você, Ronice Gomes De Jesus Arcanjo 😍

Eu sou a assistente virtual da Pello Menos, vou te ajudar por aqui rapidinho e já te encaminho para uma de nossas especialistas.

A Pello Menos é pioneira em depilação segura há mais de 28 anos, com o Laser Hakon 4D, que atua em quatro dimensões do pelo e garante mais conforto com ponteira a -12 °C.

Para eu fazer seu cadastro e lançar seu presente no nosso sistema, digita aqui seu CPF, por favor ⬇️"
ronice gomes de jesus arcanjo,,IEqvPHCft3bjS64te1oN,3 sessões|flamengo|lead|triagem|comanda cortesia aberta,,2026-08-04 09:56,CLIENTE,inbound,TYPE_WHATSAPP,,Ronice Gomes de Jesus Arcanjo
ronice gomes de jesus arcanjo,,IEqvPHCft3bjS64te1oN,3 sessões|flamengo|lead|triagem|comanda cortesia aberta,,2026-08-04 09:57,AUTOMAÇÃO,workflow,TYPE_WHATSAPP,workflow,"Já anotei tudo aqui 💜
Agora só preciso que você me responda rapidinho sobre as contraindicações, para garantir sua segurança no tratamento, tudo bem?

1️⃣ Tem tatuagem ou cicatriz na área a ser tratada?
2️⃣ Possui pelos brancos, loiros ou ruivos na região?
3️⃣ Tem alguma doença diagnosticada? Se sim, qual?
4️⃣ Já teve algum tipo de câncer ?
5️⃣ Está usando algum medicamento atualmente?
6️⃣ Faz bronzeamento artificial com frequência?
7️⃣ Está grávida ou amamentando ?
8️⃣ Tem melasma ou outras condições na pele, como manchas ou sensibilidade?

👉 Se nenhuma das opções se aplicar a você, pode responder: ""Não para todas"". Assim, consigo Garantir o seu Presente com total segurança e tranquilidade! 😉

Só lembrando que esta é uma pre-anamnese, e quando for a loja para iniciar o seu tratamento precisará preencher a anamnese oficial com a profissional do laser ok?!"
ronice gomes de jesus arcanjo,,IEqvPHCft3bjS64te1oN,3 sessões|flamengo|lead|triagem|comanda cortesia aberta,,2026-08-04 09:57,AUTOMAÇÃO,workflow,TYPE_WHATSAPP,workflow,"Perfeito! 😊
Já estou encaminhando suas informações para uma de nossas consultoras.

Enquanto isso, me conta: além da área que você ganhou de presente, tem alguma outra área que você gostaria de conhecer melhor, sem compromisso? 💜"
ronice gomes de jesus arcanjo,,IEqvPHCft3bjS64te1oN,3 sessões|flamengo|lead|triagem|comanda cortesia aberta,,2026-08-04 09:57,CLIENTE,inbound,TYPE_WHATSAPP,,80197930620
ronice gomes de jesus arcanjo,,IEqvPHCft3bjS64te1oN,3 sessões|flamengo|lead|triagem|comanda cortesia aberta,,2026-08-04 09:57,CLIENTE,inbound,TYPE_WHATSAPP,,Não
ronice gomes de jesus arcanjo,,IEqvPHCft3bjS64te1oN,3 sessões|flamengo|lead|triagem|comanda cortesia aberta,,2026-08-04 09:57,CLIENTE,inbound,TYPE_WHATSAPP,,Não
ronice gomes de jesus arcanjo,,IEqvPHCft3bjS64te1oN,3 sessões|flamengo|lead|triagem|comanda cortesia aberta,,2026-08-04 09:57,SISTEMA,TYPE_ACTIVITY_OPPORTUNITY,TYPE_ACTIVITY_OPPORTUNITY,app,Opportunity updated
ronice gomes de jesus arcanjo,,IEqvPHCft3bjS64te1oN,3 sessões|flamengo|lead|triagem|comanda cortesia aberta,,2026-08-04 12:54,CLIENTE,inbound,TYPE_WHATSAPP,,Oiii
ronice gomes de jesus arcanjo,,IEqvPHCft3bjS64te1oN,3 sessões|flamengo|lead|triagem|comanda cortesia aberta,,2026-08-04 14:18,HUMANO,Unidade fla@,TYPE_WHATSAPP,app,"Olá! aqui é a Giulia, operadora do Laser da unidade do Flamengo."
ronice gomes de jesus arcanjo,,IEqvPHCft3bjS64te1oN,3 sessões|flamengo|lead|triagem|comanda cortesia aberta,,2026-08-04 14:18,HUMANO,Unidade fla@,TYPE_WHATSAPP,app,Sua área de interesse é buço ou axila?
ronice gomes de jesus arcanjo,,IEqvPHCft3bjS64te1oN,3 sessões|flamengo|lead|triagem|comanda cortesia aberta,,2026-08-04 14:29,CLIENTE,inbound,TYPE_WHATSAPP,,Axila
ronice gomes de jesus arcanjo,,IEqvPHCft3bjS64te1oN,3 sessões|flamengo|lead|triagem|comanda cortesia aberta,,2026-08-04 14:29,CLIENTE,inbound,TYPE_WHATSAPP,,Tem em Copacabana?
ronice gomes de jesus arcanjo,,IEqvPHCft3bjS64te1oN,3 sessões|flamengo|lead|triagem|comanda cortesia aberta,,2026-08-04 14:42,HUMANO,Unidade fla@,TYPE_WHATSAPP,app,O voucher é exclusivo para a unidade do Flamengo
ronice gomes de jesus arcanjo,,IEqvPHCft3bjS64te1oN,3 sessões|flamengo|lead|triagem|comanda cortesia aberta,,2026-08-04 14:51,CLIENTE,inbound,TYPE_WHATSAPP,,Qual o endereço?
ronice gomes de jesus arcanjo,,IEqvPHCft3bjS64te1oN,3 sessões|flamengo|lead|triagem|comanda cortesia aberta,,2026-08-04 14:52,HUMANO,Unidade fla@,TYPE_WHATSAPP,app,"Rua Marquês de Abrantes, 209 - Flamengo"
ronice gomes de jesus arcanjo,,IEqvPHCft3bjS64te1oN,3 sessões|flamengo|lead|triagem|comanda cortesia aberta,,2026-08-04 14:54,CLIENTE,inbound,TYPE_WHATSAPP,,É perto do metrô? Tem ponto de referência?
ronice gomes de jesus arcanjo,,IEqvPHCft3bjS64te1oN,3 sessões|flamengo|lead|triagem|comanda cortesia aberta,,2026-08-04 14:55,HUMANO,Unidade fla@,TYPE_WHATSAPP,app,"Sim, é perto do metrô. Loja ao lado da Domino´s."
ronice gomes de jesus arcanjo,,IEqvPHCft3bjS64te1oN,3 sessões|flamengo|lead|triagem|comanda cortesia aberta,,2026-08-04 15:11,HUMANO,Unidade fla@,TYPE_WHATSAPP,app,"Já registrei o seu voucher pelo sistema da nossa loja! agora só comparecer na loja para realizar as sessões.

Sem agendamentos, funcionamos sem hora marcada.
⌚Horário de funcionamento do Laser: de terça à sexta, de 9:00 às 19:00 e sábados de 9:00 às 18:00.
📍Rua Marquês de Abrantes, 209 - Flamengo"
ronice gomes de jesus arcanjo,,IEqvPHCft3bjS64te1oN,3 sessões|flamengo|lead|triagem|comanda cortesia aberta,,2026-08-04 15:19,CLIENTE,inbound,TYPE_WHATSAPP,,Ok
ronice gomes de jesus arcanjo,,IEqvPHCft3bjS64te1oN,3 sessões|flamengo|lead|triagem|comanda cortesia aberta,,2026-08-04 15:19,CLIENTE,inbound,TYPE_WHATSAPP,,Obrigada
ronice gomes de jesus arcanjo,,IEqvPHCft3bjS64te1oN,3 sessões|flamengo|lead|triagem|comanda cortesia aberta,,2026-08-04 15:24,SISTEMA,TYPE_ACTIVITY_OPPORTUNITY,TYPE_ACTIVITY_OPPORTUNITY,app,Opportunity updated
ronice gomes de jesus arcanjo,,IEqvPHCft3bjS64te1oN,3 sessões|flamengo|lead|triagem|comanda cortesia aberta,,2026-08-08 10:09,CLIENTE,inbound,TYPE_WHATSAPP,,Oi
ronice gomes de jesus arcanjo,,IEqvPHCft3bjS64te1oN,3 sessões|flamengo|lead|triagem|comanda cortesia aberta,,2026-08-08 10:09,CLIENTE,inbound,TYPE_WHATSAPP,,Vou na sexta-feira dia 14
ronice gomes de jesus arcanjo,,IEqvPHCft3bjS64te1oN,3 sessões|flamengo|lead|triagem|comanda cortesia aberta,,2026-08-08 10:10,CLIENTE,inbound,TYPE_WHATSAPP,,Preciso dar mome lá ou qualquer comprovante?
ronice gomes de jesus arcanjo,,IEqvPHCft3bjS64te1oN,3 sessões|flamengo|lead|triagem|comanda cortesia aberta,,2026-08-08 11:36,CLIENTE,inbound,TYPE_WHATSAPP,,Ok
ronice gomes de jesus arcanjo,,IEqvPHCft3bjS64te1oN,3 sessões|flamengo|lead|triagem|comanda cortesia aberta,,2026-08-08 11:36,HUMANO,Unidade fla@,TYPE_WHATSAPP,app,Bom dia! Só comparecer na loja e informar o seu cpf.
rosangela,,xnbodEd6HusCQWzX0tch,flamengo|lead|triagem|reativado|outros descontos|em atendimento,,2026-08-13 16:02,CLIENTE,inbound,TYPE_WHATSAPP,,"*Headline:* Conheça a Pello Menos Flamengo
*Source URL:* https://fb.me/b9b5r8jkR

Boa tarde!"
rosangela,,xnbodEd6HusCQWzX0tch,flamengo|lead|triagem|reativado|outros descontos|em atendimento,,2026-08-13 16:02,SISTEMA,TYPE_ACTIVITY_OPPORTUNITY,TYPE_ACTIVITY_OPPORTUNITY,app,Opportunity created
rosangela,,xnbodEd6HusCQWzX0tch,flamengo|lead|triagem|reativado|outros descontos|em atendimento,,2026-08-14 14:47,SISTEMA,TYPE_ACTIVITY_OPPORTUNITY,TYPE_ACTIVITY_OPPORTUNITY,app,Opportunity updated
rosangela,,xnbodEd6HusCQWzX0tch,flamengo|lead|triagem|reativado|outros descontos|em atendimento,,2026-08-14 14:47,SISTEMA,TYPE_ACTIVITY_OPPORTUNITY,TYPE_ACTIVITY_OPPORTUNITY,app,Opportunity updated
rosangela,,xnbodEd6HusCQWzX0tch,flamengo|lead|triagem|reativado|outros descontos|em atendimento,,2026-08-21 12:32,HUMANO,Unidade fla@,TYPE_WHATSAPP,app,"Seu atendimento

Dando continuidade ao seu atendimento por aqui. Me chama que te explico rapidinho e já deixo tudo encaminhado. 😊"
rosangela,,xnbodEd6HusCQWzX0tch,flamengo|lead|triagem|reativado|outros descontos|em atendimento,,2026-08-21 12:49,CLIENTE,inbound,TYPE_WHATSAPP,,Ok
rosangela,,xnbodEd6HusCQWzX0tch,flamengo|lead|triagem|reativado|outros descontos|em atendimento,,2026-08-21 12:49,SISTEMA,TYPE_ACTIVITY_OPPORTUNITY,TYPE_ACTIVITY_OPPORTUNITY,app,Opportunity updated
rosangela,,xnbodEd6HusCQWzX0tch,flamengo|lead|triagem|reativado|outros descontos|em atendimento,,2026-08-21 12:51,HUMANO,Unidade fla@,TYPE_WHATSAPP,app,"Olá Rosângela ! aqui é a Giulia, operadora do Laser da unidade do Flamengo. Vou estar dando continuidade no seu atendimento!

Vou te apresentar as condições especiais do mês de Agosto para depilação a Laser da Pello Menos:
🌸Combo 1: Virilha total + Faixa (umbigo): 10x de 83,60
🌸Combo 2: Virilha comum + Axila: 10x de 62,29
🌸Combo 3: Virilha total + Faixa (umbigo) + perna inteira: 10x de 253,00"
rosangela,,xnbodEd6HusCQWzX0tch,flamengo|lead|triagem|reativado|outros descontos|em atendimento,,2026-08-21 12:52,HUMANO,Unidade fla@,TYPE_WHATSAPP,app,O que achou das oportunidades?
rosangela,,xnbodEd6HusCQWzX0tch,flamengo|lead|triagem|reativado|outros descontos|em atendimento,,2026-08-21 12:54,CLIENTE,inbound,TYPE_WHATSAPP,,Buso
rosangela,,xnbodEd6HusCQWzX0tch,flamengo|lead|triagem|reativado|outros descontos|em atendimento,,2026-08-21 12:54,HUMANO,Unidade fla@,TYPE_WHATSAPP,app,"Que ótimo! estamos com uma mega promoção para a área do Buço. 10 sessões por apenas 94,90!"
rosangela,,xnbodEd6HusCQWzX0tch,flamengo|lead|triagem|reativado|outros descontos|em atendimento,,2026-08-21 12:55,HUMANO,Unidade fla@,TYPE_WHATSAPP,app,Faz sentido para você?
rosangela,,xnbodEd6HusCQWzX0tch,flamengo|lead|triagem|reativado|outros descontos|em atendimento,,2026-08-21 12:56,CLIENTE,inbound,TYPE_WHATSAPP,,mais não entrar no combo
rosangela,,xnbodEd6HusCQWzX0tch,flamengo|lead|triagem|reativado|outros descontos|em atendimento,,2026-08-21 12:56,CLIENTE,inbound,TYPE_WHATSAPP,,?
rosangela,,xnbodEd6HusCQWzX0tch,flamengo|lead|triagem|reativado|outros descontos|em atendimento,,2026-08-21 14:41,HUMANO,Unidade fla@,TYPE_WHATSAPP,app,"Não, esse é o valor apenas das 10 sessões de buço."
rosangela,,xnbodEd6HusCQWzX0tch,flamengo|lead|triagem|reativado|outros descontos|em atendimento,,2026-09-01 12:34,SISTEMA,TYPE_ACTIVITY_OPPORTUNITY,TYPE_ACTIVITY_OPPORTUNITY,app,Opportunity updated
rosangela,,xnbodEd6HusCQWzX0tch,flamengo|lead|triagem|reativado|outros descontos|em atendimento,,2026-09-19 14:12,CLIENTE,inbound,TYPE_WHATSAPP,,"*Headline:* Conheça a Pello Menos Largo do Bicão
*Source URL:* https://fb.me/6zxJBrPNp

Garanta seu desconto nos nossos combos no mês de Setembro."
rosangela,,xnbodEd6HusCQWzX0tch,flamengo|lead|triagem|reativado|outros descontos|em atendimento,,2026-09-19 14:13,AUTOMAÇÃO,workflow,TYPE_WHATSAPP,workflow,"Oi! Que bom te ver por aqui 🤩

Parabéns pela decisão de começar seu tratamento!

Aqui na Pello Menos usamos o HAKON 4D, que proporciona um resultado mais rápido e duradouro.

E o melhor: a ponteira é geladinha (-12°C), deixando a aplicação muito mais confortável e segura para todos os tipos de pele.

Me conta, qual o seu nome? 💬"
rosangela,,xnbodEd6HusCQWzX0tch,flamengo|lead|triagem|reativado|outros descontos|em atendimento,,2026-09-19 14:13,AUTOMAÇÃO,workflow,TYPE_WHATSAPP,workflow,"Aaah, prazer falar com você, Rosangela 😍

Muito obrigada pelas informações!
Eu sou a assistente virtual da Pello Menos, vou te ajudar por aqui rapidinho e já te encaminho para uma das nossas especialistas, tá?

Só pra você saber, a Pello Menos é pioneira em depilação feminina no Brasil, há mais de 30 anos cuidando de mulheres com excelência ✨

Vi que você clicou no nosso anúncio 👀
Me conta só uma coisinha pra gente te direcionar melhor…

Quais regiões mais te incomodam hoje e que você gostaria de se livrar dos pelinhos de vez? 💬"
rosangela,,xnbodEd6HusCQWzX0tch,flamengo|lead|triagem|reativado|outros descontos|em atendimento,,2026-09-19 14:13,CLIENTE,inbound,TYPE_WHATSAPP,,Rosangela
rosangela,,xnbodEd6HusCQWzX0tch,flamengo|lead|triagem|reativado|outros descontos|em atendimento,,2026-09-19 14:13,SISTEMA,TYPE_ACTIVITY_OPPORTUNITY,TYPE_ACTIVITY_OPPORTUNITY,app,Opportunity updated
rosangela,,xnbodEd6HusCQWzX0tch,flamengo|lead|triagem|reativado|outros descontos|em atendimento,,2026-09-19 14:20,AUTOMAÇÃO,workflow,TYPE_WHATSAPP,workflow,"Perfeito! 😊
Já estou encaminhando suas informações para nossa consultora. 💜"
rosangela,,xnbodEd6HusCQWzX0tch,flamengo|lead|triagem|reativado|outros descontos|em atendimento,,2026-09-19 14:20,CLIENTE,inbound,TYPE_WHATSAPP,,Virilha
rosangela,,xnbodEd6HusCQWzX0tch,flamengo|lead|triagem|reativado|outros descontos|em atendimento,,2026-09-19 15:07,HUMANO,Unidade fla@,TYPE_WHATSAPP,app,"Olá, boa tarde"
rosangela,,xnbodEd6HusCQWzX0tch,flamengo|lead|triagem|reativado|outros descontos|em atendimento,,2026-09-19 15:07,HUMANO,Unidade fla@,TYPE_WHATSAPP,app,Estamos com um combo super interessante
rosangela,,xnbodEd6HusCQWzX0tch,flamengo|lead|triagem|reativado|outros descontos|em atendimento,,2026-09-19 15:08,HUMANO,Unidade fla@,TYPE_WHATSAPP,app,"🌸 Compre Virilha total e ganhe Interglúteos + Cóccox + Psd P (faixa abaixo do umbigo) + Axilas - 10x 94,50"
rosangela,,xnbodEd6HusCQWzX0tch,flamengo|lead|triagem|reativado|outros descontos|em atendimento,,2026-09-19 15:08,HUMANO,Unidade fla@,TYPE_WHATSAPP,app,"A axila e o buco, comprando individualmente, sai por R$94,90"
rosangela,,xnbodEd6HusCQWzX0tch,flamengo|lead|triagem|reativado|outros descontos|em atendimento,,2026-09-19 15:10,CLIENTE,inbound,TYPE_WHATSAPP,,vou querer
rosangela,,xnbodEd6HusCQWzX0tch,flamengo|lead|triagem|reativado|outros descontos|em atendimento,,2026-09-19 15:10,HUMANO,Unidade fla@,TYPE_WHATSAPP,app,Temos combo masculino também.
rosangela,,xnbodEd6HusCQWzX0tch,flamengo|lead|triagem|reativado|outros descontos|em atendimento,,2026-09-19 15:11,CLIENTE,inbound,TYPE_WHATSAPP,,"cartão, essa unidade de vcs ,onde fica?"
rosangela,,xnbodEd6HusCQWzX0tch,flamengo|lead|triagem|reativado|outros descontos|em atendimento,,2026-09-19 15:11,HUMANO,Unidade fla@,TYPE_WHATSAPP,app,"Obrigado.
Como gostaria de realizar o pagamento"
rosangela,,xnbodEd6HusCQWzX0tch,flamengo|lead|triagem|reativado|outros descontos|em atendimento,,2026-09-19 15:14,HUMANO,Unidade fla@,TYPE_WHATSAPP,app,"só preciso que você me responda rapidinho sobre as contraindicações, para garantir sua segurança no tratamento, tudo bem?

1️⃣ Tem tatuagem ou cicatriz na área a ser tratada?
2️⃣ Possui pelos brancos, loiros ou ruivos na região?
3️⃣ Tem alguma doença diagnosticada? Se sim, qual?
4️⃣ Já teve algum tipo de câncer ?
5️⃣ Está usando algum medicamento atualmente?
6️⃣ Faz bronzeamento artificial com frequência?
7️⃣ Está grávida ou amamentando ?
8️⃣ Tem melasma ou outras condições na pele, como manchas ou sensibilidade?

👉 Se nenhuma das opções se aplicar a você, pode responder: ""Não para todas""."
rosangela,,xnbodEd6HusCQWzX0tch,flamengo|lead|triagem|reativado|outros descontos|em atendimento,,2026-09-19 15:15,HUMANO,Unidade fla@,TYPE_WHATSAPP,app,"Imagina, encaminhamos o ,link para pagamento.

O endereço aqui é:
Rua Marques de Abrantes, 209 - Flamengo"
rosangela,,xnbodEd6HusCQWzX0tch,flamengo|lead|triagem|reativado|outros descontos|em atendimento,,2026-09-19 15:16,CLIENTE,inbound,TYPE_WHATSAPP,,Não
rosangela,,xnbodEd6HusCQWzX0tch,flamengo|lead|triagem|reativado|outros descontos|em atendimento,,2026-09-19 15:17,CLIENTE,inbound,TYPE_WHATSAPP,,ok
rosangela,,xnbodEd6HusCQWzX0tch,flamengo|lead|triagem|reativado|outros descontos|em atendimento,,2026-09-19 15:17,HUMANO,Unidade fla@,TYPE_WHATSAPP,app,"Caso queira realizar o pagamento por aqui, preciso fazer um pequeno cadastro.

Vou precisar do Seu nome completo e o CPF para registrar a venda, e aqui na loja daremos sequência ao processo documental deste combo laser Virilha."
rosangela,,xnbodEd6HusCQWzX0tch,flamengo|lead|triagem|reativado|outros descontos|em atendimento,,2026-09-19 15:18,CLIENTE,inbound,TYPE_WHATSAPP,,Ok
rosangela,,xnbodEd6HusCQWzX0tch,flamengo|lead|triagem|reativado|outros descontos|em atendimento,,2026-09-19 15:29,HUMANO,Unidade fla@,TYPE_WHATSAPP,app,"Segue o link de pagamento,

Porém, preciso do seu nome e cpf para realizar o cadastro em nosso sistema

https://www.userede.com.br/pagamentos/pt/fshg9cbd"
rosangela,,xnbodEd6HusCQWzX0tch,flamengo|lead|triagem|reativado|outros descontos|em atendimento,,2026-09-19 15:31,CLIENTE,inbound,TYPE_WHATSAPP,,eu posso fazer o procedimento em qualquer unidade ou só ai no Flamengo?
rosangela,,xnbodEd6HusCQWzX0tch,flamengo|lead|triagem|reativado|outros descontos|em atendimento,,2026-09-19 15:33,HUMANO,Unidade fla@,TYPE_WHATSAPP,app,Apenas na unidade q contratar. Nos somos no Flamengo.
rosangela,,xnbodEd6HusCQWzX0tch,flamengo|lead|triagem|reativado|outros descontos|em atendimento,,2026-09-19 15:34,CLIENTE,inbound,TYPE_WHATSAPP,,"vou pensar, porque fica distante pra mim"
rosangela,,xnbodEd6HusCQWzX0tch,flamengo|lead|triagem|reativado|outros descontos|em atendimento,,2026-09-19 15:36,HUMANO,Unidade fla@,TYPE_WHATSAPP,app,"entendido.
Estaremos aqui a sua disposição"
rosangela,,xnbodEd6HusCQWzX0tch,flamengo|lead|triagem|reativado|outros descontos|em atendimento,,2026-09-19 15:37,HUMANO,Unidade fla@,TYPE_WHATSAPP,app,"segue o telefone do SAC para que consiga realizar a compra - 0800 282 1233 
atendimento de segunda a sexta"
rosangela,,xnbodEd6HusCQWzX0tch,flamengo|lead|triagem|reativado|outros descontos|em atendimento,,2026-09-19 15:38,CLIENTE,inbound,TYPE_WHATSAPP,,Obrigada
rosangela,,xnbodEd6HusCQWzX0tch,flamengo|lead|triagem|reativado|outros descontos|em atendimento,,2026-09-19 15:38,HUMANO,Unidade fla@,TYPE_WHATSAPP,app,"O link de pagamento será invalidado.

QQcoisa, estaremos a sua disposição, por aqui ou na loja física.

Lembrando que nosso laser não tem agendamento e funciona de terça à sexta das 9h às 19h e sabado das 9h às 18h
entre 13h e 14h é o horário de almoço da profissional."
rosangela,,xnbodEd6HusCQWzX0tch,flamengo|lead|triagem|reativado|outros descontos|em atendimento,,2026-09-19 15:40,CLIENTE,inbound,TYPE_WHATSAPP,,eu não preciso marcar certo?
rosangela,,xnbodEd6HusCQWzX0tch,flamengo|lead|triagem|reativado|outros descontos|em atendimento,,2026-09-19 15:40,CLIENTE,inbound,TYPE_WHATSAPP,,Vou fazer
rosangela,,xnbodEd6HusCQWzX0tch,flamengo|lead|triagem|reativado|outros descontos|em atendimento,,2026-09-21 13:16,HUMANO,Unidade fla@,TYPE_INTERNAL_COMMENT,app,"Olá, estaremos lhe aguardando em nossa unidade. já informamos nosso horário de funcionamento.

Nosso endereço é: Rua Marques de Abrantes, 209 - Flamengo"
rosy campano,,3ktD2vfjplUa3R0CU4ym,outros descontos|flamengo|lead|triagem|sem resposta,,2026-08-08 12:15,AUTOMAÇÃO,workflow,TYPE_WHATSAPP,workflow,"Oi! Que bom te ver por aqui 🤩

Parabéns pela decisão de começar seu tratamento!

Aqui na Pello Menos usamos o HAKON 4D, que proporciona um resultado mais rápido e duradouro.

E o melhor: a ponteira é geladinha (-12°C), deixando a aplicação muito mais confortável e segura para todos os tipos de pele.

Me conta, qual o seu nome? 💬"
rosy campano,,3ktD2vfjplUa3R0CU4ym,outros descontos|flamengo|lead|triagem|sem resposta,,2026-08-08 12:15,CLIENTE,inbound,TYPE_WHATSAPP,,"*Headline:* Conheça a Pello Menos Flamengo
*Source URL:* https://fb.me/4ToxG5ngS

Garanta seu desconto nos nossos combos no mês de Agosto."
rosy campano,,3ktD2vfjplUa3R0CU4ym,outros descontos|flamengo|lead|triagem|sem resposta,,2026-08-08 12:15,SISTEMA,TYPE_ACTIVITY_OPPORTUNITY,TYPE_ACTIVITY_OPPORTUNITY,app,Opportunity created
rosy campano,,3ktD2vfjplUa3R0CU4ym,outros descontos|flamengo|lead|triagem|sem resposta,,2026-08-14 15:02,SISTEMA,TYPE_ACTIVITY_OPPORTUNITY,TYPE_ACTIVITY_OPPORTUNITY,app,Opportunity updated
rosy campano,,3ktD2vfjplUa3R0CU4ym,outros descontos|flamengo|lead|triagem|sem resposta,,2026-08-21 12:36,HUMANO,Unidade fla@,TYPE_WHATSAPP,app,Oi! 🙂 Falta pouco para finalizarmos seu cadastro e dar continuidade ao seu atendimento. Me chama que já deixo tudo pronto para você.
ruth,,KGD0IFpwTQoV3JPmqhFE,"axila r$94,90|flamengo|lead|triagem",,2026-09-19 13:05,AUTOMAÇÃO,workflow,TYPE_WHATSAPP,workflow,"Oi! Que bom te ver por aqui 🤩

Parabéns pela decisão de começar seu tratamento!

Aqui na Pello Menos usamos o HAKON 4D, que proporciona um resultado mais rápido e duradouro.

E o melhor: a ponteira é geladinha (-12°C), deixando a aplicação muito mais confortável e segura para todos os tipos de pele.

Me conta, qual o seu nome? 💬"
ruth,,KGD0IFpwTQoV3JPmqhFE,"axila r$94,90|flamengo|lead|triagem",,2026-09-19 13:05,CLIENTE,inbound,TYPE_WHATSAPP,,"*Headline:* Conheça a Pello Menos Flamengo
*Source URL:* https://fb.me/4XP15kyrw

Olá! Gostaria de aproveitar as 10 sessões de axila por R$94, por favor."
ruth,,KGD0IFpwTQoV3JPmqhFE,"axila r$94,90|flamengo|lead|triagem",,2026-09-19 13:05,SISTEMA,TYPE_ACTIVITY_OPPORTUNITY,TYPE_ACTIVITY_OPPORTUNITY,app,Opportunity created
ruth,,KGD0IFpwTQoV3JPmqhFE,"axila r$94,90|flamengo|lead|triagem",,2026-09-19 15:22,HUMANO,Unidade fla@,TYPE_WHATSAPP,app,"Olá, muito obrigado pelo contato.

Vamos fechar?"
ruth,,KGD0IFpwTQoV3JPmqhFE,"axila r$94,90|flamengo|lead|triagem",,2026-09-22 12:20,HUMANO,Unidade fla@,TYPE_WHATSAPP,app,"Seu atendimento

Dando continuidade ao seu atendimento por aqui. Me chama que te explico rapidinho e já deixo tudo encaminhado. 😊"
sheila,,4kpz2vejbt9jntdWRD4e,outros descontos|flamengo|lead|triagem|sem resposta,,2026-07-24 13:43,AUTOMAÇÃO,workflow,TYPE_WHATSAPP,workflow,"Oi! Que bom te ver por aqui 🤩

Parabéns pela decisão de começar seu tratamento!

Aqui na Pello Menos usamos o HAKON 4D, que proporciona um resultado mais rápido e duradouro.

E o melhor: a ponteira é geladinha (-12°C), deixando a aplicação muito mais confortável e segura para todos os tipos de pele.

Me conta, qual o seu nome? 💬"
sheila,,4kpz2vejbt9jntdWRD4e,outros descontos|flamengo|lead|triagem|sem resposta,,2026-07-24 13:43,CLIENTE,inbound,TYPE_WHATSAPP,,"*Headline:* Conheça a Pello Menos Flamengo
*Source URL:* https://fb.me/7amfOvsO3

Garanta seu desconto nos nossos combos no mês de Julho."
sheila,,4kpz2vejbt9jntdWRD4e,outros descontos|flamengo|lead|triagem|sem resposta,,2026-07-24 13:43,SISTEMA,TYPE_ACTIVITY_OPPORTUNITY,TYPE_ACTIVITY_OPPORTUNITY,app,Opportunity created
sheila,,4kpz2vejbt9jntdWRD4e,outros descontos|flamengo|lead|triagem|sem resposta,,2026-07-24 15:22,HUMANO,Unidade fla@,TYPE_WHATSAPP,app,"Olá Sheila, aqui é a Giulia, operadora do Laser da unidade do Flamengo. Para continuarmos, preciso concluir seu cadastro no sistema e após seu cadastro, você pode vir na unidade concluir e realizar sua sessão presente. Pode me informar sua data de nascimento, cpf e nome completo?"
sheila,,4kpz2vejbt9jntdWRD4e,outros descontos|flamengo|lead|triagem|sem resposta,,2026-07-31 11:52,SISTEMA,TYPE_ACTIVITY_OPPORTUNITY,TYPE_ACTIVITY_OPPORTUNITY,app,Opportunity updated
sheila,,4kpz2vejbt9jntdWRD4e,outros descontos|flamengo|lead|triagem|sem resposta,,2026-08-22 10:18,HUMANO,Unidade fla@,TYPE_WHATSAPP,app,Consegui um desconto ainda melhor para você hoje. Me chama que te explico e já deixo reservado. 😊
simone do nascimento vieira quadros,,Hs73MjOTAcPPlAVhtclc,3 sessões|flamengo|lead|triagem|sem resposta,,2026-06-25 17:33,AUTOMAÇÃO,workflow,TYPE_WHATSAPP,workflow,"🎉 Parabéns! Você ganhou *3 sessões grátis* de depilação a laser com a *Pello Menos.*

Com o *Laser Hacok 4D* que acelera seus resultados e tem a ponteira resfriada garantindo o conforto em cada sessão.

Para liberar seu presente, digita aqui pra mim: *qual o seu nome completo?*"
simone do nascimento vieira quadros,,Hs73MjOTAcPPlAVhtclc,3 sessões|flamengo|lead|triagem|sem resposta,,2026-06-25 17:33,AUTOMAÇÃO,workflow,TYPE_WHATSAPP,workflow,"Aaah, prazer falar com você, Simone Do Nascimento Vieira Quadros 😍

Eu sou a assistente virtual da Pello Menos, vou te ajudar por aqui rapidinho e já te encaminho para uma de nossas especialistas.

A Pello Menos é pioneira em depilação segura há mais de 28 anos, com o Laser Hakon 4D, que atua em quatro dimensões do pelo e garante mais conforto com ponteira a -12 °C.

Para eu fazer seu cadastro e lançar seu presente no nosso sistema, digita aqui seu CPF, por favor ⬇️"
simone do nascimento vieira quadros,,Hs73MjOTAcPPlAVhtclc,3 sessões|flamengo|lead|triagem|sem resposta,,2026-06-25 17:33,CLIENTE,inbound,TYPE_WHATSAPP,,"*Headline:* Conheça a Pello Menos Flamengo
*Source URL:* https://fb.me/42YgV8wSi

Olá! Gostaria de resgatar o voucher das 3 sessões de axilas ou buço, por favor."
simone do nascimento vieira quadros,,Hs73MjOTAcPPlAVhtclc,3 sessões|flamengo|lead|triagem|sem resposta,,2026-06-25 17:33,CLIENTE,inbound,TYPE_WHATSAPP,,Simone do Nascimento Vieira Quadros
simone do nascimento vieira quadros,,Hs73MjOTAcPPlAVhtclc,3 sessões|flamengo|lead|triagem|sem resposta,,2026-06-25 17:33,SISTEMA,TYPE_ACTIVITY_OPPORTUNITY,TYPE_ACTIVITY_OPPORTUNITY,app,Opportunity created
simone do nascimento vieira quadros,,Hs73MjOTAcPPlAVhtclc,3 sessões|flamengo|lead|triagem|sem resposta,,2026-07-14 11:19,SISTEMA,TYPE_ACTIVITY_OPPORTUNITY,TYPE_ACTIVITY_OPPORTUNITY,app,Opportunity updated
simone do nascimento vieira quadros,,Hs73MjOTAcPPlAVhtclc,3 sessões|flamengo|lead|triagem|sem resposta,,2026-08-22 10:44,HUMANO,Unidade fla@,TYPE_WHATSAPP,app,"Depilação a Laser - Condição Especial

Oi! 😊 Passando para saber se você ainda tem interesse em fazer sua depilação a laser. Vi que nossa conversa acabou ficando parada e quis te chamar porque posso verificar se ainda temos uma condição especial para você. Se fizer sentido, me chama que te explico rapidinho! 💜"
simone marilac duarte coelho,,iHGYz4fATMDhB29CW9hl,3 sessões|flamengo|lead|triagem|sem resposta,,2026-07-20 15:49,AUTOMAÇÃO,workflow,TYPE_WHATSAPP,workflow,"🎉 Parabéns! Você ganhou *3 sessões grátis* de depilação a laser com a *Pello Menos.*

Com o *Laser Hacok 4D* que acelera seus resultados e tem a ponteira resfriada garantindo o conforto em cada sessão.

Para liberar seu presente, digita aqui pra mim: *qual o seu nome completo?*"
simone marilac duarte coelho,,iHGYz4fATMDhB29CW9hl,3 sessões|flamengo|lead|triagem|sem resposta,,2026-07-20 15:49,CLIENTE,inbound,TYPE_WHATSAPP,,"*Headline:* Conheça a Pello Menos Flamengo
*Source URL:* https://www.instagram.com/p/DadlkxcAV-4/

Olá! Gostaria de resgatar o voucher das 3 sessões de axilas ou buço, por favor."
simone marilac duarte coelho,,iHGYz4fATMDhB29CW9hl,3 sessões|flamengo|lead|triagem|sem resposta,,2026-07-20 15:49,SISTEMA,TYPE_ACTIVITY_OPPORTUNITY,TYPE_ACTIVITY_OPPORTUNITY,app,Opportunity created
simone marilac duarte coelho,,iHGYz4fATMDhB29CW9hl,3 sessões|flamengo|lead|triagem|sem resposta,,2026-07-20 15:50,AUTOMAÇÃO,workflow,TYPE_WHATSAPP,workflow,"Aaah, prazer falar com você, Simone Marilac Duarte Coelho 😍

Eu sou a assistente virtual da Pello Menos, vou te ajudar por aqui rapidinho e já te encaminho para uma de nossas especialistas.

A Pello Menos é pioneira em depilação segura há mais de 28 anos, com o Laser Hakon 4D, que atua em quatro dimensões do pelo e garante mais conforto com ponteira a -12 °C.

Para eu fazer seu cadastro e lançar seu presente no nosso sistema, digita aqui seu CPF, por favor ⬇️"
simone marilac duarte coelho,,iHGYz4fATMDhB29CW9hl,3 sessões|flamengo|lead|triagem|sem resposta,,2026-07-20 15:50,CLIENTE,inbound,TYPE_WHATSAPP,,Simone Marilac Duarte Coelho
simone marilac duarte coelho,,iHGYz4fATMDhB29CW9hl,3 sessões|flamengo|lead|triagem|sem resposta,,2026-07-20 15:51,AUTOMAÇÃO,workflow,TYPE_WHATSAPP,workflow,"Já anotei tudo aqui 💜
Agora só preciso que você me responda rapidinho sobre as contraindicações, para garantir sua segurança no tratamento, tudo bem?

1️⃣ Tem tatuagem ou cicatriz na área a ser tratada?
2️⃣ Possui pelos brancos, loiros ou ruivos na região?
3️⃣ Tem alguma doença diagnosticada? Se sim, qual?
4️⃣ Já teve algum tipo de câncer ?
5️⃣ Está usando algum medicamento atualmente?
6️⃣ Faz bronzeamento artificial com frequência?
7️⃣ Está grávida ou amamentando ?
8️⃣ Tem melasma ou outras condições na pele, como manchas ou sensibilidade?

👉 Se nenhuma das opções se aplicar a você, pode responder: ""Não para todas"". Assim, consigo Garantir o seu Presente com total segurança e tranquilidade! 😉

Só lembrando que esta é uma pre-anamnese, e quando for a loja para iniciar o seu tratamento precisará preencher a anamnese oficial com a profissional do laser ok?!"
simone marilac duarte coelho,,iHGYz4fATMDhB29CW9hl,3 sessões|flamengo|lead|triagem|sem resposta,,2026-07-20 15:51,CLIENTE,inbound,TYPE_WHATSAPP,,028.015.127-61
simone marilac duarte coelho,,iHGYz4fATMDhB29CW9hl,3 sessões|flamengo|lead|triagem|sem resposta,,2026-07-20 15:52,AUTOMAÇÃO,workflow,TYPE_WHATSAPP,workflow,"Perfeito! 😊
Já estou encaminhando suas informações para uma de nossas consultoras.

Enquanto isso, me conta: além da área que você ganhou de presente, tem alguma outra área que você gostaria de conhecer melhor, sem compromisso? 💜"
simone marilac duarte coelho,,iHGYz4fATMDhB29CW9hl,3 sessões|flamengo|lead|triagem|sem resposta,,2026-07-20 15:52,CLIENTE,inbound,TYPE_WHATSAPP,,1- não
simone marilac duarte coelho,,iHGYz4fATMDhB29CW9hl,3 sessões|flamengo|lead|triagem|sem resposta,,2026-07-20 15:52,CLIENTE,inbound,TYPE_WHATSAPP,,2- não
simone marilac duarte coelho,,iHGYz4fATMDhB29CW9hl,3 sessões|flamengo|lead|triagem|sem resposta,,2026-07-20 15:52,CLIENTE,inbound,TYPE_WHATSAPP,,3- não
simone marilac duarte coelho,,iHGYz4fATMDhB29CW9hl,3 sessões|flamengo|lead|triagem|sem resposta,,2026-07-20 15:52,CLIENTE,inbound,TYPE_WHATSAPP,,4-
simone marilac duarte coelho,,iHGYz4fATMDhB29CW9hl,3 sessões|flamengo|lead|triagem|sem resposta,,2026-07-20 15:52,SISTEMA,TYPE_ACTIVITY_OPPORTUNITY,TYPE_ACTIVITY_OPPORTUNITY,app,Opportunity updated
simone marilac duarte coelho,,iHGYz4fATMDhB29CW9hl,3 sessões|flamengo|lead|triagem|sem resposta,,2026-07-20 15:54,CLIENTE,inbound,TYPE_WHATSAPP,,4- não
simone marilac duarte coelho,,iHGYz4fATMDhB29CW9hl,3 sessões|flamengo|lead|triagem|sem resposta,,2026-07-20 15:54,CLIENTE,inbound,TYPE_WHATSAPP,,5- não
simone marilac duarte coelho,,iHGYz4fATMDhB29CW9hl,3 sessões|flamengo|lead|triagem|sem resposta,,2026-07-20 15:54,CLIENTE,inbound,TYPE_WHATSAPP,,6- nunca
simone marilac duarte coelho,,iHGYz4fATMDhB29CW9hl,3 sessões|flamengo|lead|triagem|sem resposta,,2026-07-20 15:55,CLIENTE,inbound,TYPE_WHATSAPP,,7- não
simone marilac duarte coelho,,iHGYz4fATMDhB29CW9hl,3 sessões|flamengo|lead|triagem|sem resposta,,2026-07-20 15:55,CLIENTE,inbound,TYPE_WHATSAPP,,8- não
simone marilac duarte coelho,,iHGYz4fATMDhB29CW9hl,3 sessões|flamengo|lead|triagem|sem resposta,,2026-07-20 15:56,CLIENTE,inbound,TYPE_WHATSAPP,,Todas não
simone marilac duarte coelho,,iHGYz4fATMDhB29CW9hl,3 sessões|flamengo|lead|triagem|sem resposta,,2026-07-20 16:03,CLIENTE,inbound,TYPE_WHATSAPP,,Virilia total
simone marilac duarte coelho,,iHGYz4fATMDhB29CW9hl,3 sessões|flamengo|lead|triagem|sem resposta,,2026-07-21 10:54,HUMANO,Unidade fla@,TYPE_WHATSAPP,app,"Olá Simone, aqui é a Giulia, operadora do Laser da unidade do Flamengo."
simone marilac duarte coelho,,iHGYz4fATMDhB29CW9hl,3 sessões|flamengo|lead|triagem|sem resposta,,2026-07-21 10:54,HUMANO,Unidade fla@,TYPE_WHATSAPP,app,"Falando um pouquinho sobre Virilha total, estamos com uma ótima oportunidade! 
Virilha total com 50% de desconto: de 2.090,00 por 10x de 104,50!"
simone marilac duarte coelho,,iHGYz4fATMDhB29CW9hl,3 sessões|flamengo|lead|triagem|sem resposta,,2026-07-21 10:54,HUMANO,Unidade fla@,TYPE_WHATSAPP,app,o que acha dessa oportunidade?
simone marilac duarte coelho,,iHGYz4fATMDhB29CW9hl,3 sessões|flamengo|lead|triagem|sem resposta,,2026-07-21 11:23,CLIENTE,inbound,TYPE_WHATSAPP,,"Tá maravilhosa mas, no momento não tenho como fazer.  Não tenho cartão de crédito."
simone marilac duarte coelho,,iHGYz4fATMDhB29CW9hl,3 sessões|flamengo|lead|triagem|sem resposta,,2026-07-21 11:31,HUMANO,Unidade fla@,TYPE_WHATSAPP,app,"Tudo bem. Para continuarmos, preciso concluir seu cadastro no sistema e após seu cadastro, você pode vir na unidade concluir e realizar sua sessão."
simone marilac duarte coelho,,iHGYz4fATMDhB29CW9hl,3 sessões|flamengo|lead|triagem|sem resposta,,2026-07-21 11:31,HUMANO,Unidade fla@,TYPE_WHATSAPP,app,Pode me informar sua data de nascimento?
simone marilac duarte coelho,,iHGYz4fATMDhB29CW9hl,3 sessões|flamengo|lead|triagem|sem resposta,,2026-07-29 12:04,SISTEMA,TYPE_ACTIVITY_OPPORTUNITY,TYPE_ACTIVITY_OPPORTUNITY,app,Opportunity updated
simone pinheiro,,GPTMBlML38QTpJ1IZWt2,outros descontos|flamengo|lead|triagem|reativado|em atendimento,,2026-07-16 17:17,AUTOMAÇÃO,workflow,TYPE_WHATSAPP,workflow,"Oi! Que bom te ver por aqui 🤩

Parabéns pela decisão de começar seu tratamento!

Aqui na Pello Menos usamos o HAKON 4D, que proporciona um resultado mais rápido e duradouro.

E o melhor: a ponteira é geladinha (-12°C), deixando a aplicação muito mais confortável e segura para todos os tipos de pele.

Me conta, qual o seu nome? 💬"
simone pinheiro,,GPTMBlML38QTpJ1IZWt2,outros descontos|flamengo|lead|triagem|reativado|em atendimento,,2026-07-16 17:17,AUTOMAÇÃO,workflow,TYPE_WHATSAPP,workflow,"Aaah, prazer falar com você, Simone Pinheiro 😍

Muito obrigada pelas informações!
Eu sou a assistente virtual da Pello Menos, vou te ajudar por aqui rapidinho e já te encaminho para uma das nossas especialistas, tá?

Só pra você saber, a Pello Menos é pioneira em depilação feminina no Brasil, há mais de 30 anos cuidando de mulheres com excelência ✨

Vi que você clicou no nosso anúncio 👀
Me conta só uma coisinha pra gente te direcionar melhor…

Quais regiões mais te incomodam hoje e que você gostaria de se livrar dos pelinhos de vez? 💬"
simone pinheiro,,GPTMBlML38QTpJ1IZWt2,outros descontos|flamengo|lead|triagem|reativado|em atendimento,,2026-07-16 17:17,CLIENTE,inbound,TYPE_WHATSAPP,,"*Headline:* Conheça a Pello Menos Flamengo
*Source URL:* https://fb.me/4DegLVRGW

Garanta seu desconto nos nossos combos no mês de Julho."
simone pinheiro,,GPTMBlML38QTpJ1IZWt2,outros descontos|flamengo|lead|triagem|reativado|em atendimento,,2026-07-16 17:17,CLIENTE,inbound,TYPE_WHATSAPP,,"[sem texto]
[anexos: 1]"
simone pinheiro,,GPTMBlML38QTpJ1IZWt2,outros descontos|flamengo|lead|triagem|reativado|em atendimento,,2026-07-16 17:17,SISTEMA,TYPE_ACTIVITY_OPPORTUNITY,TYPE_ACTIVITY_OPPORTUNITY,app,Opportunity created
simone pinheiro,,GPTMBlML38QTpJ1IZWt2,outros descontos|flamengo|lead|triagem|reativado|em atendimento,,2026-07-21 10:59,SISTEMA,TYPE_ACTIVITY_OPPORTUNITY,TYPE_ACTIVITY_OPPORTUNITY,app,Opportunity updated
simone pinheiro,,GPTMBlML38QTpJ1IZWt2,outros descontos|flamengo|lead|triagem|reativado|em atendimento,,2026-07-29 12:56,SISTEMA,TYPE_ACTIVITY_OPPORTUNITY,TYPE_ACTIVITY_OPPORTUNITY,app,Opportunity updated
simone pinheiro,,GPTMBlML38QTpJ1IZWt2,outros descontos|flamengo|lead|triagem|reativado|em atendimento,,2026-07-30 18:01,HUMANO,Unidade fla@,TYPE_WHATSAPP,app,"Olá! aqui é a Giulia!

Sou a operadora do Laser da unidade do Flamengo e vou estar dando continuidade no seu atendimento!
Aproveite as oportunidades dos combos de Julho, válidos até 31/07! Vou te apresentar os combos:
🌸Combo 1: Virilha total + 1/2 perna: 10x de 164,80
🌸Combo 2: Virilha cavada + 1/2 perna: 10x de 152,80
🌸Combo 3: Virilha comum + 1/2 perna: 10x de 134,00
Fechando qualquer combo, ganhe de brinde: axila ou buço!

O que achou dessa oportunidade?"
simone pinheiro,,GPTMBlML38QTpJ1IZWt2,outros descontos|flamengo|lead|triagem|reativado|em atendimento,,2026-08-14 14:44,SISTEMA,TYPE_ACTIVITY_OPPORTUNITY,TYPE_ACTIVITY_OPPORTUNITY,app,Opportunity updated
simone pinheiro,,GPTMBlML38QTpJ1IZWt2,outros descontos|flamengo|lead|triagem|reativado|em atendimento,,2026-08-22 10:34,HUMANO,Unidade fla@,TYPE_WHATSAPP,app,Consegui um desconto ainda melhor para você hoje. Me chama que te explico e já deixo reservado. 😊
simone pinheiro,,GPTMBlML38QTpJ1IZWt2,outros descontos|flamengo|lead|triagem|reativado|em atendimento,,2026-08-22 11:04,CLIENTE,inbound,TYPE_WHATSAPP,,"[sem texto]
[anexos: 1]"
simone pinheiro,,GPTMBlML38QTpJ1IZWt2,outros descontos|flamengo|lead|triagem|reativado|em atendimento,,2026-08-22 11:05,SISTEMA,TYPE_ACTIVITY_OPPORTUNITY,TYPE_ACTIVITY_OPPORTUNITY,app,Opportunity updated
sonia maria,,5wBxtOHUpGhQjI57SCZ6,outros descontos|flamengo|lead|triagem|sem resposta,,2026-07-21 17:59,AUTOMAÇÃO,workflow,TYPE_WHATSAPP,workflow,"Oi! Que bom te ver por aqui 🤩

Parabéns pela decisão de começar seu tratamento!

Aqui na Pello Menos usamos o HAKON 4D, que proporciona um resultado mais rápido e duradouro.

E o melhor: a ponteira é geladinha (-12°C), deixando a aplicação muito mais confortável e segura para todos os tipos de pele.

Me conta, qual o seu nome? 💬"
sonia maria,,5wBxtOHUpGhQjI57SCZ6,outros descontos|flamengo|lead|triagem|sem resposta,,2026-07-21 17:59,CLIENTE,inbound,TYPE_WHATSAPP,,"*Headline:* Conheça a Pello Menos Flamengo
*Source URL:* https://fb.me/8MyFcECBb

Garanta seu desconto nos nossos combos no mês de Julho."
sonia maria,,5wBxtOHUpGhQjI57SCZ6,outros descontos|flamengo|lead|triagem|sem resposta,,2026-07-21 17:59,SISTEMA,TYPE_ACTIVITY_OPPORTUNITY,TYPE_ACTIVITY_OPPORTUNITY,app,Opportunity created
sonia maria,,5wBxtOHUpGhQjI57SCZ6,outros descontos|flamengo|lead|triagem|sem resposta,,2026-07-22 14:33,HUMANO,Unidade fla@,TYPE_WHATSAPP,app,"Olá Sonia, aqui é a Giulia, operadora do Laser da unidade do Flamengo.

Para continuarmos, preciso concluir seu cadastro no sistema e após seu cadastro, você pode vir na unidade concluir e realizar sua sessão presente.

Pode me informar sua data de nascimento, cpf e nome completo?"
sonia maria,,5wBxtOHUpGhQjI57SCZ6,outros descontos|flamengo|lead|triagem|sem resposta,,2026-07-31 11:57,SISTEMA,TYPE_ACTIVITY_OPPORTUNITY,TYPE_ACTIVITY_OPPORTUNITY,app,Opportunity updated
sonia maria,,5wBxtOHUpGhQjI57SCZ6,outros descontos|flamengo|lead|triagem|sem resposta,,2026-08-22 10:25,HUMANO,Unidade fla@,TYPE_WHATSAPP,app,"Seu atendimento

Dando continuidade ao seu atendimento por aqui. Me chama que te explico rapidinho e já deixo tudo encaminhado. 😊"
suzy,,9NuwlqTCJFqIgOWPMzJv,outros descontos|flamengo|lead|triagem|sem resposta,,2026-07-13 15:58,AUTOMAÇÃO,workflow,TYPE_WHATSAPP,workflow,"Oi! Que bom te ver por aqui 🤩

Parabéns pela decisão de começar seu tratamento!

Aqui na Pello Menos usamos o HAKON 4D, que proporciona um resultado mais rápido e duradouro.

E o melhor: a ponteira é geladinha (-12°C), deixando a aplicação muito mais confortável e segura para todos os tipos de pele.

Me conta, qual o seu nome? 💬"
suzy,,9NuwlqTCJFqIgOWPMzJv,outros descontos|flamengo|lead|triagem|sem resposta,,2026-07-13 15:58,CLIENTE,inbound,TYPE_WHATSAPP,,"*Headline:* Conheça a Pello Menos Flamengo
*Source URL:* https://fb.me/4MsiT8Tmk

Garanta seu desconto nos nossos combos no mês de Julho."
suzy,,9NuwlqTCJFqIgOWPMzJv,outros descontos|flamengo|lead|triagem|sem resposta,,2026-07-13 15:58,SISTEMA,TYPE_ACTIVITY_OPPORTUNITY,TYPE_ACTIVITY_OPPORTUNITY,app,Opportunity created
suzy,,9NuwlqTCJFqIgOWPMzJv,outros descontos|flamengo|lead|triagem|sem resposta,,2026-07-14 10:23,HUMANO,Unidade fla@,TYPE_WHATSAPP,app,"Olá Suzy! me conta, qual região hoje te incomoda para garantirmos os combos promocionais do mês de Julho?"
suzy,,9NuwlqTCJFqIgOWPMzJv,outros descontos|flamengo|lead|triagem|sem resposta,,2026-07-14 11:11,SISTEMA,TYPE_ACTIVITY_OPPORTUNITY,TYPE_ACTIVITY_OPPORTUNITY,app,Opportunity updated
suzy,,9NuwlqTCJFqIgOWPMzJv,outros descontos|flamengo|lead|triagem|sem resposta,,2026-07-15 10:39,SISTEMA,TYPE_ACTIVITY_OPPORTUNITY,TYPE_ACTIVITY_OPPORTUNITY,app,Opportunity updated
suzy,,9NuwlqTCJFqIgOWPMzJv,outros descontos|flamengo|lead|triagem|sem resposta,,2026-07-29 12:55,SISTEMA,TYPE_ACTIVITY_OPPORTUNITY,TYPE_ACTIVITY_OPPORTUNITY,app,Opportunity updated
suzy,,9NuwlqTCJFqIgOWPMzJv,outros descontos|flamengo|lead|triagem|sem resposta,,2026-07-30 18:01,HUMANO,Unidade fla@,TYPE_WHATSAPP,app,"Olá! aqui é a Giulia!

Sou a operadora do Laser da unidade do Flamengo e vou estar dando continuidade no seu atendimento!
Aproveite as oportunidades dos combos de Julho, válidos até 31/07! Vou te apresentar os combos:
🌸Combo 1: Virilha total + 1/2 perna: 10x de 164,80
🌸Combo 2: Virilha cavada + 1/2 perna: 10x de 152,80
🌸Combo 3: Virilha comum + 1/2 perna: 10x de 134,00
Fechando qualquer combo, ganhe de brinde: axila ou buço!

O que achou dessa oportunidade?"
suzy,,9NuwlqTCJFqIgOWPMzJv,outros descontos|flamengo|lead|triagem|sem resposta,,2026-08-21 11:43,SISTEMA,TYPE_ACTIVITY_OPPORTUNITY,TYPE_ACTIVITY_OPPORTUNITY,app,Opportunity updated
suzy,,9NuwlqTCJFqIgOWPMzJv,outros descontos|flamengo|lead|triagem|sem resposta,,2026-08-22 10:35,HUMANO,Unidade fla@,TYPE_WHATSAPP,app,Consegui um desconto ainda melhor para você hoje. Me chama que te explico e já deixo reservado. 😊
tati,,cWn6Ed3dEDJck2p3sdpl,"axila r$94,90|flamengo|lead|triagem|sem resposta",,2026-06-23 16:00,AUTOMAÇÃO,workflow,TYPE_WHATSAPP,workflow,"Oi! Que bom te ver por aqui 🤩

Parabéns pela decisão de começar seu tratamento!

Aqui na Pello Menos usamos o HAKON 4D, que proporciona um resultado mais rápido e duradouro.

E o melhor: a ponteira é geladinha (-12°C), deixando a aplicação muito mais confortável e segura para todos os tipos de pele.

Me conta, qual o seu nome? 💬"
tati,,cWn6Ed3dEDJck2p3sdpl,"axila r$94,90|flamengo|lead|triagem|sem resposta",,2026-06-23 16:00,CLIENTE,inbound,TYPE_WHATSAPP,,"*Headline:* Conheça a Pello Menos Flamengo
*Source URL:* https://www.instagram.com/p/DZ79xNCgRJ-/

Olá! Gostaria de aproveitar as 10 sessões de axila por R$94, por favor."
tati,,cWn6Ed3dEDJck2p3sdpl,"axila r$94,90|flamengo|lead|triagem|sem resposta",,2026-06-23 16:00,SISTEMA,TYPE_ACTIVITY_OPPORTUNITY,TYPE_ACTIVITY_OPPORTUNITY,app,Opportunity created
tati,,cWn6Ed3dEDJck2p3sdpl,"axila r$94,90|flamengo|lead|triagem|sem resposta",,2026-06-24 13:07,HUMANO,Unidade fla@,TYPE_WHATSAPP,app,"olá, vamos fechar? Precisamos de algumas informações para validar a compra. No aguardo"
tati,,cWn6Ed3dEDJck2p3sdpl,"axila r$94,90|flamengo|lead|triagem|sem resposta",,2026-06-24 13:58,SISTEMA,TYPE_ACTIVITY_OPPORTUNITY,TYPE_ACTIVITY_OPPORTUNITY,app,Opportunity updated
tati,,cWn6Ed3dEDJck2p3sdpl,"axila r$94,90|flamengo|lead|triagem|sem resposta",,2026-08-22 10:44,HUMANO,Unidade fla@,TYPE_WHATSAPP,app,"Depilação a Laser - Condição Especial

Oi! 😊 Passando para saber se você ainda tem interesse em fazer sua depilação a laser. Vi que nossa conversa acabou ficando parada e quis te chamar porque posso verificar se ainda temos uma condição especial para você. Se fizer sentido, me chama que te explico rapidinho! 💜"
thata🥰,,vby4fOMpgax0qVjN8dSv,3 sessões|flamengo|lead|triagem|reativado|sem resposta,,2026-07-18 12:41,AUTOMAÇÃO,workflow,TYPE_WHATSAPP,workflow,"🎉 Parabéns! Você ganhou *3 sessões grátis* de depilação a laser com a *Pello Menos.*

Com o *Laser Hacok 4D* que acelera seus resultados e tem a ponteira resfriada garantindo o conforto em cada sessão.

Para liberar seu presente, digita aqui pra mim: *qual o seu nome completo?*"
thata🥰,,vby4fOMpgax0qVjN8dSv,3 sessões|flamengo|lead|triagem|reativado|sem resposta,,2026-07-18 12:41,CLIENTE,inbound,TYPE_WHATSAPP,,"*Headline:* Conheça a Pello Menos Flamengo
*Source URL:* https://www.instagram.com/p/DadlkxcAV-4/

Olá! Gostaria de resgatar o voucher das 3 sessões de axilas ou buço, por favor."
thata🥰,,vby4fOMpgax0qVjN8dSv,3 sessões|flamengo|lead|triagem|reativado|sem resposta,,2026-07-18 12:41,SISTEMA,TYPE_ACTIVITY_OPPORTUNITY,TYPE_ACTIVITY_OPPORTUNITY,app,Opportunity created
thata🥰,,vby4fOMpgax0qVjN8dSv,3 sessões|flamengo|lead|triagem|reativado|sem resposta,,2026-07-21 10:58,SISTEMA,TYPE_ACTIVITY_OPPORTUNITY,TYPE_ACTIVITY_OPPORTUNITY,app,Opportunity updated
thata🥰,,vby4fOMpgax0qVjN8dSv,3 sessões|flamengo|lead|triagem|reativado|sem resposta,,2026-08-22 10:31,HUMANO,Unidade fla@,TYPE_WHATSAPP,app,Oi! 🙂 Falta pouco para finalizarmos seu cadastro e dar continuidade ao seu atendimento. Me chama que já deixo tudo pronto para você.
thata🥰,,vby4fOMpgax0qVjN8dSv,3 sessões|flamengo|lead|triagem|reativado|sem resposta,,2026-08-25 16:50,CLIENTE,inbound,TYPE_WHATSAPP,,Boa tarde. Meu celular quebrou ao nao tive como te responder !
thata🥰,,vby4fOMpgax0qVjN8dSv,3 sessões|flamengo|lead|triagem|reativado|sem resposta,,2026-08-25 16:50,SISTEMA,TYPE_ACTIVITY_OPPORTUNITY,TYPE_ACTIVITY_OPPORTUNITY,app,Opportunity updated
thata🥰,,vby4fOMpgax0qVjN8dSv,3 sessões|flamengo|lead|triagem|reativado|sem resposta,,2026-08-25 16:53,HUMANO,Unidade fla@,TYPE_WHATSAPP,app,"Olá! aqui é a Giulia, operadora do Laser da unidade do Flamengo. Vou estar dando continuidade no seu atendimento!"
thata🥰,,vby4fOMpgax0qVjN8dSv,3 sessões|flamengo|lead|triagem|reativado|sem resposta,,2026-08-25 16:53,HUMANO,Unidade fla@,TYPE_WHATSAPP,app,"Para continuarmos, preciso concluir seu cadastro no sistema e após seu cadastro, você pode vir na unidade concluir e realizar sua sessão.

Pode me informar seu nome completo, cpf e sua data de nascimento?"
thata🥰,,vby4fOMpgax0qVjN8dSv,3 sessões|flamengo|lead|triagem|reativado|sem resposta,,2026-08-27 14:57,SISTEMA,TYPE_ACTIVITY_OPPORTUNITY,TYPE_ACTIVITY_OPPORTUNITY,app,Opportunity updated
thayanne ferreira,,jA5V0fvJMeH3V45ZigLc,3 sessões|flamengo|lead|triagem|sem resposta,,2026-08-01 10:38,AUTOMAÇÃO,workflow,TYPE_WHATSAPP,workflow,"🎉 Parabéns! Você ganhou *3 sessões grátis* de depilação a laser com a *Pello Menos.*

Com o *Laser Hacok 4D* que acelera seus resultados e tem a ponteira resfriada garantindo o conforto em cada sessão.

Para liberar seu presente, digita aqui pra mim: *qual o seu nome completo?*"
thayanne ferreira,,jA5V0fvJMeH3V45ZigLc,3 sessões|flamengo|lead|triagem|sem resposta,,2026-08-01 10:38,CLIENTE,inbound,TYPE_WHATSAPP,,"*Headline:* Conheça a Pello Menos Flamengo
*Source URL:* https://www.instagram.com/p/Dadlk7tA4hY/

Olá! Gostaria de resgatar o voucher das 3 sessões de axilas ou buço, por favor."
thayanne ferreira,,jA5V0fvJMeH3V45ZigLc,3 sessões|flamengo|lead|triagem|sem resposta,,2026-08-01 10:38,SISTEMA,TYPE_ACTIVITY_OPPORTUNITY,TYPE_ACTIVITY_OPPORTUNITY,app,Opportunity created
thayanne ferreira,,jA5V0fvJMeH3V45ZigLc,3 sessões|flamengo|lead|triagem|sem resposta,,2026-08-01 14:28,HUMANO,Unidade fla@,TYPE_WHATSAPP,app,"Olá, boa tarde.

para retirar seu voucher preciso que informe seu nome completo, seu CPF e sua data de nascimento.

Iremos realizar uma pergunta sobre questões de saude, preciso que nos responda também e, também a área de sua preferência: axilas ou buço"
thayanne ferreira,,jA5V0fvJMeH3V45ZigLc,3 sessões|flamengo|lead|triagem|sem resposta,,2026-08-14 15:13,SISTEMA,TYPE_ACTIVITY_OPPORTUNITY,TYPE_ACTIVITY_OPPORTUNITY,app,Opportunity updated
thayanne ferreira,,jA5V0fvJMeH3V45ZigLc,3 sessões|flamengo|lead|triagem|sem resposta,,2026-08-22 10:14,HUMANO,Unidade fla@,TYPE_WHATSAPP,app,Sua condição ainda está disponível no momento. Me chama para garantir. 😊
thiago moura,,QUFYjL4EgTtSFuFh9sb3,outros descontos|flamengo|lead|triagem,,2026-09-19 10:39,AUTOMAÇÃO,workflow,TYPE_WHATSAPP,workflow,"Oi! Que bom te ver por aqui 🤩

Parabéns pela decisão de começar seu tratamento!

Aqui na Pello Menos usamos o HAKON 4D, que proporciona um resultado mais rápido e duradouro.

E o melhor: a ponteira é geladinha (-12°C), deixando a aplicação muito mais confortável e segura para todos os tipos de pele.

Me conta, qual o seu nome? 💬"
thiago moura,,QUFYjL4EgTtSFuFh9sb3,outros descontos|flamengo|lead|triagem,,2026-09-19 10:39,CLIENTE,inbound,TYPE_WHATSAPP,,"*Headline:* Conheça a Pello Menos Flamengo
*Source URL:* https://fb.me/a03fk7odi

Garanta seu desconto nos nossos combos no mês de Setembro."
thiago moura,,QUFYjL4EgTtSFuFh9sb3,outros descontos|flamengo|lead|triagem,,2026-09-19 10:39,SISTEMA,TYPE_ACTIVITY_OPPORTUNITY,TYPE_ACTIVITY_OPPORTUNITY,app,Opportunity created
thiago moura,,QUFYjL4EgTtSFuFh9sb3,outros descontos|flamengo|lead|triagem,,2026-09-19 12:48,HUMANO,Unidade fla@,TYPE_WHATSAPP,app,"Olá Thiago! aqui é a Giulia, operadora do Laser da unidade do Flamengo."
thiago moura,,QUFYjL4EgTtSFuFh9sb3,outros descontos|flamengo|lead|triagem,,2026-09-19 12:49,HUMANO,Unidade fla@,TYPE_WHATSAPP,app,Qual região te incomoda hoje?
thiago moura,,QUFYjL4EgTtSFuFh9sb3,outros descontos|flamengo|lead|triagem,,2026-09-19 15:23,HUMANO,Unidade fla@,TYPE_WHATSAPP,app,"Nossas áreas promocionais são as seguintes, Thiago:

-- Costas com 60% de desconto - 10x de 63,20
-- Barba com 60% de desconto - 10x de 42,80
-- Faixa de barba ou axila - 94,90"
thiago moura,,QUFYjL4EgTtSFuFh9sb3,outros descontos|flamengo|lead|triagem,,2026-09-22 12:20,HUMANO,Unidade fla@,TYPE_WHATSAPP,app,"Seu atendimento

Dando continuidade ao seu atendimento por aqui. Me chama que te explico rapidinho e já deixo tudo encaminhado. 😊"
tiana nicácio,,of5QKp18vxYvasjGnN4M,outros descontos|flamengo|lead|triagem,,2026-09-21 12:44,AUTOMAÇÃO,workflow,TYPE_WHATSAPP,workflow,"Oi! Que bom te ver por aqui 🤩

Parabéns pela decisão de começar seu tratamento!

Aqui na Pello Menos usamos o HAKON 4D, que proporciona um resultado mais rápido e duradouro.

E o melhor: a ponteira é geladinha (-12°C), deixando a aplicação muito mais confortável e segura para todos os tipos de pele.

Me conta, qual o seu nome? 💬"
tiana nicácio,,of5QKp18vxYvasjGnN4M,outros descontos|flamengo|lead|triagem,,2026-09-21 12:44,CLIENTE,inbound,TYPE_WHATSAPP,,"*Headline:* Conheça a Pello Menos Flamengo
*Source URL:* https://fb.me/8Foc7QNuo

Garanta seu desconto nos nossos combos no mês de Setembro."
tiana nicácio,,of5QKp18vxYvasjGnN4M,outros descontos|flamengo|lead|triagem,,2026-09-21 12:44,SISTEMA,TYPE_ACTIVITY_OPPORTUNITY,TYPE_ACTIVITY_OPPORTUNITY,app,Opportunity created
tiana nicácio,,of5QKp18vxYvasjGnN4M,outros descontos|flamengo|lead|triagem,,2026-09-21 13:10,HUMANO,Unidade fla@,TYPE_WHATSAPP,app,"Olá, boa tarde."
tiana nicácio,,of5QKp18vxYvasjGnN4M,outros descontos|flamengo|lead|triagem,,2026-09-21 13:10,HUMANO,Unidade fla@,TYPE_WHATSAPP,app,É um prazer atende-la.
tiana nicácio,,of5QKp18vxYvasjGnN4M,outros descontos|flamengo|lead|triagem,,2026-09-21 13:11,HUMANO,Unidade fla@,TYPE_WHATSAPP,app,"Estamos com ótimas oportunidades para a região da virilha neste mês de Setembro:

🌸 Compre Virilha total e ganhe Interglúteos + Cóccox + Psd P (faixa abaixo do umbigo) + Axilas - 10x 94,50"
tá quanto depilação nas axilas,,briwHvdfH7oFgGRaCxTG,"axila r$94,90|flamengo|lead|triagem|em atendimento",,2026-09-16 10:22,CLIENTE,inbound,TYPE_WHATSAPP,,"*Headline:* Conheça a Pello Menos Flamengo
*Source URL:* https://www.instagram.com/p/DdUOSrsA6dI/

Olá! Gostaria de aproveitar as 10 sessões de axila por R$94, por favor."
tá quanto depilação nas axilas,,briwHvdfH7oFgGRaCxTG,"axila r$94,90|flamengo|lead|triagem|em atendimento",,2026-09-16 10:23,AUTOMAÇÃO,workflow,TYPE_WHATSAPP,workflow,"Oi! Que bom te ver por aqui 🤩

Parabéns pela decisão de começar seu tratamento!

Aqui na Pello Menos usamos o HAKON 4D, que proporciona um resultado mais rápido e duradouro.

E o melhor: a ponteira é geladinha (-12°C), deixando a aplicação muito mais confortável e segura para todos os tipos de pele.

Me conta, qual o seu nome? 💬"
tá quanto depilação nas axilas,,briwHvdfH7oFgGRaCxTG,"axila r$94,90|flamengo|lead|triagem|em atendimento",,2026-09-16 10:23,AUTOMAÇÃO,workflow,TYPE_WHATSAPP,workflow,"Aaah, prazer falar com você, Tá Quanto Depilação Nas Axilas 😍

Muito obrigada pelas informações!
Eu sou a assistente virtual da Pello Menos, vou te ajudar por aqui rapidinho e já te encaminho para uma das nossas especialistas, tá?

Só pra você saber, a Pello Menos é pioneira em depilação feminina no Brasil, há mais de 30 anos cuidando de mulheres com excelência ✨

Vi que você clicou no nosso anúncio de 10 sessões da axila por R$94,90 👀
Me conta só uma coisinha pra gente te direcionar melhor…

Além da Axila, existem outras regiões que te incomodam hoje e que você gostaria de se livrar dos pelinhos de vez? 💬"
tá quanto depilação nas axilas,,briwHvdfH7oFgGRaCxTG,"axila r$94,90|flamengo|lead|triagem|em atendimento",,2026-09-16 10:23,AUTOMAÇÃO,workflow,TYPE_WHATSAPP,workflow,"Perfeito! 😊
Já estou encaminhando suas informações para nossa consultora. 💜"
tá quanto depilação nas axilas,,briwHvdfH7oFgGRaCxTG,"axila r$94,90|flamengo|lead|triagem|em atendimento",,2026-09-16 10:23,CLIENTE,inbound,TYPE_WHATSAPP,,Tá quanto depilação nas axilas
tá quanto depilação nas axilas,,briwHvdfH7oFgGRaCxTG,"axila r$94,90|flamengo|lead|triagem|em atendimento",,2026-09-16 10:23,CLIENTE,inbound,TYPE_WHATSAPP,,Eu gostaria de fazer com cera quente
tá quanto depilação nas axilas,,briwHvdfH7oFgGRaCxTG,"axila r$94,90|flamengo|lead|triagem|em atendimento",,2026-09-16 10:23,SISTEMA,TYPE_ACTIVITY_OPPORTUNITY,TYPE_ACTIVITY_OPPORTUNITY,app,Opportunity created
tá quanto depilação nas axilas,,briwHvdfH7oFgGRaCxTG,"axila r$94,90|flamengo|lead|triagem|em atendimento",,2026-09-16 10:23,SISTEMA,TYPE_ACTIVITY_OPPORTUNITY,TYPE_ACTIVITY_OPPORTUNITY,app,Opportunity updated
tá quanto depilação nas axilas,,briwHvdfH7oFgGRaCxTG,"axila r$94,90|flamengo|lead|triagem|em atendimento",,2026-09-16 10:56,HUMANO,Unidade fla@,TYPE_WHATSAPP,app,"Olá

A depilação axila a laser, 10x sessoes está com uma super promoção.
94,90

A sessão de dilação a cera, sai por 41,90 cartão credito e debito e 38,90 no pix ou dinheiro"
tá quanto depilação nas axilas,,briwHvdfH7oFgGRaCxTG,"axila r$94,90|flamengo|lead|triagem|em atendimento",,2026-09-16 10:57,HUMANO,Unidade fla@,TYPE_WHATSAPP,app,"Thiago, 

nossa unidade fica na rua Marques de Abrantes, 209 Flamengo. Proximo ao supermercado Hortifruti"
tá quanto depilação nas axilas,,briwHvdfH7oFgGRaCxTG,"axila r$94,90|flamengo|lead|triagem|em atendimento",,2026-09-16 11:18,HUMANO,Unidade fla@,TYPE_WHATSAPP,app,Gostaria de finalizar sua compra?
valdeia,,e65PO3bFOk5TGye2hjZ0,outros descontos|flamengo|lead|triagem|sem resposta,,2026-07-30 13:44,AUTOMAÇÃO,workflow,TYPE_WHATSAPP,workflow,"Oi! Que bom te ver por aqui 🤩

Parabéns pela decisão de começar seu tratamento!

Aqui na Pello Menos usamos o HAKON 4D, que proporciona um resultado mais rápido e duradouro.

E o melhor: a ponteira é geladinha (-12°C), deixando a aplicação muito mais confortável e segura para todos os tipos de pele.

Me conta, qual o seu nome? 💬"
valdeia,,e65PO3bFOk5TGye2hjZ0,outros descontos|flamengo|lead|triagem|sem resposta,,2026-07-30 13:44,CLIENTE,inbound,TYPE_WHATSAPP,,"*Headline:* Conheça a Pello Menos Flamengo
*Source URL:* https://fb.me/7amfOvsO3

Garanta seu desconto nos nossos combos no mês de Julho."
valdeia,,e65PO3bFOk5TGye2hjZ0,outros descontos|flamengo|lead|triagem|sem resposta,,2026-07-30 13:44,SISTEMA,TYPE_ACTIVITY_OPPORTUNITY,TYPE_ACTIVITY_OPPORTUNITY,app,Opportunity created
valdeia,,e65PO3bFOk5TGye2hjZ0,outros descontos|flamengo|lead|triagem|sem resposta,,2026-07-30 18:04,HUMANO,Unidade fla@,TYPE_WHATSAPP,app,"Olá! aqui é a Giulia!

Sou a operadora do Laser da unidade do Flamengo e vou estar dando continuidade no seu atendimento!
Aproveite as oportunidades dos combos de Julho, válidos até 31/07! Vou te apresentar os combos:
🌸Combo 1: Virilha total + 1/2 perna: 10x de 164,80
🌸Combo 2: Virilha cavada + 1/2 perna: 10x de 152,80
🌸Combo 3: Virilha comum + 1/2 perna: 10x de 134,00
Fechando qualquer combo, ganhe de brinde: axila ou buço!

O que achou dessa oportunidade?"
valdeia,,e65PO3bFOk5TGye2hjZ0,outros descontos|flamengo|lead|triagem|sem resposta,,2026-07-31 11:48,SISTEMA,TYPE_ACTIVITY_OPPORTUNITY,TYPE_ACTIVITY_OPPORTUNITY,app,Opportunity updated
valdeia,,e65PO3bFOk5TGye2hjZ0,outros descontos|flamengo|lead|triagem|sem resposta,,2026-08-14 14:31,SISTEMA,TYPE_ACTIVITY_OPPORTUNITY,TYPE_ACTIVITY_OPPORTUNITY,app,Opportunity updated
valdeia,,e65PO3bFOk5TGye2hjZ0,outros descontos|flamengo|lead|triagem|sem resposta,,2026-08-22 10:15,HUMANO,Unidade fla@,TYPE_WHATSAPP,app,Sua condição ainda está disponível no momento. Me chama para garantir. 😊
valéria,,VzYUHhoRgHn5Ufg5qUTf,outros descontos|flamengo|lead|triagem,,2026-09-03 16:53,AUTOMAÇÃO,workflow,TYPE_WHATSAPP,workflow,"Oi! Que bom te ver por aqui 🤩

Parabéns pela decisão de começar seu tratamento!

Aqui na Pello Menos usamos o HAKON 4D, que proporciona um resultado mais rápido e duradouro.

E o melhor: a ponteira é geladinha (-12°C), deixando a aplicação muito mais confortável e segura para todos os tipos de pele.

Me conta, qual o seu nome? 💬"
valéria,,VzYUHhoRgHn5Ufg5qUTf,outros descontos|flamengo|lead|triagem,,2026-09-03 16:53,CLIENTE,inbound,TYPE_WHATSAPP,,"*Headline:* Conheça a Pello Menos Flamengo
*Source URL:* https://fb.me/hJk4inlcy

Garanta seu desconto nos nossos combos no mês de Setembro."
valéria,,VzYUHhoRgHn5Ufg5qUTf,outros descontos|flamengo|lead|triagem,,2026-09-03 16:53,SISTEMA,TYPE_ACTIVITY_OPPORTUNITY,TYPE_ACTIVITY_OPPORTUNITY,app,Opportunity created
valéria,,VzYUHhoRgHn5Ufg5qUTf,outros descontos|flamengo|lead|triagem,,2026-09-03 19:10,HUMANO,Unidade fla@,TYPE_WHATSAPP,app,"olá, para dar continuidade ao resgate do seu voucher, preciso que nos informe as informações solicitadas"
valéria,,VzYUHhoRgHn5Ufg5qUTf,outros descontos|flamengo|lead|triagem,,2026-09-03 19:11,HUMANO,Unidade fla@,TYPE_WHATSAPP,app,"preciso do seu nome completo, cpf, saber se possui alguma questão de saude importante.

Após esta validação, iremos enviar um link de pagamento, podendo ser em ate 10x"
valéria,,VzYUHhoRgHn5Ufg5qUTf,outros descontos|flamengo|lead|triagem,,2026-09-03 19:14,HUMANO,Unidade fla@,TYPE_WHATSAPP,app,"Nosso combo especial do mês é:

Virilha Total + Intergluteos + Coccix + PSD P (faixa abaixo do umbigo) + Axilas
por R$ 945,00, podendo parcelar em ate 10x"
vanessa barbosa,,Ng7aNqRnzH78sZhzSBJ4,outros descontos|flamengo|sem resposta,,2026-05-27 14:28,AUTOMAÇÃO,workflow,TYPE_WHATSAPP,workflow,"Oi! Que bom te ver por aqui 🤩

Parabéns pela decisão de começar seu tratamento!

Aqui na Pello Menos usamos o HAKON 4D, que proporciona um resultado mais rápido e duradouro.

E o melhor: a ponteira é geladinha (-12°C), deixando a aplicação muito mais confortável e segura para todos os tipos de pele.

Me conta, qual o seu nome? 💬"
vanessa barbosa,,Ng7aNqRnzH78sZhzSBJ4,outros descontos|flamengo|sem resposta,,2026-05-27 14:28,CLIENTE,inbound,TYPE_WHATSAPP,,"*Headline:* Conheça a Pello Menos Flamengo
*Source URL:* https://www.instagram.com/p/DYz_fMcgBio/

Olá! Garanta seu desconto no combo Virilha Total + Interglúteos."
vanessa barbosa,,Ng7aNqRnzH78sZhzSBJ4,outros descontos|flamengo|sem resposta,,2026-05-27 14:28,SISTEMA,TYPE_ACTIVITY_OPPORTUNITY,TYPE_ACTIVITY_OPPORTUNITY,app,Opportunity created
vanessa barbosa,,Ng7aNqRnzH78sZhzSBJ4,outros descontos|flamengo|sem resposta,,2026-05-27 14:30,AUTOMAÇÃO,workflow,TYPE_WHATSAPP,workflow,"Aaah, prazer falar com você, Vanessa Barbosa 😍

Muito obrigada pelas informações!
Eu sou a assistente virtual da Pello Menos, vou te ajudar por aqui rapidinho e já te encaminho para uma das nossas especialistas, tá?

Só pra você saber, a Pello Menos é pioneira em depilação feminina no Brasil, há mais de 30 anos cuidando de mulheres com excelência ✨

Vi que você clicou no nosso anúncio 👀
Me conta só uma coisinha pra gente te direcionar melhor…

Quais regiões mais te incomodam hoje e que você gostaria de se livrar dos pelinhos de vez? 💬"
vanessa barbosa,,Ng7aNqRnzH78sZhzSBJ4,outros descontos|flamengo|sem resposta,,2026-05-27 14:30,CLIENTE,inbound,TYPE_WHATSAPP,,Vanessa
vanessa barbosa,,Ng7aNqRnzH78sZhzSBJ4,outros descontos|flamengo|sem resposta,,2026-05-27 14:31,CLIENTE,inbound,TYPE_WHATSAPP,,Virilha e perianal
vanessa barbosa,,Ng7aNqRnzH78sZhzSBJ4,outros descontos|flamengo|sem resposta,,2026-05-27 14:32,AUTOMAÇÃO,workflow,TYPE_WHATSAPP,workflow,"Perfeito! 😊
Já estou encaminhando suas informações para nossa consultora. 💜"
vanessa barbosa,,Ng7aNqRnzH78sZhzSBJ4,outros descontos|flamengo|sem resposta,,2026-05-27 14:32,SISTEMA,TYPE_ACTIVITY_OPPORTUNITY,TYPE_ACTIVITY_OPPORTUNITY,app,Opportunity updated
vanessa barbosa,,Ng7aNqRnzH78sZhzSBJ4,outros descontos|flamengo|sem resposta,,2026-05-27 14:37,HUMANO,Unidade Flamengo Pello Menos - 2,TYPE_WHATSAPP,app,"Olá! Me chamo Giulia, sou a biomédica responsável da unidade do flamengo.
Qual seria o serviço de virilia? temos: - virilha cavada, virilha cavada com faixa e virilha total. Todas estão inclusas a região perianal."
vanessa barbosa,,Ng7aNqRnzH78sZhzSBJ4,outros descontos|flamengo|sem resposta,,2026-05-27 14:44,CLIENTE,inbound,TYPE_WHATSAPP,,Virilha cavada
vanessa barbosa,,Ng7aNqRnzH78sZhzSBJ4,outros descontos|flamengo|sem resposta,,2026-05-27 14:47,HUMANO,Unidade Flamengo Pello Menos - 2,TYPE_WHATSAPP,app,🌷PROMOÇÃO DIA DAS MÃES
vanessa barbosa,,Ng7aNqRnzH78sZhzSBJ4,outros descontos|flamengo|sem resposta,,2026-05-27 14:47,HUMANO,Unidade Flamengo Pello Menos - 2,TYPE_WHATSAPP,app,"Virilha cavada: 1.163,00"
vanessa barbosa,,Ng7aNqRnzH78sZhzSBJ4,outros descontos|flamengo|sem resposta,,2026-05-27 14:49,HUMANO,Unidade Flamengo Pello Menos - 2,TYPE_WHATSAPP,app,"Também estamos com uma promoção relâmpago:
- Virilha cavada: 10x de 89,50"
vanessa barbosa,,Ng7aNqRnzH78sZhzSBJ4,outros descontos|flamengo|sem resposta,,2026-07-29 12:12,SISTEMA,TYPE_ACTIVITY_OPPORTUNITY,TYPE_ACTIVITY_OPPORTUNITY,app,Opportunity updated
vanessa barbosa,,Ng7aNqRnzH78sZhzSBJ4,outros descontos|flamengo|sem resposta,,2026-08-22 10:55,HUMANO,Unidade fla@,TYPE_WHATSAPP,app,Consegui um desconto ainda melhor para você hoje. Me chama que te explico e já deixo reservado. 😊
vanessa xavier silva,,5OIXjyxEGyLeF7VF5iXY,3 sessões|flamengo|lead|triagem|sem resposta,,2026-08-05 13:37,AUTOMAÇÃO,workflow,TYPE_WHATSAPP,workflow,"🎉 Parabéns! Você ganhou *3 sessões grátis* de depilação a laser com a *Pello Menos.*

Com o *Laser Hacok 4D* que acelera seus resultados e tem a ponteira resfriada garantindo o conforto em cada sessão.

Para liberar seu presente, digita aqui pra mim: *qual o seu nome completo?*"
vanessa xavier silva,,5OIXjyxEGyLeF7VF5iXY,3 sessões|flamengo|lead|triagem|sem resposta,,2026-08-05 13:37,CLIENTE,inbound,TYPE_WHATSAPP,,"*Headline:* Conheça a Pello Menos Flamengo
*Source URL:* https://wa.me/wamo/status/preview/558002821239/120250021877840326

Olá! Gostaria de resgatar o voucher das 3 sessões de axilas ou buço, por favor."
vanessa xavier silva,,5OIXjyxEGyLeF7VF5iXY,3 sessões|flamengo|lead|triagem|sem resposta,,2026-08-05 13:37,SISTEMA,TYPE_ACTIVITY_OPPORTUNITY,TYPE_ACTIVITY_OPPORTUNITY,app,Opportunity created
vanessa xavier silva,,5OIXjyxEGyLeF7VF5iXY,3 sessões|flamengo|lead|triagem|sem resposta,,2026-08-05 13:39,AUTOMAÇÃO,workflow,TYPE_WHATSAPP,workflow,"Aaah, prazer falar com você, Vanessa Xavier Silva 😍

Eu sou a assistente virtual da Pello Menos, vou te ajudar por aqui rapidinho e já te encaminho para uma de nossas especialistas.

A Pello Menos é pioneira em depilação segura há mais de 28 anos, com o Laser Hakon 4D, que atua em quatro dimensões do pelo e garante mais conforto com ponteira a -12 °C.

Para eu fazer seu cadastro e lançar seu presente no nosso sistema, digita aqui seu CPF, por favor ⬇️"
vanessa xavier silva,,5OIXjyxEGyLeF7VF5iXY,3 sessões|flamengo|lead|triagem|sem resposta,,2026-08-05 13:39,CLIENTE,inbound,TYPE_WHATSAPP,,Vanessa Xavier Silva
vanessa xavier silva,,5OIXjyxEGyLeF7VF5iXY,3 sessões|flamengo|lead|triagem|sem resposta,,2026-08-05 19:03,HUMANO,Unidade fla@,TYPE_WHATSAPP,app,"para dar continuidade preciso que informe sua data de nascimento, cpf e tb se existe alguma questão de saúde para inicio do cadastro com posterior finalização na loja fisica - FLAMENGO"
vanessa xavier silva,,5OIXjyxEGyLeF7VF5iXY,3 sessões|flamengo|lead|triagem|sem resposta,,2026-08-14 15:05,SISTEMA,TYPE_ACTIVITY_OPPORTUNITY,TYPE_ACTIVITY_OPPORTUNITY,app,Opportunity updated
vanessa xavier silva,,5OIXjyxEGyLeF7VF5iXY,3 sessões|flamengo|lead|triagem|sem resposta,,2026-08-21 12:39,HUMANO,Unidade fla@,TYPE_WHATSAPP,app,Consegui manter a condição especial que te passei. Me chama para garantir antes que saia do sistema. 😊
victor hugo rodrigues torres salgueiro,,ei0eiFhhvkj7X7SRHg4J,3 sessões|flamengo|lead|triagem|comanda cortesia aberta,,2026-07-20 09:01,AUTOMAÇÃO,workflow,TYPE_WHATSAPP,workflow,"🎉 Parabéns! Você ganhou *3 sessões grátis* de depilação a laser com a *Pello Menos.*

Com o *Laser Hacok 4D* que acelera seus resultados e tem a ponteira resfriada garantindo o conforto em cada sessão.

Para liberar seu presente, digita aqui pra mim: *qual o seu nome completo?*"
victor hugo rodrigues torres salgueiro,,ei0eiFhhvkj7X7SRHg4J,3 sessões|flamengo|lead|triagem|comanda cortesia aberta,,2026-07-20 09:01,CLIENTE,inbound,TYPE_WHATSAPP,,"*Headline:* Conheça a Pello Menos Flamengo
*Source URL:* https://fb.me/7fYU1oJqC

Olá! Gostaria de resgatar o voucher das 3 sessões de axilas ou buço, por favor."
victor hugo rodrigues torres salgueiro,,ei0eiFhhvkj7X7SRHg4J,3 sessões|flamengo|lead|triagem|comanda cortesia aberta,,2026-07-20 09:01,SISTEMA,TYPE_ACTIVITY_OPPORTUNITY,TYPE_ACTIVITY_OPPORTUNITY,app,Opportunity created
victor hugo rodrigues torres salgueiro,,ei0eiFhhvkj7X7SRHg4J,3 sessões|flamengo|lead|triagem|comanda cortesia aberta,,2026-07-20 09:02,AUTOMAÇÃO,workflow,TYPE_WHATSAPP,workflow,"Aaah, prazer falar com você, Victor Hugo Rodrigues Torres Salgueiro 😍

Eu sou a assistente virtual da Pello Menos, vou te ajudar por aqui rapidinho e já te encaminho para uma de nossas especialistas.

A Pello Menos é pioneira em depilação segura há mais de 28 anos, com o Laser Hakon 4D, que atua em quatro dimensões do pelo e garante mais conforto com ponteira a -12 °C.

Para eu fazer seu cadastro e lançar seu presente no nosso sistema, digita aqui seu CPF, por favor ⬇️"
victor hugo rodrigues torres salgueiro,,ei0eiFhhvkj7X7SRHg4J,3 sessões|flamengo|lead|triagem|comanda cortesia aberta,,2026-07-20 09:02,CLIENTE,inbound,TYPE_WHATSAPP,,Victor Hugo Rodrigues Torres Salgueiro
victor hugo rodrigues torres salgueiro,,ei0eiFhhvkj7X7SRHg4J,3 sessões|flamengo|lead|triagem|comanda cortesia aberta,,2026-07-20 09:06,AUTOMAÇÃO,workflow,TYPE_WHATSAPP,workflow,"Já anotei tudo aqui 💜
Agora só preciso que você me responda rapidinho sobre as contraindicações, para garantir sua segurança no tratamento, tudo bem?

1️⃣ Tem tatuagem ou cicatriz na área a ser tratada?
2️⃣ Possui pelos brancos, loiros ou ruivos na região?
3️⃣ Tem alguma doença diagnosticada? Se sim, qual?
4️⃣ Já teve algum tipo de câncer ?
5️⃣ Está usando algum medicamento atualmente?
6️⃣ Faz bronzeamento artificial com frequência?
7️⃣ Está grávida ou amamentando ?
8️⃣ Tem melasma ou outras condições na pele, como manchas ou sensibilidade?

👉 Se nenhuma das opções se aplicar a você, pode responder: ""Não para todas"". Assim, consigo Garantir o seu Presente com total segurança e tranquilidade! 😉

Só lembrando que esta é uma pre-anamnese, e quando for a loja para iniciar o seu tratamento precisará preencher a anamnese oficial com a profissional do laser ok?!"
victor hugo rodrigues torres salgueiro,,ei0eiFhhvkj7X7SRHg4J,3 sessões|flamengo|lead|triagem|comanda cortesia aberta,,2026-07-20 09:06,CLIENTE,inbound,TYPE_WHATSAPP,,15392126707
victor hugo rodrigues torres salgueiro,,ei0eiFhhvkj7X7SRHg4J,3 sessões|flamengo|lead|triagem|comanda cortesia aberta,,2026-07-20 09:08,AUTOMAÇÃO,workflow,TYPE_WHATSAPP,workflow,"Perfeito! 😊
Já estou encaminhando suas informações para uma de nossas consultoras.

Enquanto isso, me conta: além da área que você ganhou de presente, tem alguma outra área que você gostaria de conhecer melhor, sem compromisso? 💜"
victor hugo rodrigues torres salgueiro,,ei0eiFhhvkj7X7SRHg4J,3 sessões|flamengo|lead|triagem|comanda cortesia aberta,,2026-07-20 09:08,CLIENTE,inbound,TYPE_WHATSAPP,,"1_ Não 
2_ Não 
3_ Não 
4_ Não 
5_ Não 
6_ Não 
7_ Não 
8_ Não"
victor hugo rodrigues torres salgueiro,,ei0eiFhhvkj7X7SRHg4J,3 sessões|flamengo|lead|triagem|comanda cortesia aberta,,2026-07-20 09:08,SISTEMA,TYPE_ACTIVITY_OPPORTUNITY,TYPE_ACTIVITY_OPPORTUNITY,app,Opportunity updated
victor hugo rodrigues torres salgueiro,,ei0eiFhhvkj7X7SRHg4J,3 sessões|flamengo|lead|triagem|comanda cortesia aberta,,2026-07-21 10:58,SISTEMA,TYPE_ACTIVITY_OPPORTUNITY,TYPE_ACTIVITY_OPPORTUNITY,app,Opportunity updated
victor hugo rodrigues torres salgueiro,,ei0eiFhhvkj7X7SRHg4J,3 sessões|flamengo|lead|triagem|comanda cortesia aberta,,2026-07-21 11:19,SISTEMA,TYPE_ACTIVITY_OPPORTUNITY,TYPE_ACTIVITY_OPPORTUNITY,app,Opportunity updated
victor hugo rodrigues torres salgueiro,,ei0eiFhhvkj7X7SRHg4J,3 sessões|flamengo|lead|triagem|comanda cortesia aberta,,2026-09-01 14:50,HUMANO,Unidade fla@,TYPE_WHATSAPP,app,Oi! 🙂 Falta pouco para finalizarmos seu cadastro e dar continuidade ao seu atendimento. Me chama que já deixo tudo pronto para você.
yonah periard,,hOMt4iVb1dRm0iAB4S7n,3 sessões|flamengo|lead|triagem|sem resposta,,2026-08-07 17:04,AUTOMAÇÃO,workflow,TYPE_WHATSAPP,workflow,"🎉 Parabéns! Você ganhou *3 sessões grátis* de depilação a laser com a *Pello Menos.*

Com o *Laser Hacok 4D* que acelera seus resultados e tem a ponteira resfriada garantindo o conforto em cada sessão.

Para liberar seu presente, digita aqui pra mim: *qual o seu nome completo?*"
yonah periard,,hOMt4iVb1dRm0iAB4S7n,3 sessões|flamengo|lead|triagem|sem resposta,,2026-08-07 17:04,CLIENTE,inbound,TYPE_WHATSAPP,,"*Headline:* Conheça a Pello Menos Flamengo
*Source URL:* https://www.instagram.com/p/Dbs6216A3Ni/

Olá! Gostaria de resgatar o voucher das 3 sessões de axilas ou buço, por favor."
yonah periard,,hOMt4iVb1dRm0iAB4S7n,3 sessões|flamengo|lead|triagem|sem resposta,,2026-08-07 17:04,SISTEMA,TYPE_ACTIVITY_OPPORTUNITY,TYPE_ACTIVITY_OPPORTUNITY,app,Opportunity created
yonah periard,,hOMt4iVb1dRm0iAB4S7n,3 sessões|flamengo|lead|triagem|sem resposta,,2026-08-14 15:03,SISTEMA,TYPE_ACTIVITY_OPPORTUNITY,TYPE_ACTIVITY_OPPORTUNITY,app,Opportunity updated
yonah periard,,hOMt4iVb1dRm0iAB4S7n,3 sessões|flamengo|lead|triagem|sem resposta,,2026-08-21 12:37,HUMANO,Unidade fla@,TYPE_WHATSAPP,app,Oi! 🙂 Falta pouco para finalizarmos seu cadastro e dar continuidade ao seu atendimento. Me chama que já deixo tudo pronto para você.
ávila,,gBANWl6xthgV3fQGZbyR,flamengo|lead|triagem,,2026-07-15 12:33,CLIENTE,inbound,TYPE_WHATSAPP,,"*Headline:* Conheça a Pello Menos Flamengo
*Source URL:* https://fb.me/7eGu4sW8T

Boa tarde 
Desculpe entrar por aqui 
Vocês estão precisando de depiladora ?"
ávila,,gBANWl6xthgV3fQGZbyR,flamengo|lead|triagem,,2026-07-15 12:34,SISTEMA,TYPE_ACTIVITY_OPPORTUNITY,TYPE_ACTIVITY_OPPORTUNITY,app,Opportunity created
é só para novos clientes?,,DaOkbEfsN3fsavYDNrRY,3 sessões|flamengo|triagem|sem resposta,,2026-05-29 11:55,AUTOMAÇÃO,workflow,TYPE_WHATSAPP,workflow,"🎉 Parabéns! Você ganhou *3 sessões grátis* de depilação a laser com a *Pello Menos.*

Com o *Laser Hacon 4D* que acelera seus resultados e tem a ponteira resfriada garantindo o conforto em cada sessão.

Para liberar seu presente, digita aqui pra mim: *qual o seu nome completo?*"
é só para novos clientes?,,DaOkbEfsN3fsavYDNrRY,3 sessões|flamengo|triagem|sem resposta,,2026-05-29 11:55,CLIENTE,inbound,TYPE_WHATSAPP,,"*Headline:* Conheça a Pello Menos Flamengo
*Source URL:* https://www.instagram.com/p/DYz_e8zAE_q/

Olá! Gostaria de resgatar o voucher das 3 sessões de axilas ou buço, por favor."
é só para novos clientes?,,DaOkbEfsN3fsavYDNrRY,3 sessões|flamengo|triagem|sem resposta,,2026-05-29 11:55,SISTEMA,TYPE_ACTIVITY_OPPORTUNITY,TYPE_ACTIVITY_OPPORTUNITY,app,Opportunity created
é só para novos clientes?,,DaOkbEfsN3fsavYDNrRY,3 sessões|flamengo|triagem|sem resposta,,2026-05-29 12:10,AUTOMAÇÃO,workflow,TYPE_WHATSAPP,workflow,"Aaah, prazer falar com você, É Só Para Novos Clientes? 😍

Eu sou a assistente virtual da Pello Menos, vou te ajudar por aqui rapidinho e já te encaminho para uma de nossas especialistas.

A Pello Menos é pioneira em depilação segura há mais de 28 anos, com o Laser Hacon 4D, que atua em quatro dimensões do pelo e garante mais conforto com ponteira a -12 °C.

Para eu fazer seu cadastro e lançar seu presente no nosso sistema, digita aqui seu CPF, por favor ⬇️"
é só para novos clientes?,,DaOkbEfsN3fsavYDNrRY,3 sessões|flamengo|triagem|sem resposta,,2026-05-29 12:10,CLIENTE,inbound,TYPE_WHATSAPP,,É só para novos clientes?
é só para novos clientes?,,DaOkbEfsN3fsavYDNrRY,3 sessões|flamengo|triagem|sem resposta,,2026-05-29 12:45,AUTOMAÇÃO,workflow,TYPE_WHATSAPP,workflow,"Já anotei tudo aqui 💜
Agora só preciso que você me responda rapidinho sobre as contraindicações, para garantir sua segurança no tratamento, tudo bem?

1️⃣ Tem tatuagem ou cicatriz na área a ser tratada?
2️⃣ Possui pelos brancos, loiros ou ruivos na região?
3️⃣ Tem alguma doença diagnosticada? Se sim, qual?
4️⃣ Já teve algum tipo de câncer ?
5️⃣ Está usando algum medicamento atualmente?
6️⃣ Faz bronzeamento artificial com frequência?
7️⃣ Está grávida ou amamentando ?
8️⃣ Tem melasma ou outras condições na pele, como manchas ou sensibilidade?

👉 Se nenhuma das opções se aplicar a você, pode responder: “Não para todas”. Assim, consigo Garantir o seu Presente com total segurança e tranquilidade! 😉

Só lembrando que esta é uma pre-anamnese, e quando for a loja para iniciar o seu tratamento precisará preencher a anamnese oficial com a profissional do laser ok?!"
é só para novos clientes?,,DaOkbEfsN3fsavYDNrRY,3 sessões|flamengo|triagem|sem resposta,,2026-05-29 12:45,CLIENTE,inbound,TYPE_WHATSAPP,,100.376.527-02
é só para novos clientes?,,DaOkbEfsN3fsavYDNrRY,3 sessões|flamengo|triagem|sem resposta,,2026-07-14 11:19,SISTEMA,TYPE_ACTIVITY_OPPORTUNITY,TYPE_ACTIVITY_OPPORTUNITY,app,Opportunity updated
é só para novos clientes?,,DaOkbEfsN3fsavYDNrRY,3 sessões|flamengo|triagem|sem resposta,,2026-08-22 10:54,HUMANO,Unidade fla@,TYPE_WHATSAPP,app,Oi! 🙂 Falta pouco para finalizarmos seu cadastro e dar continuidade ao seu atendimento. Me chama que já deixo tudo pronto para você.
❤️,,GMazW167Eyv0PP9yUIl6,3 sessões|flamengo|lead|triagem|reativado|em atendimento,,2026-07-04 13:56,AUTOMAÇÃO,workflow,TYPE_WHATSAPP,workflow,"🎉 Parabéns! Você ganhou *3 sessões grátis* de depilação a laser com a *Pello Menos.*

Com o *Laser Hacok 4D* que acelera seus resultados e tem a ponteira resfriada garantindo o conforto em cada sessão.

Para liberar seu presente, digita aqui pra mim: *qual o seu nome completo?*"
❤️,,GMazW167Eyv0PP9yUIl6,3 sessões|flamengo|lead|triagem|reativado|em atendimento,,2026-07-04 13:56,CLIENTE,inbound,TYPE_WHATSAPP,,"*Headline:* Conheça a Pello Menos Flamengo
*Source URL:* https://www.instagram.com/p/DaV7H0sgzNB/

Olá! Gostaria de resgatar o voucher das 3 sessões de axilas ou buço, por favor."
❤️,,GMazW167Eyv0PP9yUIl6,3 sessões|flamengo|lead|triagem|reativado|em atendimento,,2026-07-04 13:56,SISTEMA,TYPE_ACTIVITY_OPPORTUNITY,TYPE_ACTIVITY_OPPORTUNITY,app,Opportunity created
❤️,,GMazW167Eyv0PP9yUIl6,3 sessões|flamengo|lead|triagem|reativado|em atendimento,,2026-07-14 11:18,SISTEMA,TYPE_ACTIVITY_OPPORTUNITY,TYPE_ACTIVITY_OPPORTUNITY,app,Opportunity updated
❤️,,GMazW167Eyv0PP9yUIl6,3 sessões|flamengo|lead|triagem|reativado|em atendimento,,2026-08-22 10:40,HUMANO,Unidade fla@,TYPE_WHATSAPP,app,"Depilação a Laser - Condição Especial

Oi! 😊 Passando para saber se você ainda tem interesse em fazer sua depilação a laser. Vi que nossa conversa acabou ficando parada e quis te chamar porque posso verificar se ainda temos uma condição especial para você. Se fizer sentido, me chama que te explico rapidinho! 💜"
❤️,,GMazW167Eyv0PP9yUIl6,3 sessões|flamengo|lead|triagem|reativado|em atendimento,,2026-08-22 11:23,CLIENTE,inbound,TYPE_WHATSAPP,,Olá bom dia
❤️,,GMazW167Eyv0PP9yUIl6,3 sessões|flamengo|lead|triagem|reativado|em atendimento,,2026-08-22 11:23,SISTEMA,TYPE_ACTIVITY_OPPORTUNITY,TYPE_ACTIVITY_OPPORTUNITY,app,Opportunity updated
❤️,,GMazW167Eyv0PP9yUIl6,3 sessões|flamengo|lead|triagem|reativado|em atendimento,,2026-08-22 11:24,CLIENTE,inbound,TYPE_WHATSAPP,,Moro em Bonsucesso no RJ
❤️,,GMazW167Eyv0PP9yUIl6,3 sessões|flamengo|lead|triagem|reativado|em atendimento,,2026-08-22 12:02,HUMANO,Unidade fla@,TYPE_WHATSAPP,app,Boa tarde! esse contato é referente à unidade do Flamengo. Solicito que busque o nosso SAC para que consiga aproveitar os descontos de outras unidades: 0800 282 1233
𝕯𝖆𝖎𝖘𝖞 𝕸𝖆𝖗𝖙𝖎𝖓𝖘👑,,9ZN7ApuTpeMXB4qGzrmn,3 sessões|flamengo|lead|triagem|reativado|em atendimento,,2026-08-05 11:57,AUTOMAÇÃO,workflow,TYPE_WHATSAPP,workflow,"🎉 Parabéns! Você ganhou *3 sessões grátis* de depilação a laser com a *Pello Menos.*

Com o *Laser Hacok 4D* que acelera seus resultados e tem a ponteira resfriada garantindo o conforto em cada sessão.

Para liberar seu presente, digita aqui pra mim: *qual o seu nome completo?*"
𝕯𝖆𝖎𝖘𝖞 𝕸𝖆𝖗𝖙𝖎𝖓𝖘👑,,9ZN7ApuTpeMXB4qGzrmn,3 sessões|flamengo|lead|triagem|reativado|em atendimento,,2026-08-05 11:57,CLIENTE,inbound,TYPE_WHATSAPP,,"*Headline:* Conheça a Pello Menos Flamengo
*Source URL:* https://fb.me/69wP2o0It

Olá! Gostaria de resgatar o voucher das 3 sessões de axilas ou buço, por favor."
𝕯𝖆𝖎𝖘𝖞 𝕸𝖆𝖗𝖙𝖎𝖓𝖘👑,,9ZN7ApuTpeMXB4qGzrmn,3 sessões|flamengo|lead|triagem|reativado|em atendimento,,2026-08-05 11:58,SISTEMA,TYPE_ACTIVITY_OPPORTUNITY,TYPE_ACTIVITY_OPPORTUNITY,app,Opportunity created
𝕯𝖆𝖎𝖘𝖞 𝕸𝖆𝖗𝖙𝖎𝖓𝖘👑,,9ZN7ApuTpeMXB4qGzrmn,3 sessões|flamengo|lead|triagem|reativado|em atendimento,,2026-08-05 12:47,HUMANO,Unidade fla@,TYPE_WHATSAPP,app,"Olá! aqui é a Giulia, operadora do Laser da unidade do Flamengo.

Para continuarmos, preciso concluir seu cadastro no sistema e após seu cadastro, você pode vir na unidade realizar sua sessão presente.

Pode me informar seu nome completo, cpf e data de nascimento?"
𝕯𝖆𝖎𝖘𝖞 𝕸𝖆𝖗𝖙𝖎𝖓𝖘👑,,9ZN7ApuTpeMXB4qGzrmn,3 sessões|flamengo|lead|triagem|reativado|em atendimento,,2026-08-14 15:05,SISTEMA,TYPE_ACTIVITY_OPPORTUNITY,TYPE_ACTIVITY_OPPORTUNITY,app,Opportunity updated
𝕯𝖆𝖎𝖘𝖞 𝕸𝖆𝖗𝖙𝖎𝖓𝖘👑,,9ZN7ApuTpeMXB4qGzrmn,3 sessões|flamengo|lead|triagem|reativado|em atendimento,,2026-08-21 12:40,HUMANO,Unidade fla@,TYPE_WHATSAPP,app,Sua condição ainda está disponível no momento. Me chama para garantir. 😊
𝕯𝖆𝖎𝖘𝖞 𝕸𝖆𝖗𝖙𝖎𝖓𝖘👑,,9ZN7ApuTpeMXB4qGzrmn,3 sessões|flamengo|lead|triagem|reativado|em atendimento,,2026-08-21 13:03,CLIENTE,inbound,TYPE_WHATSAPP,,Vou
𝕯𝖆𝖎𝖘𝖞 𝕸𝖆𝖗𝖙𝖎𝖓𝖘👑,,9ZN7ApuTpeMXB4qGzrmn,3 sessões|flamengo|lead|triagem|reativado|em atendimento,,2026-08-21 13:03,SISTEMA,TYPE_ACTIVITY_OPPORTUNITY,TYPE_ACTIVITY_OPPORTUNITY,app,Opportunity updated
𝕯𝖆𝖎𝖘𝖞 𝕸𝖆𝖗𝖙𝖎𝖓𝖘👑,,9ZN7ApuTpeMXB4qGzrmn,3 sessões|flamengo|lead|triagem|reativado|em atendimento,,2026-08-28 17:22,CLIENTE,inbound,TYPE_WHATSAPP,,Ola
𝕯𝖆𝖎𝖘𝖞 𝕸𝖆𝖗𝖙𝖎𝖓𝖘👑,,9ZN7ApuTpeMXB4qGzrmn,3 sessões|flamengo|lead|triagem|reativado|em atendimento,,2026-08-28 17:23,CLIENTE,inbound,TYPE_WHATSAPP,,Vcs marcaram hoje 19 hs
𝕯𝖆𝖎𝖘𝖞 𝕸𝖆𝖗𝖙𝖎𝖓𝖘👑,,9ZN7ApuTpeMXB4qGzrmn,3 sessões|flamengo|lead|triagem|reativado|em atendimento,,2026-08-28 17:23,CLIENTE,inbound,TYPE_WHATSAPP,,Foi isso
