criterio_inclusao,mudanca_etapa_em_agosto,significado_ultima_mudanca_etapa,opportunity_id,nome_negociacao,pipeline,etapa_atual,equipamento,produto_baixa_gama,pipeline_stage_id,status,valor,criado_em,ultima_mudanca_etapa,atualizado_em,contato_id,contato_nome,contato_email,contato_telefone,responsavel
A_em_humano_entrada_ate_31ago,Sim,Data em que ENTROU ou REENTROU em Atendimento Humano (ex.: voltou de Perdido). Passou por humano em agosto.,geRooVVrHvW8AtO7iXXn,Priscila Mendonça 4898014820,Locação,Atendimento Humano,,Workshop,e6485698-a548-475c-beff-d79f4da174cd,open,,2026-08-02 14:46,2026-08-03 11:35,2026-08-03 11:35,Jq66zE03jzPRtE67qSac,Priscila Mendonça,,+554898014820,7I7kjU5c2z6JhoCpoC2L
A_em_humano_entrada_ate_31ago,Sim,Data em que ENTROU ou REENTROU em Atendimento Humano (ex.: voltou de Perdido). Passou por humano em agosto.,wQI4UPTUyoqOJennH7HS,Tatiana Grazielle Pacheco 31998934319,Locação,Atendimento Humano,,Workshop do Hakon,e6485698-a548-475c-beff-d79f4da174cd,open,,2026-07-23 14:07,2026-08-03 11:39,2026-08-03 11:39,JkkQkSokF2tRsE2HkW1a,Tatiana Grazielle Pacheco,,+553198934319,7I7kjU5c2z6JhoCpoC2L
A_em_humano_entrada_ate_31ago,Sim,Data em que ENTROU ou REENTROU em Atendimento Humano (ex.: voltou de Perdido). Passou por humano em agosto.,jsVrcqA5zL1lduDpVuqg,Rodrigo Conrado 5181543145,Locação,Atendimento Humano,,workshop,e6485698-a548-475c-beff-d79f4da174cd,open,,2026-08-02 01:28,2026-08-03 11:42,2026-08-03 11:42,F06OKZTEING8xDfxY7os,Rodrigo Conrado,,+555181543145,7I7kjU5c2z6JhoCpoC2L
A_em_humano_entrada_ate_31ago,Sim,Data em que ENTROU ou REENTROU em Atendimento Humano (ex.: voltou de Perdido). Passou por humano em agosto.,L0kKL03eCIdECX88WXMi,Andressa 21999084551,Locação,Atendimento Humano,,Workshop,e6485698-a548-475c-beff-d79f4da174cd,open,,2026-08-03 21:45,2026-08-04 11:28,2026-08-04 11:28,ZFEqUudyp9QkiX2pBvHY,Andressa,andressa.evm@hotmail.com,+5521999084551,7I7kjU5c2z6JhoCpoC2L
A_em_humano_entrada_ate_31ago,Sim,Data em que ENTROU ou REENTROU em Atendimento Humano (ex.: voltou de Perdido). Passou por humano em agosto.,zjxgooCsRrvvVD7eZy9P,Cassia Ladislau 21967093450,Locação,Atendimento Humano,,Laser Day,e6485698-a548-475c-beff-d79f4da174cd,open,,2026-08-04 15:20,2026-08-04 17:17,2026-08-04 17:17,l8vXEPxvahZ3hm1QA54V,Cassia Ladislau,cassialadisau@gmail.com,+5521967093450,7I7kjU5c2z6JhoCpoC2L
A_em_humano_entrada_ate_31ago,Sim,Data em que ENTROU ou REENTROU em Atendimento Humano (ex.: voltou de Perdido). Passou por humano em agosto.,L1ABIl8kaEsesQROx2xY,Ana Carolina 21981083292,Locação,Atendimento Humano,,MeetingTec do Hegon,e6485698-a548-475c-beff-d79f4da174cd,open,,2026-08-05 09:35,2026-08-05 11:01,2026-08-05 11:01,KRpVo85tnjaAvPq8bPzJ,Ana Carolina,,+5521981083292,7I7kjU5c2z6JhoCpoC2L
A_em_humano_entrada_ate_31ago,Sim,Data em que ENTROU ou REENTROU em Atendimento Humano (ex.: voltou de Perdido). Passou por humano em agosto.,O6O7XV5DzIkWJ6g2dY8z,Dra Raquel Monteiro M Bertazo 24999558984,Locação,Atendimento Humano,Hegon,,e6485698-a548-475c-beff-d79f4da174cd,open,,2026-08-05 11:36,2026-08-05 11:36,2026-08-05 11:37,codqi4cB2IcsZOJBgofB,Dra Raquel Monteiro M. Bertazo,,+5524999558984,7I7kjU5c2z6JhoCpoC2L
A_em_humano_entrada_ate_31ago,Sim,Data em que ENTROU ou REENTROU em Atendimento Humano (ex.: voltou de Perdido). Passou por humano em agosto.,zDKTlfHh2J4Cd0XnDpko,Ka Di Lima 🔥,Locação,Atendimento Humano,,,e6485698-a548-475c-beff-d79f4da174cd,open,,2026-08-05 16:02,2026-08-05 16:02,2026-08-05 16:02,F7yNkfXkXPCFJbIHajhT,Ka Di Lima 🔥,,+554196301736,
A_em_humano_entrada_ate_31ago,Sim,Data em que ENTROU ou REENTROU em Atendimento Humano (ex.: voltou de Perdido). Passou por humano em agosto.,9o51P0bin5RMrolWsjrR,Luciene Alves 21975395028,Locação,Atendimento Humano,,MeetingTec do Hegon,e6485698-a548-475c-beff-d79f4da174cd,open,,2026-08-05 19:33,2026-08-06 08:40,2026-08-06 08:41,XUour83pst0DyyrJ4Qov,Luciene Alves,,+5521975395028,7I7kjU5c2z6JhoCpoC2L
A_em_humano_entrada_ate_31ago,Sim,Data em que ENTROU ou REENTROU em Atendimento Humano (ex.: voltou de Perdido). Passou por humano em agosto.,UMzqRihwLw7HmWmiAShy,Viviane 21974500052,Locação,Atendimento Humano,,MeetingTec do Hegon,e6485698-a548-475c-beff-d79f4da174cd,open,,2026-08-06 21:33,2026-08-07 11:31,2026-08-07 11:32,u93JqOItTOQym2E1XJ8y,Viviane,,+5521974500052,7I7kjU5c2z6JhoCpoC2L
A_em_humano_entrada_ate_31ago,Sim,Data em que ENTROU ou REENTROU em Atendimento Humano (ex.: voltou de Perdido). Passou por humano em agosto.,cc9iathugK7iF2fkTIdl,Dra Ingrid Amorim 21964485917,Locação,Atendimento Humano,,MeetingTec do Hegon,e6485698-a548-475c-beff-d79f4da174cd,open,,2026-08-07 00:15,2026-08-07 15:46,2026-08-07 15:46,PnBvRV0WH1O3ZHf0YUmE,Dra Ingrid Amorim,,+5521964485917,7I7kjU5c2z6JhoCpoC2L
A_em_humano_entrada_ate_31ago,Sim,Data em que ENTROU ou REENTROU em Atendimento Humano (ex.: voltou de Perdido). Passou por humano em agosto.,4B42kifQBpfgUC1MiKIz,Alessandra Amaral 21990121947,Locação,Atendimento Humano,Hegon,,e6485698-a548-475c-beff-d79f4da174cd,open,,2026-08-08 12:12,2026-08-08 12:12,2026-08-10 18:28,u8HKZoaxOjMUQtQLsKsB,Alessandra Amaral,,+5521990121947,gnyO0Eyvu7p8SyTNfT0I
A_em_humano_entrada_ate_31ago,Sim,Data em que ENTROU ou REENTROU em Atendimento Humano (ex.: voltou de Perdido). Passou por humano em agosto.,eniosy2HiJsFPtzXnW8S,Lais Strapasson 21973100200,Locação,Atendimento Humano,Ptolomeu,,e6485698-a548-475c-beff-d79f4da174cd,open,,2026-08-09 21:17,2026-08-09 21:17,2026-08-10 13:03,YmHgaoyDXSk5131p0nxD,Lais Strapasson,laissguimaraes@gmail.com,+5521973100200,gnyO0Eyvu7p8SyTNfT0I
A_em_humano_entrada_ate_31ago,Sim,Data em que ENTROU ou REENTROU em Atendimento Humano (ex.: voltou de Perdido). Passou por humano em agosto.,mevCjo3vF18ffouXOCny,Dra Mylliane Ferreira 21964913641,Locação,Atendimento Humano,,MeetingTec do Hegon,e6485698-a548-475c-beff-d79f4da174cd,open,,2026-08-10 09:45,2026-08-10 09:45,2026-08-10 09:48,DM8ER8S8RFztsPhFpOvy,Dra Mylliane Ferreira,,+5521964913641,7I7kjU5c2z6JhoCpoC2L
A_em_humano_entrada_ate_31ago,Sim,Data em que ENTROU ou REENTROU em Atendimento Humano (ex.: voltou de Perdido). Passou por humano em agosto.,Z0SqPKZIrFKYCcTKzJIj,Dr Angelo Souza 21983510938,Locação,Atendimento Humano,,MeetingTec do Hegon,e6485698-a548-475c-beff-d79f4da174cd,open,,2026-08-10 09:53,2026-08-10 09:53,2026-08-10 09:54,1rkpt2NwEVHDveQvpF7I,Dr Angelo Souza,,+5521983510938,7I7kjU5c2z6JhoCpoC2L
A_em_humano_entrada_ate_31ago,Sim,Data em que ENTROU ou REENTROU em Atendimento Humano (ex.: voltou de Perdido). Passou por humano em agosto.,3yB9ijFYpyztl7qSmtLB,Cynthia Boetto 21986421218,Locação,Atendimento Humano,,Laser Day,e6485698-a548-475c-beff-d79f4da174cd,open,,2026-08-10 09:56,2026-08-10 09:56,2026-08-10 09:58,q2ClKjOqcnsMMls1KaSu,Cynthia Boetto,,+5521986421218,7I7kjU5c2z6JhoCpoC2L
A_em_humano_entrada_ate_31ago,Sim,Data em que ENTROU ou REENTROU em Atendimento Humano (ex.: voltou de Perdido). Passou por humano em agosto.,KPcif87hBn7nz2GJpQY1,Dra Rejiane Souza| Harmonização Facial RJ 21983299625,Locação,Atendimento Humano,,MeetingTec Hegon,e6485698-a548-475c-beff-d79f4da174cd,open,,2026-08-10 10:38,2026-08-10 16:19,2026-08-10 16:19,q1bdH7BfQzEuObyEcUUb,Dra Rejiane Souza| Harmonização Facial RJ,rejianesouza06@gmail.com.br,+5521983299625,7I7kjU5c2z6JhoCpoC2L
A_em_humano_entrada_ate_31ago,Sim,Data em que ENTROU ou REENTROU em Atendimento Humano (ex.: voltou de Perdido). Passou por humano em agosto.,Wg7K3ojaTYv27CScNjdR,Caroline 21999202311,Locação,Atendimento Humano,,MeetingTec do hegon,e6485698-a548-475c-beff-d79f4da174cd,open,,2026-08-09 21:33,2026-08-10 16:58,2026-08-10 16:58,1RciVhTS4yCmNjB193dL,Caroline,,+5521999202311,7I7kjU5c2z6JhoCpoC2L
A_em_humano_entrada_ate_31ago,Sim,Data em que ENTROU ou REENTROU em Atendimento Humano (ex.: voltou de Perdido). Passou por humano em agosto.,d2qCViV54JmdY0Dmu8zR,Rômulo Vieira 21971170328,Locação,Atendimento Humano,,MeetingTec do Hegon,e6485698-a548-475c-beff-d79f4da174cd,open,,2026-08-09 13:07,2026-08-10 17:25,2026-08-10 17:25,atxqwIMI0oZarfgKZjL9,Rômulo Vieira,,+5521971170328,7I7kjU5c2z6JhoCpoC2L
A_em_humano_entrada_ate_31ago,Sim,Data em que ENTROU ou REENTROU em Atendimento Humano (ex.: voltou de Perdido). Passou por humano em agosto.,Iig6IX4Pym7idusV4WwN,Ivete Patricio 21997190868,Locação,Atendimento Humano,Criodermis,,e6485698-a548-475c-beff-d79f4da174cd,open,,2026-07-21 10:33,2026-08-18 08:03,2026-08-18 08:03,TgFPAn92mBTMDZYbfkVI,Ivete Patricio,ivetecentrofisio@hotmail.com,+5521997190868,gnyO0Eyvu7p8SyTNfT0I
A_em_humano_entrada_ate_31ago,Sim,Data em que ENTROU ou REENTROU em Atendimento Humano (ex.: voltou de Perdido). Passou por humano em agosto.,cdhEbiZaxb5Yl0TjGJAd,Eliane 21994269565,Locação,Atendimento Humano,,Locação da sala do nova américa,e6485698-a548-475c-beff-d79f4da174cd,open,,2026-08-19 09:52,2026-08-19 09:52,2026-08-19 09:52,QD3T54j038NZiR9uh1um,Eliane,,+5521994269565,7I7kjU5c2z6JhoCpoC2L
A_em_humano_entrada_ate_31ago,Sim,Data em que ENTROU ou REENTROU em Atendimento Humano (ex.: voltou de Perdido). Passou por humano em agosto.,9F36h6MgRfoaX5Izr0KI,Milena Goncalves 21970351496,Locação,Atendimento Humano,,Locação da sala,e6485698-a548-475c-beff-d79f4da174cd,open,,2026-08-19 12:02,2026-08-19 12:02,2026-08-19 12:02,UmqWEaL1DfAdJf21dNN4,Milena Goncalves,,+5521970351496,7I7kjU5c2z6JhoCpoC2L
A_em_humano_entrada_ate_31ago,Sim,Data em que ENTROU ou REENTROU em Atendimento Humano (ex.: voltou de Perdido). Passou por humano em agosto.,fidyQIWnTthWOfpYrscn,Juliana Rocha 21968764988,Locação,Atendimento Humano,Hakon,,e6485698-a548-475c-beff-d79f4da174cd,open,,2026-08-19 15:31,2026-08-19 15:31,2026-08-19 15:32,hdoKk6f9dAN1STpvjJzr,Juliana Rocha,,+5521968764988,7I7kjU5c2z6JhoCpoC2L
A_em_humano_entrada_ate_31ago,Sim,Data em que ENTROU ou REENTROU em Atendimento Humano (ex.: voltou de Perdido). Passou por humano em agosto.,V2AW6bJf0pznIdAe8Y7p,Ana Beatriz Couto 21964313781,Locação,Atendimento Humano,,Locação da sala do Nova América,e6485698-a548-475c-beff-d79f4da174cd,open,,2026-08-19 17:07,2026-08-19 17:07,2026-08-19 17:09,iLzweK2OTw18zoWhd2Rj,Ana Beatriz Couto,,+5521964313781,7I7kjU5c2z6JhoCpoC2L
A_em_humano_entrada_ate_31ago,Sim,Data em que ENTROU ou REENTROU em Atendimento Humano (ex.: voltou de Perdido). Passou por humano em agosto.,tKm8OmvACipqjtWLoqbx,Vanusa Freitas 21986389979,Locação,Atendimento Humano,,Locação da sala,e6485698-a548-475c-beff-d79f4da174cd,open,,2026-08-20 08:12,2026-08-20 08:12,2026-08-20 08:12,ld1gpaIJKHQ7I2sqlCLj,Vanusa Freitas,,+5521986389979,7I7kjU5c2z6JhoCpoC2L
A_em_humano_entrada_ate_31ago,Sim,Data em que ENTROU ou REENTROU em Atendimento Humano (ex.: voltou de Perdido). Passou por humano em agosto.,ZzZUU6ws4tpF5bkriqaQ,Priscila Benevides Neves 21985397148,Locação,Atendimento Humano,,Sala do Nova américa,e6485698-a548-475c-beff-d79f4da174cd,open,,2026-08-20 15:57,2026-08-20 15:57,2026-08-20 15:58,dcqcUXsjISJSJdrQjlGM,Priscila Benevides Neves,,+5521985397148,7I7kjU5c2z6JhoCpoC2L
A_em_humano_entrada_ate_31ago,Sim,Data em que ENTROU ou REENTROU em Atendimento Humano (ex.: voltou de Perdido). Passou por humano em agosto.,N4R2GMB2d7rjj6who5oJ,Claudia França 21972766597,Locação,Atendimento Humano,,sala do Nova América,e6485698-a548-475c-beff-d79f4da174cd,open,,2026-08-21 08:27,2026-08-21 08:27,2026-08-21 08:28,BHxpVnaFiPbppzZkAOpV,Claudia França,,+5521972766597,7I7kjU5c2z6JhoCpoC2L
A_em_humano_entrada_ate_31ago,Sim,Data em que ENTROU ou REENTROU em Atendimento Humano (ex.: voltou de Perdido). Passou por humano em agosto.,uqkY7DhQYchiVrSPd2Xp,Dra Danielle Ribeiro,Locação,Atendimento Humano,,Sala do Nova américa,e6485698-a548-475c-beff-d79f4da174cd,open,,2026-08-21 11:54,2026-08-21 11:54,2026-08-21 11:57,aRkyB5rMXFs5J2uRziOG,Dra Danielle Ribeiro,,+5521995606849,7I7kjU5c2z6JhoCpoC2L
A_em_humano_entrada_ate_31ago,Sim,Data em que ENTROU ou REENTROU em Atendimento Humano (ex.: voltou de Perdido). Passou por humano em agosto.,Pw7EoQAPpw7j2vK3B4k6,Studio Viviane Nunes 21965535416,Locação,Atendimento Humano,Ptolomeu,,e6485698-a548-475c-beff-d79f4da174cd,open,,2026-08-21 16:54,2026-08-21 16:54,2026-08-21 16:55,ZqjvjHiXuaVuthYvI1iO,Studio Viviane Nunes,,+5521965535416,7I7kjU5c2z6JhoCpoC2L
A_em_humano_entrada_ate_31ago,Sim,Data em que ENTROU ou REENTROU em Atendimento Humano (ex.: voltou de Perdido). Passou por humano em agosto.,GWmnzxSV7dpOuO3Gp44z,Thayane Thate Leonel Mendes (Princesa Das Unhas) 21988589838,Locação,Atendimento Humano,,sala do Nova América,e6485698-a548-475c-beff-d79f4da174cd,open,,2026-08-22 09:50,2026-08-22 09:50,2026-08-24 11:58,AejCpCcTV8BJsH71OqhO,Thayane Thate Leonel Mendes (Princesa Das Unhas),,+5521988589838,7I7kjU5c2z6JhoCpoC2L
A_em_humano_entrada_ate_31ago,Sim,Data em que ENTROU ou REENTROU em Atendimento Humano (ex.: voltou de Perdido). Passou por humano em agosto.,u9GuXjNDbbSRymTH3cKQ,Emily Gomes 21998476528,Locação,Atendimento Humano,,sala do Nova América,e6485698-a548-475c-beff-d79f4da174cd,open,,2026-08-24 09:45,2026-08-24 09:45,2026-08-24 09:45,TllSR9R8AaUeeCP1Kqto,Emily Gomes,,+5521998476528,7I7kjU5c2z6JhoCpoC2L
A_em_humano_entrada_ate_31ago,Sim,Data em que ENTROU ou REENTROU em Atendimento Humano (ex.: voltou de Perdido). Passou por humano em agosto.,QOWrIjHFFzDbfNIGUo8r,Suellen 21995673104,Locação,Atendimento Humano,,Sala do nova américa,e6485698-a548-475c-beff-d79f4da174cd,open,,2026-08-24 12:26,2026-08-24 12:26,2026-08-24 13:27,0wbA8V8HaheQTRc5egEW,Suellen,,+5521995673104,7I7kjU5c2z6JhoCpoC2L
A_em_humano_entrada_ate_31ago,Sim,Data em que ENTROU ou REENTROU em Atendimento Humano (ex.: voltou de Perdido). Passou por humano em agosto.,UDlsSGshbj4SUrMl71yZ,Dra Marcelle Santanna 21995713243,Locação,Atendimento Humano,Hakon,,e6485698-a548-475c-beff-d79f4da174cd,open,,2026-08-24 16:20,2026-08-24 16:20,2026-08-24 16:20,TLLBx6mmeqd6AGAfpJLp,Dra Marcelle Santanna,,+5521995713243,7I7kjU5c2z6JhoCpoC2L
A_em_humano_entrada_ate_31ago,Sim,Data em que ENTROU ou REENTROU em Atendimento Humano (ex.: voltou de Perdido). Passou por humano em agosto.,oxSi5jdhc7EQpPcNFlzM,Leidiana Rocha 21964345843,Locação,Atendimento Humano,,Sala do nova américa,e6485698-a548-475c-beff-d79f4da174cd,open,,2026-08-24 17:42,2026-08-24 17:42,2026-08-24 17:45,sTDl3Eh1bUOFoNJvMhSS,Leidiana Rocha,,+5521964345843,7I7kjU5c2z6JhoCpoC2L
A_em_humano_entrada_ate_31ago,Sim,Data em que ENTROU ou REENTROU em Atendimento Humano (ex.: voltou de Perdido). Passou por humano em agosto.,kC1FBtgt23Ty0iSCm4Cq,Cristiane Oliveira,Locação,Atendimento Humano,,sala do nova américa,e6485698-a548-475c-beff-d79f4da174cd,open,,2026-08-25 09:25,2026-08-25 09:25,2026-08-25 11:53,B6yFarN4SCQ9Er92Av8Y,Cristiane Oliveira,,+5521968273333,7I7kjU5c2z6JhoCpoC2L
A_em_humano_entrada_ate_31ago,Sim,Data em que ENTROU ou REENTROU em Atendimento Humano (ex.: voltou de Perdido). Passou por humano em agosto.,5KsWvDMOB3HMuub1UO2U,João Garcia 21981749437,Locação,Atendimento Humano,,Aluguel da sala do nova américa,e6485698-a548-475c-beff-d79f4da174cd,open,,2026-08-26 09:57,2026-08-26 09:57,2026-08-26 10:40,nNbTKOZO5SB3t3cZPeUo,João Garcia,,+5521981749437,7I7kjU5c2z6JhoCpoC2L
A_em_humano_entrada_ate_31ago,Sim,Data em que ENTROU ou REENTROU em Atendimento Humano (ex.: voltou de Perdido). Passou por humano em agosto.,HaFS301BYy3ui5xJBMc4,Angélica Luz  21999085565,Locação,Atendimento Humano,Liftendo,,e6485698-a548-475c-beff-d79f4da174cd,open,,2026-08-26 13:29,2026-08-26 13:29,2026-08-26 15:58,1fcSBmjtihajno832X9a,Angélica Luz,,+5521999085565,7I7kjU5c2z6JhoCpoC2L
A_em_humano_entrada_ate_31ago,Sim,Data em que ENTROU ou REENTROU em Atendimento Humano (ex.: voltou de Perdido). Passou por humano em agosto.,y4kAZuiyT9qZzgIfToWK,Sara da Silva Soares 21965089031,Locação,Atendimento Humano,,sala do nova américa,e6485698-a548-475c-beff-d79f4da174cd,open,,2026-08-26 16:25,2026-08-26 16:25,2026-08-26 16:30,wBnPF5iTMeJofV0vE9uf,Sara da Silva Soares,,+5521965089031,7I7kjU5c2z6JhoCpoC2L
A_em_humano_entrada_ate_31ago,Sim,Data em que ENTROU ou REENTROU em Atendimento Humano (ex.: voltou de Perdido). Passou por humano em agosto.,TF8IiaoquSN68tI15zbb,Alessandra Bayeux 21971933334,Locação,Atendimento Humano,,Sala do nova américa,e6485698-a548-475c-beff-d79f4da174cd,open,,2026-08-27 13:23,2026-08-27 13:24,2026-08-27 13:24,05slv3agpvoyxOTAxiJe,Alessandra Bayeux,,+5521971933334,7I7kjU5c2z6JhoCpoC2L
A_em_humano_entrada_ate_31ago,Sim,Data em que ENTROU ou REENTROU em Atendimento Humano (ex.: voltou de Perdido). Passou por humano em agosto.,vu8IDC9iAGqZ5auWk4v8,Andressa Cruz 21988983600,Locação,Atendimento Humano,Omer Smart,,e6485698-a548-475c-beff-d79f4da174cd,open,,2026-08-27 15:13,2026-08-27 15:13,2026-08-27 15:13,DQtVaktgVy2vXy47HC0K,Andressa Cruz,,+5521988983600,7I7kjU5c2z6JhoCpoC2L
A_em_humano_entrada_ate_31ago,Sim,Data em que ENTROU ou REENTROU em Atendimento Humano (ex.: voltou de Perdido). Passou por humano em agosto.,sl75lY4U9yw6UjHIqZNs,Lailla Fontarigo 21984097097,Locação,Atendimento Humano,Mpt,,e6485698-a548-475c-beff-d79f4da174cd,open,,2026-08-28 17:18,2026-08-28 17:40,2026-08-28 17:40,DiSnJB60bSkTNzyzioej,Lailla Fontarigo,lailla.fontarigo@yahoo.com.br,+5521984097097,gnyO0Eyvu7p8SyTNfT0I
A_em_humano_entrada_ate_31ago,Sim,Data em que ENTROU ou REENTROU em Atendimento Humano (ex.: voltou de Perdido). Passou por humano em agosto.,fNzc3EDR6yZCkUYaphVz,Mirian 21985588104,Locação,Atendimento Humano,,sala do nova américa,e6485698-a548-475c-beff-d79f4da174cd,open,,2026-08-31 15:10,2026-08-31 15:10,2026-08-31 15:10,PxnMhX7bhQosAcnrfXMz,Mirian,,+5521985588104,7I7kjU5c2z6JhoCpoC2L
A_em_humano_entrada_ate_31ago,Sim,Data em que ENTROU ou REENTROU em Atendimento Humano (ex.: voltou de Perdido). Passou por humano em agosto.,bs1jdtfFO69yEyhvELkM,Amanda Rigamonti 11951442070,Vendas,Atendimento Humano,,,2fc3880f-055e-4271-8ca2-0d1e624fa4ef,open,,2026-08-03 09:21,2026-08-03 09:21,2026-08-03 09:21,borsKBox0EiAqtMVr92W,Amanda Rigamonti,amandarigamontt@gmail.com,+5511951442070,rho3es8TSsZGEXvZ2Zsq
A_em_humano_entrada_ate_31ago,Sim,Data em que ENTROU ou REENTROU em Atendimento Humano (ex.: voltou de Perdido). Passou por humano em agosto.,Etq1vcquKowTwxSDRdVr,Arianne Marchi 11974768864,Vendas,Atendimento Humano,,,2fc3880f-055e-4271-8ca2-0d1e624fa4ef,open,,2026-08-03 09:21,2026-08-03 09:21,2026-08-03 09:21,zFdtA3sJ5PSrVX2uVhEj,Arianne Marchi,aririlopes@hotmail.com,+5511974768864,HcJsCFZY6ZVs0eeXH2lq
A_em_humano_entrada_ate_31ago,Sim,Data em que ENTROU ou REENTROU em Atendimento Humano (ex.: voltou de Perdido). Passou por humano em agosto.,DoNuogMFijRK3YNSRmyn,Dr Rodrigo Ryuji Miyazaki 43999070808,Vendas,Atendimento Humano,,,2fc3880f-055e-4271-8ca2-0d1e624fa4ef,open,,2026-08-03 09:21,2026-08-03 09:21,2026-08-03 09:21,1dtNLWBHP8qtceD7Yp6g,Dr Rodrigo Ryuji Miyazaki,drrodrigomiyazaki@gmail.com,+5543999070808,BadP83SqCkMIcyU9snIg
A_em_humano_entrada_ate_31ago,Sim,Data em que ENTROU ou REENTROU em Atendimento Humano (ex.: voltou de Perdido). Passou por humano em agosto.,k8nSxlPMrE6XCFl4eCHe,Dra Ana Paula Martins 47991223297,Vendas,Atendimento Humano,,,2fc3880f-055e-4271-8ca2-0d1e624fa4ef,open,,2026-08-03 09:21,2026-08-03 09:21,2026-08-03 09:21,biCH3eqrInmWvWfyZCWL,Dra Ana Paula Martins,anapauladiniz7608@gmail.com,+5547991223297,BadP83SqCkMIcyU9snIg
A_em_humano_entrada_ate_31ago,Sim,Data em que ENTROU ou REENTROU em Atendimento Humano (ex.: voltou de Perdido). Passou por humano em agosto.,yuzvpAn1MkPEiONpyXvr,Dra Magda Montalvão 11959840033,Vendas,Atendimento Humano,,,2fc3880f-055e-4271-8ca2-0d1e624fa4ef,open,,2026-08-03 09:21,2026-08-03 09:21,2026-08-03 09:21,RR4zsPhi8o7yzsr0IR6E,Dra Magda Montalvão,magmontal@hotmail.com,+5511959840033,BadP83SqCkMIcyU9snIg
A_em_humano_entrada_ate_31ago,Sim,Data em que ENTROU ou REENTROU em Atendimento Humano (ex.: voltou de Perdido). Passou por humano em agosto.,0QffaAM0MM9iR4TsyIkH,Gisele Carneiro da Silva 22998440581,Vendas,Atendimento Humano,,,2fc3880f-055e-4271-8ca2-0d1e624fa4ef,open,,2026-08-03 09:21,2026-08-03 09:21,2026-08-03 09:21,XVd6Gga4LMcPBgdVeZRg,Gisele Carneiro da Silva,giselecarneiro@yahoo.com.br,+5522998440581,BadP83SqCkMIcyU9snIg
A_em_humano_entrada_ate_31ago,Sim,Data em que ENTROU ou REENTROU em Atendimento Humano (ex.: voltou de Perdido). Passou por humano em agosto.,mHLp1XL2MIup8mJpU0G4,Gisele Rolim 11965026354,Vendas,Atendimento Humano,Mpt,,2fc3880f-055e-4271-8ca2-0d1e624fa4ef,open,,2026-08-03 09:21,2026-08-03 09:21,2026-08-27 19:10,0CXXLU426Sv8tw7CrKvS,Gisele Rolim,gisele.rolim@gmail.com,+5511965026354,BadP83SqCkMIcyU9snIg
A_em_humano_entrada_ate_31ago,Sim,Data em que ENTROU ou REENTROU em Atendimento Humano (ex.: voltou de Perdido). Passou por humano em agosto.,jhycxEbN4bku1qMaFs3s,Jessica Santos 11976685711,Vendas,Atendimento Humano,,,2fc3880f-055e-4271-8ca2-0d1e624fa4ef,open,,2026-08-03 09:21,2026-08-03 09:21,2026-08-03 09:21,GQkin6YzXTnEcbSnFXyY,Jessica Santos,jessicafransantos@hotmail.com,+5511976685711,rho3es8TSsZGEXvZ2Zsq
A_em_humano_entrada_ate_31ago,Sim,Data em que ENTROU ou REENTROU em Atendimento Humano (ex.: voltou de Perdido). Passou por humano em agosto.,RdoUawzeYd9pTaCQdW6M,Karina Silva Gonçalves 48996020313,Vendas,Atendimento Humano,,,2fc3880f-055e-4271-8ca2-0d1e624fa4ef,open,,2026-08-03 09:21,2026-08-03 09:21,2026-08-03 09:21,qqJkql4TvXFsHB9trt7x,Karina Silva Gonçalves,karina-silva1@hotmail.com,+5548996020313,uQNgnn5W2rlgD4UEckTk
A_em_humano_entrada_ate_31ago,Sim,Data em que ENTROU ou REENTROU em Atendimento Humano (ex.: voltou de Perdido). Passou por humano em agosto.,Y55Npc3Trd19rYcP7PFE,Paula Mendes 11914858941,Vendas,Atendimento Humano,,,2fc3880f-055e-4271-8ca2-0d1e624fa4ef,open,,2026-08-03 09:21,2026-08-03 09:21,2026-08-03 09:21,fSHTyIf0ii09RX1pUBQ7,Paula Mendes,paulafreiremendes@outlook.com,+5511914858941,RLFBFjdepFmmmouejXz7
A_em_humano_entrada_ate_31ago,Sim,Data em que ENTROU ou REENTROU em Atendimento Humano (ex.: voltou de Perdido). Passou por humano em agosto.,XcSaaHYjybf5Zf4CM3zN,Priscila Lisboa Figueiredo 31997907305,Vendas,Atendimento Humano,,,2fc3880f-055e-4271-8ca2-0d1e624fa4ef,open,,2026-08-03 09:21,2026-08-03 09:21,2026-08-03 09:21,HdBv78ekgSnkX495gCcn,Priscila Lisboa Figueiredo,priscilalfmed@yahoo.com.br,+5531997907305,BadP83SqCkMIcyU9snIg
A_em_humano_entrada_ate_31ago,Sim,Data em que ENTROU ou REENTROU em Atendimento Humano (ex.: voltou de Perdido). Passou por humano em agosto.,PW0CTfjpa6arNdPDEc4V,Roberta Rodrigues 21985474771,Vendas,Atendimento Humano,,,2fc3880f-055e-4271-8ca2-0d1e624fa4ef,open,,2026-08-03 09:21,2026-08-03 09:21,2026-08-03 09:21,aGhcNzKzOpXSTf45Ayb7,Roberta Rodrigues,robertarodrigues08@hotmail.com,+5521985474771,uQNgnn5W2rlgD4UEckTk
A_em_humano_entrada_ate_31ago,Sim,Data em que ENTROU ou REENTROU em Atendimento Humano (ex.: voltou de Perdido). Passou por humano em agosto.,LfDNmoqRYpNbxErNo4qO,Symone Bauman 19997756285,Vendas,Atendimento Humano,,,2fc3880f-055e-4271-8ca2-0d1e624fa4ef,open,,2026-08-03 09:21,2026-08-03 09:21,2026-08-03 09:21,jCmZfGatEFCHRshJMfnX,Symone Bauman,symonebauman@gmail.com,+5519997756285,1Ft1gE5HxhbmDxM8Y372
B_saiu_humano_mudanca_etapa_em_agosto,Sim,Data em que SAIU de Atendimento Humano (foi para a etapa atual). Passou por humano em agosto.,RC0X0Rw83RGNWNB5I9IA,Francelle Pacheco Kloster 48996049847,Vendas,Análise de crédito,Hegon,,4d5ec528-ca3b-4aa3-b51c-f0686751215e,open,,2026-07-17 14:09,2026-08-03 13:29,2026-08-03 13:29,7ttQpBh5NUnyhkT7LX3S,Francelle Kloster Clínica BioVitta | Estética avançada,francellekloster@hotmail.com,+5548996049847,BadP83SqCkMIcyU9snIg
B_saiu_humano_mudanca_etapa_em_agosto,Sim,Data em que SAIU de Atendimento Humano (foi para a etapa atual). Passou por humano em agosto.,OndSfwaazQ9Ti0un4ONT,Dra Natany Sabrina de Oliveira 31993629986,Vendas,Análise de crédito,"Hegon, Ptolomeu",,4d5ec528-ca3b-4aa3-b51c-f0686751215e,open,136980.98,2026-07-27 14:57,2026-08-03 13:36,2026-08-03 13:45,cesnIzxeVzp5un2dkYeR,Dra Natany,natany-sabrina@hotmail.com,+5531993629986,BadP83SqCkMIcyU9snIg
A_em_humano_entrada_ate_31ago,Sim,Data em que ENTROU ou REENTROU em Atendimento Humano (ex.: voltou de Perdido). Passou por humano em agosto.,3LY5i6nd7aKFSNtMuaZH,Alessandra Nosleda Marim Poveda 19988368945,Vendas,Atendimento Humano,Omer Smart,,2fc3880f-055e-4271-8ca2-0d1e624fa4ef,open,,2026-08-03 16:25,2026-08-03 16:25,2026-08-03 16:25,Y7fu5qSlzeoCoSLFqb4Y,Alessandra Nosleda Marim Poveda,,+5519988368945,zmYKEchnhQE7052CtHqP
A_em_humano_entrada_ate_31ago,Sim,Data em que ENTROU ou REENTROU em Atendimento Humano (ex.: voltou de Perdido). Passou por humano em agosto.,Za8tVeI1upeqhS6BV2tb,Jheniffer Antunes 49984326112,Vendas,Atendimento Humano,Omer Smart,,2fc3880f-055e-4271-8ca2-0d1e624fa4ef,open,,2026-08-03 16:37,2026-08-03 16:37,2026-08-03 16:37,Fvg2voaL6Hl3mjvxY8Iw,Jheniffer Antunes,jhenifferdouglianes@hotmail.com,+5549984326112,zmYKEchnhQE7052CtHqP
A_em_humano_entrada_ate_31ago,Sim,Data em que ENTROU ou REENTROU em Atendimento Humano (ex.: voltou de Perdido). Passou por humano em agosto.,Ldsx35Yu4duuTMmTQQoj,Andreia S Portela 11985209153,Vendas,Atendimento Humano,Pisom,,2fc3880f-055e-4271-8ca2-0d1e624fa4ef,open,,2026-08-03 16:40,2026-08-03 16:40,2026-08-03 16:40,KFgVVdkio5drHATHCbN7,Andreia s Portela,andreiasportela@hotmail.com,+5511985209153,zmYKEchnhQE7052CtHqP
A_em_humano_entrada_ate_31ago,Sim,Data em que ENTROU ou REENTROU em Atendimento Humano (ex.: voltou de Perdido). Passou por humano em agosto.,Ky4Y8kqQjmy7zaHtfJtK,Daniele Aparecida Goncalves 12982607434,Vendas,Atendimento Humano,Hifu,,2fc3880f-055e-4271-8ca2-0d1e624fa4ef,open,,2026-08-03 16:49,2026-08-03 16:49,2026-08-03 16:49,3u1AutjMq1HEiyHRJyfx,Daniele aparecida goncalves,daniele.agoncalves@gmail.com,+5512982607434,1Ft1gE5HxhbmDxM8Y372
A_em_humano_entrada_ate_31ago,Sim,Data em que ENTROU ou REENTROU em Atendimento Humano (ex.: voltou de Perdido). Passou por humano em agosto.,txxhHJoxGzvDA63gvHKs,Carol Lima 11988042667,Vendas,Atendimento Humano,Omer Smart,,2fc3880f-055e-4271-8ca2-0d1e624fa4ef,open,,2026-08-03 16:58,2026-08-03 16:58,2026-08-03 16:58,OEnjMTgA6CoxuyhlhwEf,Carol Lima,caroline.lima1798@gmail.com,+5511988042667,RLFBFjdepFmmmouejXz7
A_em_humano_entrada_ate_31ago,Sim,Data em que ENTROU ou REENTROU em Atendimento Humano (ex.: voltou de Perdido). Passou por humano em agosto.,kZBQWGgMa98ZNBHiCSLI,Gildo Teixeira 19981714060,Vendas,Atendimento Humano,Omer Smart,,2fc3880f-055e-4271-8ca2-0d1e624fa4ef,open,,2026-08-03 17:03,2026-08-03 17:03,2026-08-03 17:03,3f0pSxLQ1KiRUCPDHmdp,Gildo Teixeira,gildofilho@gmail.com,+5519981714060,rho3es8TSsZGEXvZ2Zsq
A_em_humano_entrada_ate_31ago,Sim,Data em que ENTROU ou REENTROU em Atendimento Humano (ex.: voltou de Perdido). Passou por humano em agosto.,coXcAt79pMSZRJb1DGUO,Mario Volochen 41998989853,Vendas,Atendimento Humano,Pisom,,2fc3880f-055e-4271-8ca2-0d1e624fa4ef,open,,2026-08-03 17:07,2026-08-03 17:07,2026-08-03 17:07,ulf68ThjOOTTePEODcxN,Mario Volochen,grupofarmavol@gmail.com,+5541998989853,zmYKEchnhQE7052CtHqP
A_em_humano_entrada_ate_31ago,Sim,Data em que ENTROU ou REENTROU em Atendimento Humano (ex.: voltou de Perdido). Passou por humano em agosto.,ujuXapDnk5e6yYciIQky,Daiane Gomes 53984337221,Vendas,Atendimento Humano,Hakon,,2fc3880f-055e-4271-8ca2-0d1e624fa4ef,open,,2026-08-03 17:11,2026-08-03 17:11,2026-08-03 17:18,88uTPolwpcacNJymPZfN,Daiane Gomes,daianegomes89@hotmail.com,+5553984337221,zmYKEchnhQE7052CtHqP
A_em_humano_entrada_ate_31ago,Sim,Data em que ENTROU ou REENTROU em Atendimento Humano (ex.: voltou de Perdido). Passou por humano em agosto.,MgAoRFFn6XCNYmZZPswZ,Anna Julia Alves Barbosa 38988385073,Vendas,Atendimento Humano,Omer Smart,,2fc3880f-055e-4271-8ca2-0d1e624fa4ef,open,,2026-08-03 17:20,2026-08-03 17:20,2026-08-03 17:20,bJsT9smPHvkGrncMnleX,Anna Júlia Alves Barbosa,annajuliaab22@gmail.com,+5538988385073,HcJsCFZY6ZVs0eeXH2lq
A_em_humano_entrada_ate_31ago,Sim,Data em que ENTROU ou REENTROU em Atendimento Humano (ex.: voltou de Perdido). Passou por humano em agosto.,bqzkJon1o99ALHZacGRV,Maurilio Rodrigues 53999501197,Vendas,Atendimento Humano,Hakon,,2fc3880f-055e-4271-8ca2-0d1e624fa4ef,open,,2026-08-03 17:23,2026-08-03 17:23,2026-08-03 17:23,sOR3kThXDGVMEXsLPFHV,Maurilio Rodrigues,mauriliogoulart@hotmail.com,+5553999501197,rho3es8TSsZGEXvZ2Zsq
A_em_humano_entrada_ate_31ago,Sim,Data em que ENTROU ou REENTROU em Atendimento Humano (ex.: voltou de Perdido). Passou por humano em agosto.,Qc0swMnlwM6Zik8GuTaN,Camila Zanon Da Mata 11974612989,Vendas,Atendimento Humano,Hegon,,2fc3880f-055e-4271-8ca2-0d1e624fa4ef,open,,2026-08-03 17:34,2026-08-03 17:34,2026-08-03 17:34,AIMDt0EeYHNSR2QzHqCp,Camila Zanon da Mata,camilazanon35@gmail.com,+5511974612989,zmYKEchnhQE7052CtHqP
A_em_humano_entrada_ate_31ago,Sim,Data em que ENTROU ou REENTROU em Atendimento Humano (ex.: voltou de Perdido). Passou por humano em agosto.,dOrUneXcxXD7xR3toLTm,Cristiane Goncalves 11992645444,Vendas,Atendimento Humano,Hifu,,2fc3880f-055e-4271-8ca2-0d1e624fa4ef,open,,2026-08-03 17:42,2026-08-03 17:42,2026-08-03 17:42,BsZtGKLSDYdIkWuuKlEa,cristiane Gonçalves,dra.cristianesclara@gmail.com,+5511992645444,BadP83SqCkMIcyU9snIg
A_em_humano_entrada_ate_31ago,Sim,Data em que ENTROU ou REENTROU em Atendimento Humano (ex.: voltou de Perdido). Passou por humano em agosto.,pNGUm3th9kqmtDzJefVZ,Marilene Bento Noleto E Silva 62983102101,Vendas,Atendimento Humano,Hifu,,2fc3880f-055e-4271-8ca2-0d1e624fa4ef,open,,2026-08-03 17:49,2026-08-03 17:49,2026-08-03 17:49,qKhNG21IDqMou4iNFcZp,Marilene Bento Noleto e Silva,marinoleto@hotmail.com,+5562983102101,1Ft1gE5HxhbmDxM8Y372
A_em_humano_entrada_ate_31ago,Sim,Data em que ENTROU ou REENTROU em Atendimento Humano (ex.: voltou de Perdido). Passou por humano em agosto.,ogbAABATH5rj2QGfNARq,Grazielle Pereira 4791629509,Vendas,Atendimento Humano,Hegon,,2fc3880f-055e-4271-8ca2-0d1e624fa4ef,open,,2026-08-03 17:51,2026-08-03 17:51,2026-08-03 17:51,Duorw0afYxeq7fjv3sU6,Grazielle,gragerent@yahoo.com.br,+554791629509,BadP83SqCkMIcyU9snIg
A_em_humano_entrada_ate_31ago,Sim,Data em que ENTROU ou REENTROU em Atendimento Humano (ex.: voltou de Perdido). Passou por humano em agosto.,FnEypoI4EPJW24F1zpjm,Luiza Rodrigues Alves Abreu 38999004061,Vendas,Atendimento Humano,Omer Smart,,2fc3880f-055e-4271-8ca2-0d1e624fa4ef,open,,2026-08-03 17:55,2026-08-03 17:55,2026-08-03 17:55,9AlDzmZNo3GczhkssOvT,Luíza Rodrigues Alves Abreu,luiza.zootec@gmail.com,+5538999004061,uQNgnn5W2rlgD4UEckTk
A_em_humano_entrada_ate_31ago,Sim,Data em que ENTROU ou REENTROU em Atendimento Humano (ex.: voltou de Perdido). Passou por humano em agosto.,mLkgJIPG5JRNWROGRbPJ,Isis Gomes 51991843302,Vendas,Atendimento Humano,Hegon,,2fc3880f-055e-4271-8ca2-0d1e624fa4ef,open,,2026-08-03 18:02,2026-08-03 18:02,2026-08-03 18:02,XU7ajwT3oVBiCeYngGY1,Ísis gomes,isisgomescontato@gmail.com,+5551991843302,zmYKEchnhQE7052CtHqP
A_em_humano_entrada_ate_31ago,Sim,Data em que ENTROU ou REENTROU em Atendimento Humano (ex.: voltou de Perdido). Passou por humano em agosto.,mJ045m7kftPZyMV4ztf7,Lillya Lima 33991698580,Vendas,Atendimento Humano,,Criusculpt ,2fc3880f-055e-4271-8ca2-0d1e624fa4ef,open,,2026-06-18 15:24,2026-08-04 08:49,2026-08-04 08:49,ba9ewbBJeVPrXZd6kJnz,Lillya Lima (Clínica Espaço Saúde | Estética - Beleza - Bem-Estar),lillyalima119@gmail.com.br,+5533991698580,MQwUeTPdGWQQ0VwsaAVr
A_em_humano_entrada_ate_31ago,Sim,Data em que ENTROU ou REENTROU em Atendimento Humano (ex.: voltou de Perdido). Passou por humano em agosto.,eMvgCRT7autvjumsHQYQ,Alessandra Costa 24999343848,Vendas,Atendimento Humano,Liftendo,,2fc3880f-055e-4271-8ca2-0d1e624fa4ef,open,,2026-06-23 16:52,2026-08-04 09:02,2026-08-04 09:02,H055NecxwqopKewKqEM3,Alessandra Costa,alessandra.costa3@hotmail.com,+5524999343848,1Ft1gE5HxhbmDxM8Y372
A_em_humano_entrada_ate_31ago,Sim,Data em que ENTROU ou REENTROU em Atendimento Humano (ex.: voltou de Perdido). Passou por humano em agosto.,SOfQcw5TXIGYZm3i47hB,Luciana Couto 31992423456,Vendas,Atendimento Humano,,Jato de plasma,2fc3880f-055e-4271-8ca2-0d1e624fa4ef,open,,2026-06-10 14:38,2026-08-04 09:15,2026-08-04 09:15,DynZdEGMZ3ZgK1QMQzUX,Dra. Luciana Couto | Depilação a Laser | Santa Luzia MG,lucianacoutoaguiar3@gmail.com,+5531992423456,MQwUeTPdGWQQ0VwsaAVr
A_em_humano_entrada_ate_31ago,Sim,Data em que ENTROU ou REENTROU em Atendimento Humano (ex.: voltou de Perdido). Passou por humano em agosto.,hx0Zq2IHmiWRreeo0igr,Shirley Gomes 31975755130,Vendas,Atendimento Humano,,radiofrequência,2fc3880f-055e-4271-8ca2-0d1e624fa4ef,open,,2026-06-12 16:52,2026-08-04 10:33,2026-08-04 10:33,EGZ0gEzmhDrAqqLIsCb0,Shirley Gomes Pessoa Almeida,shirleypesssoa@gmail.com,+5531975755130,MQwUeTPdGWQQ0VwsaAVr
B_saiu_humano_mudanca_etapa_em_agosto,Sim,Data em que SAIU de Atendimento Humano (foi para a etapa atual). Passou por humano em agosto.,8wm9W1wnwkDNzFSLNNUZ,Maximiliano Morselli 11991386969,Vendas,Perdido,Hegon,,7af9e26d-c305-4dec-8499-2816cb5c7635,lost,,2026-07-27 14:57,2026-08-04 10:54,2026-08-04 10:54,rQAjqk4L66P7bQG1n4jL,Maximiliano Morselli,morsellimax@outlook.com,+5511991386969,zmYKEchnhQE7052CtHqP
A_em_humano_entrada_ate_31ago,Sim,Data em que ENTROU ou REENTROU em Atendimento Humano (ex.: voltou de Perdido). Passou por humano em agosto.,lch7HUcgUU9L7PmjNImc,Jorge Souza 3799073514,Vendas,Atendimento Humano,Arameus,,2fc3880f-055e-4271-8ca2-0d1e624fa4ef,open,,2026-07-07 12:07,2026-08-04 10:56,2026-08-04 11:07,McR6d1Ghh442DQyJXwCX,Jorge Sousa,juniorfmg@hotmail.com,+553799073514,1Ft1gE5HxhbmDxM8Y372
B_saiu_humano_mudanca_etapa_em_agosto,Sim,Data em que SAIU de Atendimento Humano (foi para a etapa atual). Passou por humano em agosto.,ETGEVqMJjcT2usG6ZS8V,Maria Eduarda Amaral Pereira,Vendas,Análise de crédito,Omer Smart,,4d5ec528-ca3b-4aa3-b51c-f0686751215e,open,78028.32,2026-08-04 10:57,2026-08-04 10:57,2026-08-04 10:57,WeSFS9C65qbsJTLac3IC,MARIA EDUARDA AMARAL PEREIRA,mariaeduardaap26@outlook.com,+553591342563,BadP83SqCkMIcyU9snIg
B_saiu_humano_mudanca_etapa_em_agosto,Sim,Data em que SAIU de Atendimento Humano (foi para a etapa atual). Passou por humano em agosto.,tOEW6bi3ZEHN1HjP87Be,Marcio Roberto 11946627058,Vendas,Perdido,Mpt,,7af9e26d-c305-4dec-8499-2816cb5c7635,lost,,2026-06-22 12:19,2026-08-04 11:02,2026-08-04 11:02,ds74oYoLgHO9bmHM0VLP,Marcio Roberto,marciomagistergrup@gmail.com,+5511946627058,tOCTm6XWnrsTULwxhiav
A_em_humano_entrada_ate_31ago,Sim,Data em que ENTROU ou REENTROU em Atendimento Humano (ex.: voltou de Perdido). Passou por humano em agosto.,XLnj8FrU5ojqkb0CZXiN,Luciana Lopes Guerra  27997560860,Vendas,Atendimento Humano,Hifu,,2fc3880f-055e-4271-8ca2-0d1e624fa4ef,open,,2026-08-03 21:00,2026-08-04 11:32,2026-08-04 11:33,edeMRC96F2sTLEbKhUPd,Luciana Lopes guerra,,+5527997560860,zmYKEchnhQE7052CtHqP
A_em_humano_entrada_ate_31ago,Sim,Data em que ENTROU ou REENTROU em Atendimento Humano (ex.: voltou de Perdido). Passou por humano em agosto.,6bYnsDXAHqAsh9xcxFOX,Maria Clara Fagundes 67993523123,Vendas,Atendimento Humano,Hegon,,2fc3880f-055e-4271-8ca2-0d1e624fa4ef,open,,2026-06-22 16:50,2026-08-04 12:07,2026-08-04 12:07,L6GnYuYSZ6P8ZJuYS6CR,Maria Clara Fagundes,mariacclaraffagundes@icloud.com,+5567993523123,BadP83SqCkMIcyU9snIg
A_em_humano_entrada_ate_31ago,Sim,Data em que ENTROU ou REENTROU em Atendimento Humano (ex.: voltou de Perdido). Passou por humano em agosto.,DwmxaCLoIWj0KWijMY2P,Dra Cecília Muniz 22981566447,Vendas,Atendimento Humano,"Ptolomeu, Omer Smart",,2fc3880f-055e-4271-8ca2-0d1e624fa4ef,open,,2026-08-03 19:20,2026-08-04 12:11,2026-08-04 12:11,na0nzEn8IwSYwPbK800G,Cecília Vieira Muniz,ceciliammunizz@gmail.com,+5522981566447,zmYKEchnhQE7052CtHqP
B_saiu_humano_mudanca_etapa_em_agosto,Sim,Data em que SAIU de Atendimento Humano (foi para a etapa atual). Passou por humano em agosto.,qvnhimCdxKYyWYuGfeqt,Lucimar Schimmack 44999125657,Vendas,Em negociação,Hegon,,e6db12f0-1dc7-4eb4-bb85-d6b3d3070bce,open,,2026-08-04 12:12,2026-08-04 12:12,2026-08-24 17:58,MhUJWrkMIGoKLBngoyYm,Lucimar schimmack|Harmonização facial,institutommack@gmail.com,+5544999125657,tOCTm6XWnrsTULwxhiav
B_saiu_humano_mudanca_etapa_em_agosto,Sim,Data em que SAIU de Atendimento Humano (foi para a etapa atual). Passou por humano em agosto.,gzC03YTw4Vsuk3bPUHlo,Adriana Navarro,Vendas,Perdido,,,7af9e26d-c305-4dec-8499-2816cb5c7635,lost,,2026-07-17 16:46,2026-08-04 12:16,2026-08-04 12:16,hlKGcmmIc04ABHYt8rm4,Adriana Navarro,,+5567984440913,1Ft1gE5HxhbmDxM8Y372
B_saiu_humano_mudanca_etapa_em_agosto,Sim,Data em que SAIU de Atendimento Humano (foi para a etapa atual). Passou por humano em agosto.,EGE8xBOS39dfQC4KlOUG,Loren Tsa 11984703692,Vendas,Perdido,Hakon,,7af9e26d-c305-4dec-8499-2816cb5c7635,lost,,2026-07-23 11:00,2026-08-04 12:18,2026-08-04 12:18,eUwAsGboy1Buavom1zUf,Loren Tsa,renovafacecorpoinstituto@gmail.com,+5511984703692,1Ft1gE5HxhbmDxM8Y372
B_saiu_humano_mudanca_etapa_em_agosto,Sim,Data em que SAIU de Atendimento Humano (foi para a etapa atual). Passou por humano em agosto.,8ato2CGHby716crhfANt,Lucimar Silva 11977812466,Vendas,Resposta da análise,Hakon,,56476474-0d47-4654-95e5-144258b0e284,lost,,2026-07-29 13:46,2026-08-04 12:44,2026-08-24 08:25,mjtQHhz22R0Myi7SofQ1,Lucimar Silva,lucimar1974_@hotmail.com,+5511977812466,RLFBFjdepFmmmouejXz7
B_saiu_humano_mudanca_etapa_em_agosto,Sim,Data em que SAIU de Atendimento Humano (foi para a etapa atual). Passou por humano em agosto.,vPmQmW8Bkv0rpVWpxYH4,Priscila Mariani | BeYou Beauty Concept 11981229149,Vendas,Em negociação,,,e6db12f0-1dc7-4eb4-bb85-d6b3d3070bce,open,,2026-08-03 09:21,2026-08-04 12:45,2026-08-04 12:45,C1eW4MZsLR6MUTWC8aje,Priscila Mariani | BeYou Beauty Concept,priscilamariani@yahoo.com.br,+5511981229149,RLFBFjdepFmmmouejXz7
B_saiu_humano_mudanca_etapa_em_agosto,Sim,Data em que SAIU de Atendimento Humano (foi para a etapa atual). Passou por humano em agosto.,vHgJLuxaYiSbPfkzryRg,Dielly Tanismara Mendes Sampaio 38999749584,Vendas,Análise de crédito,"Hifu, Arameus",,4d5ec528-ca3b-4aa3-b51c-f0686751215e,open,149900,2026-08-03 16:55,2026-08-04 14:57,2026-08-04 14:59,q99LvksY92zGtuYl2Cng,Dielly Tanismara Mendes Sampaio,diellysampaio04@gmail.com,+5538999749584,zmYKEchnhQE7052CtHqP
B_saiu_humano_mudanca_etapa_em_agosto,Sim,Data em que SAIU de Atendimento Humano (foi para a etapa atual). Passou por humano em agosto.,qJsgl0RSg9QkfPPVUIDz,Simone Aparecida 12981822650,Vendas,Perdido,,,7af9e26d-c305-4dec-8499-2816cb5c7635,lost,,2026-07-22 14:27,2026-08-04 15:47,2026-08-04 15:47,ZbrdgcDs6VcvpyCoJMCY,SIMONE APARECIDA DOS SANTOS,simonesantos261@gmail.com,+5512981822650,tOCTm6XWnrsTULwxhiav
B_saiu_humano_mudanca_etapa_em_agosto,Sim,Data em que SAIU de Atendimento Humano (foi para a etapa atual). Passou por humano em agosto.,kiIjei0i9nJmKepQZ2uk,Jose Filipi Cardozo Vasques,Vendas,Perdido,,,7af9e26d-c305-4dec-8499-2816cb5c7635,lost,,2026-07-22 12:46,2026-08-04 16:03,2026-08-04 16:03,VlMeTNqJgzIyNSebO8gd,José Filipi Cardozo Vasques,,+5544999850612,1Ft1gE5HxhbmDxM8Y372
B_saiu_humano_mudanca_etapa_em_agosto,Sim,Data em que SAIU de Atendimento Humano (foi para a etapa atual). Passou por humano em agosto.,7SsvDEX6K6oCa8PzlfUN,Crislaine Almeida 19974063023,Vendas,Em negociação,,,e6db12f0-1dc7-4eb4-bb85-d6b3d3070bce,open,,2026-06-25 10:05,2026-08-04 16:08,2026-08-04 16:08,UknHboR4azOeriAKLWLi,Crislaine Almeida,cris_alsouza@hotmail.com,+5519974063023,tOCTm6XWnrsTULwxhiav
B_saiu_humano_mudanca_etapa_em_agosto,Sim,Data em que SAIU de Atendimento Humano (foi para a etapa atual). Passou por humano em agosto.,S1cxoaHYzuW4xzbnoYmE,Erica Bandeira 83998006286,Vendas,Perdido,Hegon,,7af9e26d-c305-4dec-8499-2816cb5c7635,lost,,2026-07-24 17:24,2026-08-04 16:10,2026-08-04 16:10,kuDQg9L3wSsRN0jaf0q2,Erica Bandeira,ericabandeira@gmail.com,+5583998006286,tOCTm6XWnrsTULwxhiav
B_saiu_humano_mudanca_etapa_em_agosto,Sim,Data em que SAIU de Atendimento Humano (foi para a etapa atual). Passou por humano em agosto.,PE6vSUMKOhthHHqeWZtL,Maria Helena alves 35988487500,Vendas,Perdido,Hakon,,7af9e26d-c305-4dec-8499-2816cb5c7635,lost,,2026-07-07 11:43,2026-08-04 16:17,2026-08-04 16:17,IJUJ0c2cLQxPV7t9GytB,Maria Helena alves,clinicastoexpedito@yahoo.com.br,+5535988487500,uQNgnn5W2rlgD4UEckTk
B_saiu_humano_mudanca_etapa_em_agosto,Sim,Data em que SAIU de Atendimento Humano (foi para a etapa atual). Passou por humano em agosto.,QpDCAO5BcQ5zNgAxx3Xh,Juliana Cacciatore | Sobrancelhas Presidente Prudente 18997348495,Vendas,Perdido,Omer Smart,,7af9e26d-c305-4dec-8499-2816cb5c7635,lost,,2026-07-29 09:20,2026-08-04 16:50,2026-08-04 16:50,ZDlTr1wJEAtMUHFmbt3B,Juliana Cacciatore | Sobrancelhas Presidente Prudente,jugatinha.csn@hotmail.com,+5518997348495,tOCTm6XWnrsTULwxhiav
B_saiu_humano_mudanca_etapa_em_agosto,Sim,Data em que SAIU de Atendimento Humano (foi para a etapa atual). Passou por humano em agosto.,QgjULKznS74JpCphnp0e,Dra. Alessandra Gomes 32991262454,Vendas,Perdido,Hakon,,7af9e26d-c305-4dec-8499-2816cb5c7635,lost,,2026-07-29 10:07,2026-08-04 16:55,2026-08-04 16:55,mwiJoCQ6hF5TfCw1YeXA,Dra. Alessandra Gomes,ysmajf@hotmail.com,+5532991262454,tOCTm6XWnrsTULwxhiav
A_em_humano_entrada_ate_31ago,Sim,Data em que ENTROU ou REENTROU em Atendimento Humano (ex.: voltou de Perdido). Passou por humano em agosto.,sdaRyvHsCQpTbfVdHEkq,Gisleide Pinheiro Santos 6992841355,Vendas,Atendimento Humano,Hakon,,2fc3880f-055e-4271-8ca2-0d1e624fa4ef,open,,2026-08-04 12:24,2026-08-04 17:30,2026-08-04 17:30,CWbZAxdDuL7DyvPKqNjx,gisleidepinheirosantos12,,+556992841355,HcJsCFZY6ZVs0eeXH2lq
A_em_humano_entrada_ate_31ago,Sim,Data em que ENTROU ou REENTROU em Atendimento Humano (ex.: voltou de Perdido). Passou por humano em agosto.,e1wrw4Y8DfEh7NrJXbAs,Alessandra Reis 19989858647,Vendas,Atendimento Humano,,,2fc3880f-055e-4271-8ca2-0d1e624fa4ef,open,,2026-08-04 18:23,2026-08-04 18:23,2026-08-04 18:24,a8ViWJ6LvGv9iawfZgNU,Alessandra Reis Reis | Depiladora | Depilação em Piracicaba,alessandraca.reis@gmail.com,+5519989858647,RLFBFjdepFmmmouejXz7
A_em_humano_entrada_ate_31ago,Sim,Data em que ENTROU ou REENTROU em Atendimento Humano (ex.: voltou de Perdido). Passou por humano em agosto.,QWiQkTqch9cHneUPrqSe,Cris 11947386780,Vendas,Atendimento Humano,,,2fc3880f-055e-4271-8ca2-0d1e624fa4ef,open,,2026-08-04 18:23,2026-08-04 18:23,2026-08-04 18:23,OFZhkvj3oOJcXeH9aMsV,Cris,crisgois1506@outlook.com,+5511947386780,tOCTm6XWnrsTULwxhiav
A_em_humano_entrada_ate_31ago,Sim,Data em que ENTROU ou REENTROU em Atendimento Humano (ex.: voltou de Perdido). Passou por humano em agosto.,dpCWnHfvfyahG98tVmsJ,Daniela Correa 34991504815,Vendas,Atendimento Humano,,,2fc3880f-055e-4271-8ca2-0d1e624fa4ef,open,,2026-08-04 18:23,2026-08-04 18:23,2026-08-04 18:23,k5bjHWa9o1SpWGsMuxTN,Daniela Correa Correa,Correasouzadaniela@gmail.com,+5534991504815,uQNgnn5W2rlgD4UEckTk
A_em_humano_entrada_ate_31ago,Sim,Data em que ENTROU ou REENTROU em Atendimento Humano (ex.: voltou de Perdido). Passou por humano em agosto.,sGUbqLA7ynJzBwiKX1Xa,Dra Annya Fleury 35988489418,Vendas,Atendimento Humano,,,2fc3880f-055e-4271-8ca2-0d1e624fa4ef,open,,2026-08-04 18:23,2026-08-04 18:23,2026-08-04 18:23,AUrTMjQyV7NckXXuQpiF,Dra Annya Fleury Annya Fleury / Plástica Ocular,annyafleury@outlook.com,+5535988489418,zmYKEchnhQE7052CtHqP
A_em_humano_entrada_ate_31ago,Sim,Data em que ENTROU ou REENTROU em Atendimento Humano (ex.: voltou de Perdido). Passou por humano em agosto.,leTD6gg5j30qVeGYysJe,Dra Patrícia Orozco 11995975084,Vendas,Atendimento Humano,,,2fc3880f-055e-4271-8ca2-0d1e624fa4ef,open,,2026-08-04 18:23,2026-08-04 18:23,2026-08-04 18:23,48vx9bdLrbowlS67LNyo,Dra Patrícia Orozco Patrícia Orozco - BIOMÉDICA ESTÉTA,patriciacarlamazoca@gmail.com,+5511995975084,zmYKEchnhQE7052CtHqP
A_em_humano_entrada_ate_31ago,Sim,Data em que ENTROU ou REENTROU em Atendimento Humano (ex.: voltou de Perdido). Passou por humano em agosto.,ZupQeWeab6H8giaiJgCb,Dra. Vânia Peres 67998700400,Vendas,Atendimento Humano,,,2fc3880f-055e-4271-8ca2-0d1e624fa4ef,open,,2026-08-04 18:23,2026-08-04 18:23,2026-08-04 18:23,guqi0WWY2fzLPzlued6i,Dra. Vânia Peres Vânia Peres | Harmonização Facial Dourados,institutovaniaperes2@gmail.com,+5567998700400,BadP83SqCkMIcyU9snIg
A_em_humano_entrada_ate_31ago,Sim,Data em que ENTROU ou REENTROU em Atendimento Humano (ex.: voltou de Perdido). Passou por humano em agosto.,u5n0Q8eO59IjJr1d68Pr,Evelyn Mendes 12991385972,Vendas,Atendimento Humano,,,2fc3880f-055e-4271-8ca2-0d1e624fa4ef,open,,2026-08-04 18:23,2026-08-04 18:23,2026-08-04 18:23,FvQNOXBs97mvUNoG5s0d,Evelyn Mendes Mendes,evelynmendes@hotmail.com,+5512991385972,BadP83SqCkMIcyU9snIg
A_em_humano_entrada_ate_31ago,Sim,Data em que ENTROU ou REENTROU em Atendimento Humano (ex.: voltou de Perdido). Passou por humano em agosto.,TOrBLmgNiwDBhMp9VAD7,Hellen Souza Portas 44988191818,Vendas,Atendimento Humano,,,2fc3880f-055e-4271-8ca2-0d1e624fa4ef,open,,2026-08-04 18:23,2026-08-04 18:23,2026-08-04 18:23,hXE0BTgt75uAwYShV3TU,Hellen Souza Portas Souza Portas,hellenportas2000@gmail.com,+5544988191818,zmYKEchnhQE7052CtHqP
A_em_humano_entrada_ate_31ago,Sim,Data em que ENTROU ou REENTROU em Atendimento Humano (ex.: voltou de Perdido). Passou por humano em agosto.,7cRNVQoj8XqNP86ffbXU,Jessica gomes 31972286338,Vendas,Atendimento Humano,,,2fc3880f-055e-4271-8ca2-0d1e624fa4ef,open,,2026-08-04 18:23,2026-08-04 18:23,2026-08-04 18:23,Iq286gTxjt9HFKOagTE3,Jessica gomes gomes,jessicajonatan16@gmail.com,+5531972286338,uQNgnn5W2rlgD4UEckTk
A_em_humano_entrada_ate_31ago,Sim,Data em que ENTROU ou REENTROU em Atendimento Humano (ex.: voltou de Perdido). Passou por humano em agosto.,f92VfMyY2XgIcYxqm5PC,Larissa David 24992792744,Vendas,Atendimento Humano,,,2fc3880f-055e-4271-8ca2-0d1e624fa4ef,open,,2026-08-04 18:23,2026-08-04 18:23,2026-08-04 18:23,tr2pZMpQ0RN8AZ0WcpbD,Larissa David David | Dicas de viagem e muita aventura,larissadavid97@hotmail.com,+5524992792744,uQNgnn5W2rlgD4UEckTk
A_em_humano_entrada_ate_31ago,Sim,Data em que ENTROU ou REENTROU em Atendimento Humano (ex.: voltou de Perdido). Passou por humano em agosto.,9wcj8D61c8utqL4igImK,Renata Doi 43988248835,Vendas,Atendimento Humano,,,2fc3880f-055e-4271-8ca2-0d1e624fa4ef,open,,2026-08-04 18:23,2026-08-04 18:23,2026-08-04 18:23,sh7dGHoih5xYVcfolFn9,Renata Doi Doi,doirenata@hotmail.com,+5543988248835,zmYKEchnhQE7052CtHqP
A_em_humano_entrada_ate_31ago,Sim,Data em que ENTROU ou REENTROU em Atendimento Humano (ex.: voltou de Perdido). Passou por humano em agosto.,oBRlh2oPNwuFvQNiGAno,Thalita Guariroba Gomes 11989217895,Vendas,Atendimento Humano,,,2fc3880f-055e-4271-8ca2-0d1e624fa4ef,open,,2026-08-04 18:23,2026-08-04 18:23,2026-08-04 18:23,fdAo9BkVSuRWYSGwuLjg,Thalita Guariroba Gomes Guariroba Gomes,thaguariroba@outlook.com,+5511989217895,1Ft1gE5HxhbmDxM8Y372
A_em_humano_entrada_ate_31ago,Sim,Data em que ENTROU ou REENTROU em Atendimento Humano (ex.: voltou de Perdido). Passou por humano em agosto.,on4YIlowoiruMiQicCzu,Vania Lima 66999844292,Vendas,Atendimento Humano,,,2fc3880f-055e-4271-8ca2-0d1e624fa4ef,open,,2026-08-04 18:23,2026-08-04 18:23,2026-08-04 18:23,fCIFjZsNs6Ek3csIVM8O,Vania Lima Lima Harmonização Facial - Rondonópolis MT,gatassa13@hotmail.com,+5566999844292,BadP83SqCkMIcyU9snIg
A_em_humano_entrada_ate_31ago,Sim,Data em que ENTROU ou REENTROU em Atendimento Humano (ex.: voltou de Perdido). Passou por humano em agosto.,EZdkG4X54IMX1Amp8pgt,Victória Turkot 47992274082,Vendas,Atendimento Humano,,,2fc3880f-055e-4271-8ca2-0d1e624fa4ef,open,,2026-08-04 18:23,2026-08-04 18:23,2026-08-04 18:23,z0T43nIMD8gy6dkXrwKe,Victória Turkot Turkot,victurkot@gmail.com,+5547992274082,BadP83SqCkMIcyU9snIg
A_em_humano_entrada_ate_31ago,Sim,Data em que ENTROU ou REENTROU em Atendimento Humano (ex.: voltou de Perdido). Passou por humano em agosto.,DpEftRWRImQE7uqZfsuF,Drª Jussara Rocha 14997005141,Vendas,Atendimento Humano,,,2fc3880f-055e-4271-8ca2-0d1e624fa4ef,open,,2026-08-04 18:24,2026-08-04 18:24,2026-08-04 18:24,ROup7R9HQOr74NzK1Gzq,Drª Jussara Rocha,jussaravrocha@hotmail.com,+5514997005141,uQNgnn5W2rlgD4UEckTk
A_em_humano_entrada_ate_31ago,Sim,Data em que ENTROU ou REENTROU em Atendimento Humano (ex.: voltou de Perdido). Passou por humano em agosto.,e6iEcS42FCiyqxGicq8e,Nashara Armond 33999089004,Vendas,Atendimento Humano,,,2fc3880f-055e-4271-8ca2-0d1e624fa4ef,open,,2026-08-04 18:24,2026-08-04 18:24,2026-08-04 18:24,mEoQmcMe7bG1UqrRALJ7,Nashara Armond,nashara2502@gmail.com,+5533999089004,RLFBFjdepFmmmouejXz7
A_em_humano_entrada_ate_31ago,Sim,Data em que ENTROU ou REENTROU em Atendimento Humano (ex.: voltou de Perdido). Passou por humano em agosto.,t8ObEYEdYf1ZeZ1gCrkO,Gustavo Feijó 22992356572,Vendas,Atendimento Humano,Hegon,,2fc3880f-055e-4271-8ca2-0d1e624fa4ef,open,,2026-08-04 18:25,2026-08-04 18:45,2026-08-04 18:57,8f4Jhe1T0J1zwueIsfLr,Gustavo Feijó,,+5522992356572,BadP83SqCkMIcyU9snIg
A_em_humano_entrada_ate_31ago,Sim,Data em que ENTROU ou REENTROU em Atendimento Humano (ex.: voltou de Perdido). Passou por humano em agosto.,J7cFAdyjELf2WIF5ZGX2,Roselma Rocha 21981090080,Vendas,Atendimento Humano,,Ultrafocus HTM,2fc3880f-055e-4271-8ca2-0d1e624fa4ef,open,,2026-08-05 00:04,2026-08-05 10:28,2026-08-05 10:28,Bgo0SKnq7TSazaUvjzbM,Roselma Rocha,,+5521981090080,MQwUeTPdGWQQ0VwsaAVr
A_em_humano_entrada_ate_31ago,Sim,Data em que ENTROU ou REENTROU em Atendimento Humano (ex.: voltou de Perdido). Passou por humano em agosto.,oQdnzJvknC2qVXpknc42,Sâmia Regina de Lima Marques 21974303895,Vendas,Atendimento Humano,,MeetingTec do Hegon,2fc3880f-055e-4271-8ca2-0d1e624fa4ef,open,,2026-08-05 10:59,2026-08-05 10:59,2026-08-05 10:59,uUugDgMqTfw4PAD3pLpm,Sâmia Regina de Lima Marques,drasamiamarques@gmail.com,+5521974303895,MQwUeTPdGWQQ0VwsaAVr
A_em_humano_entrada_ate_31ago,Sim,Data em que ENTROU ou REENTROU em Atendimento Humano (ex.: voltou de Perdido). Passou por humano em agosto.,WKWDhKQTVdmNWHl80FI2,Jezebel Poético dos Santos 3591505062,Vendas,Atendimento Humano,Hakon,,2fc3880f-055e-4271-8ca2-0d1e624fa4ef,open,,2026-08-05 07:39,2026-08-05 11:07,2026-08-05 11:09,35y9Mmb3FjUhlTr2VLs9,Jezebel poético dos santos,,+553591505062,rho3es8TSsZGEXvZ2Zsq
A_em_humano_entrada_ate_31ago,Sim,Data em que ENTROU ou REENTROU em Atendimento Humano (ex.: voltou de Perdido). Passou por humano em agosto.,vz19ZL2HN5vKEY3WhrIe,Julia Cardoso 48999015290,Vendas,Atendimento Humano,Omer Smart,,2fc3880f-055e-4271-8ca2-0d1e624fa4ef,open,,2026-08-05 11:46,2026-08-05 11:46,2026-08-05 11:46,9bwyOBtyHL2cyGW3oTzu,Júlia Cardoso,,+5548999015290,rho3es8TSsZGEXvZ2Zsq
A_em_humano_entrada_ate_31ago,Sim,Data em que ENTROU ou REENTROU em Atendimento Humano (ex.: voltou de Perdido). Passou por humano em agosto.,HtMo2Tmh7oBSGDe5PICA,Ademir Neumann 66999568066,Vendas,Atendimento Humano,Hegon,,2fc3880f-055e-4271-8ca2-0d1e624fa4ef,open,,2026-08-05 14:32,2026-08-05 14:32,2026-08-05 14:34,9zFfZFFRXBTQlTkrdYWX,Ademir Neumann,instituto.aurea.quer@gmail.com,+5566999568066,BadP83SqCkMIcyU9snIg
A_em_humano_entrada_ate_31ago,Sim,Data em que ENTROU ou REENTROU em Atendimento Humano (ex.: voltou de Perdido). Passou por humano em agosto.,D7hXqUUJNXyUSvVI1Bll,Marcela Souza|Estetica Facial em Santa Isabel 11973629906,Vendas,Atendimento Humano,Hakon,,2fc3880f-055e-4271-8ca2-0d1e624fa4ef,open,,2026-08-05 14:32,2026-08-05 14:32,2026-08-05 14:35,ktxR4bd81cgJD6i7WKgd,Marcela Souza|Estetica Facial em Santa Isabel,marcelaapsouza81@gmail.com,+5511973629906,HcJsCFZY6ZVs0eeXH2lq
A_em_humano_entrada_ate_31ago,Sim,Data em que ENTROU ou REENTROU em Atendimento Humano (ex.: voltou de Perdido). Passou por humano em agosto.,vHwreEtM6w0Nfw1l2jrd,Rayssa Freire 19994784176,Vendas,Atendimento Humano,Hakon,,2fc3880f-055e-4271-8ca2-0d1e624fa4ef,open,,2026-08-05 14:32,2026-08-05 14:32,2026-08-05 14:34,Ogl7w1xDQqsNOX05Jyq6,Rayssa Freire,rayssa.freire.silva@gmail.com,+5519994784176,HcJsCFZY6ZVs0eeXH2lq
A_em_humano_entrada_ate_31ago,Sim,Data em que ENTROU ou REENTROU em Atendimento Humano (ex.: voltou de Perdido). Passou por humano em agosto.,lTDZqpgfDiY4ED67Cmin,Rodrigo Sorem 21969410409,Vendas,Atendimento Humano,Hakon,,2fc3880f-055e-4271-8ca2-0d1e624fa4ef,open,,2026-08-05 14:32,2026-08-05 14:32,2026-08-05 14:36,hSd381Y8NOXj094ZSkKK,Rodrigo Sorem,rodrigomontrezor@hotmail.com,+5521969410409,rho3es8TSsZGEXvZ2Zsq
A_em_humano_entrada_ate_31ago,Sim,Data em que ENTROU ou REENTROU em Atendimento Humano (ex.: voltou de Perdido). Passou por humano em agosto.,3mWqPFJNGQgZkDCPBaq0,Kayo Fellipe Gregorutti Teixeira 64996635089,Vendas,Atendimento Humano,Omer Smart,,2fc3880f-055e-4271-8ca2-0d1e624fa4ef,open,,2026-08-05 14:41,2026-08-05 14:41,2026-08-05 14:41,vvKT1jYB1yFy5PMgAfWI,Kayo fellipe Gregorutti Teixeira,kayofellipyyy@hotmail.com,+5564996635089,RLFBFjdepFmmmouejXz7
A_em_humano_entrada_ate_31ago,Sim,Data em que ENTROU ou REENTROU em Atendimento Humano (ex.: voltou de Perdido). Passou por humano em agosto.,elEr2ufJ0HPG0lF383kx,Risiane Santana 11949039798,Vendas,Atendimento Humano,Omer Smart,,2fc3880f-055e-4271-8ca2-0d1e624fa4ef,open,,2026-08-05 14:45,2026-08-05 14:45,2026-08-05 14:45,CbBdoWPFtELHsh2qJUzO,Risiane Santana,risianesantana1997@gmail.com,+5511949039798,RLFBFjdepFmmmouejXz7
B_saiu_humano_mudanca_etapa_em_agosto,Sim,Data em que SAIU de Atendimento Humano (foi para a etapa atual). Passou por humano em agosto.,7w951941z4xwH1AZ8TVC,Babi Castilho 6992094457,Vendas,Em negociação,Hifu,,e6db12f0-1dc7-4eb4-bb85-d6b3d3070bce,open,,2026-08-05 14:47,2026-08-05 14:47,2026-08-05 14:47,K6NrFW6NU0b2hVriAle9,BABI CASTILHO,,+556992094457,tOCTm6XWnrsTULwxhiav
A_em_humano_entrada_ate_31ago,Sim,Data em que ENTROU ou REENTROU em Atendimento Humano (ex.: voltou de Perdido). Passou por humano em agosto.,4cz6J8D5K5O3uNvvVUdY,Mariana Barbieri 16991669905,Vendas,Atendimento Humano,Omer Smart,,2fc3880f-055e-4271-8ca2-0d1e624fa4ef,open,,2026-08-05 15:24,2026-08-05 15:24,2026-08-11 09:45,OdJzhMTgBCE9ouGQQGnn,Mariana Barbieri,mbarbieri3@icloud.com,+5516991669905,rho3es8TSsZGEXvZ2Zsq
A_em_humano_entrada_ate_31ago,Sim,Data em que ENTROU ou REENTROU em Atendimento Humano (ex.: voltou de Perdido). Passou por humano em agosto.,7tqjNzui8s3YCKWBh7tg,Angelica Cristina Barroso Santos Muniz 31997277443,Vendas,Atendimento Humano,Omer Smart,,2fc3880f-055e-4271-8ca2-0d1e624fa4ef,open,,2026-08-05 15:30,2026-08-05 15:30,2026-08-05 15:30,isR4W6m4FbIuZnHVmccC,Angelica Cristina Barroso Santos Muniz,angelcris_barroso@yahoo.com.br,+5531997277443,HcJsCFZY6ZVs0eeXH2lq
B_saiu_humano_mudanca_etapa_em_agosto,Sim,Data em que SAIU de Atendimento Humano (foi para a etapa atual). Passou por humano em agosto.,EE0QJcfLM8XTqISL1PAz,Dra Tatiana Morais - 21991987655,Vendas,Perdido,,,7af9e26d-c305-4dec-8499-2816cb5c7635,lost,,2026-07-06 12:37,2026-08-05 15:42,2026-08-05 15:42,1smd5QSSkphFtfse8NdB,Dra Tatiana Morais,tatemorais@hotmail.com,+5521991987655,HcJsCFZY6ZVs0eeXH2lq
B_saiu_humano_mudanca_etapa_em_agosto,Sim,Data em que SAIU de Atendimento Humano (foi para a etapa atual). Passou por humano em agosto.,knoBFiSZpudVMruNuKVT,Dra Fayla Marques - 21974563187,Vendas,Perdido,,,7af9e26d-c305-4dec-8499-2816cb5c7635,lost,,2026-07-06 11:42,2026-08-05 15:43,2026-08-05 15:43,HRkU1RIMsym58ckcsWcS,Dra Fayla Marques,drafaylamarques@gmail.com,+5521974563187,HcJsCFZY6ZVs0eeXH2lq
B_saiu_humano_mudanca_etapa_em_agosto,Sim,Data em que SAIU de Atendimento Humano (foi para a etapa atual). Passou por humano em agosto.,Lnp8YOdWHgReYILQXfG1,Dra Tatiane Karraz - 21999655243,Vendas,Perdido,,,7af9e26d-c305-4dec-8499-2816cb5c7635,lost,,2026-07-06 10:22,2026-08-05 15:43,2026-08-05 15:43,FNbt7inowysMb0QlWw87,Dra Tatiane Karraz,dratatianekerraz@gmail.com,+5521999655243,HcJsCFZY6ZVs0eeXH2lq
B_saiu_humano_mudanca_etapa_em_agosto,Sim,Data em que SAIU de Atendimento Humano (foi para a etapa atual). Passou por humano em agosto.,OWswPhF6NerCIIypvbQW,Taina Montes - 14 99821-0552,Vendas,Perdido,Omer Smart,,7af9e26d-c305-4dec-8499-2816cb5c7635,lost,,2026-08-05 16:03,2026-08-05 16:05,2026-08-05 16:05,QWhfafM0E3bFoWyIE5hY,Taina Montes,tainamontes@hotmail.com,+5514998210552,HcJsCFZY6ZVs0eeXH2lq
A_em_humano_entrada_ate_31ago,Sim,Data em que ENTROU ou REENTROU em Atendimento Humano (ex.: voltou de Perdido). Passou por humano em agosto.,7KiUdIhYWtOJe08Kig4D,Camila Cristina Bilk 41999605395,Vendas,Atendimento Humano,Hakon,,2fc3880f-055e-4271-8ca2-0d1e624fa4ef,open,,2026-08-05 16:15,2026-08-05 16:15,2026-08-05 16:15,U68u8vs8usMiQrUBaga4,Camila Cristina Bilk,bilkcamila@gmail.com,+5541999605395,RLFBFjdepFmmmouejXz7
B_saiu_humano_mudanca_etapa_em_agosto,Sim,Data em que SAIU de Atendimento Humano (foi para a etapa atual). Passou por humano em agosto.,2jv3WAlM0ZwxT5FEmvhJ,Luciana Thome - 21 97596-5285,Vendas,Perdido,,hibridi,7af9e26d-c305-4dec-8499-2816cb5c7635,lost,,2026-08-05 16:18,2026-08-05 16:20,2026-08-05 16:20,4SAiQXeiwXuJCvjaFsEK,Luciana Thome,,,HcJsCFZY6ZVs0eeXH2lq
B_saiu_humano_mudanca_etapa_em_agosto,Sim,Data em que SAIU de Atendimento Humano (foi para a etapa atual). Passou por humano em agosto.,BaXXN3Oc6OyOmQ76HqlD,Ronaldo Borges - 45 9974-8960,Vendas,Perdido,"Hegon, Mpt",,7af9e26d-c305-4dec-8499-2816cb5c7635,lost,,2026-08-05 16:40,2026-08-05 16:40,2026-08-05 16:40,iO5hB6HQkMX5S3xwm7bM,Ronaldo Borges,espacoaterapia@hotmail.com,+554599748960,HcJsCFZY6ZVs0eeXH2lq
B_saiu_humano_mudanca_etapa_em_agosto,Sim,Data em que SAIU de Atendimento Humano (foi para a etapa atual). Passou por humano em agosto.,8ke6bkgC0O2o4ZPzyEhR,Poliana Adorno -  66 9996-7047,Vendas,Perdido,Omer Smart,,7af9e26d-c305-4dec-8499-2816cb5c7635,lost,,2026-08-05 16:24,2026-08-05 16:45,2026-08-05 16:45,UfT6Vqm7LZXByvBe11g7,Poliana Adorno,,+556699967047,HcJsCFZY6ZVs0eeXH2lq
B_saiu_humano_mudanca_etapa_em_agosto,Sim,Data em que SAIU de Atendimento Humano (foi para a etapa atual). Passou por humano em agosto.,XwR6WZYebTFpJhsYOkYU,Rosilene Souza 62982157593,Vendas,Perdido,Omer Smart,,7af9e26d-c305-4dec-8499-2816cb5c7635,lost,,2026-07-16 14:50,2026-08-05 16:46,2026-08-05 16:46,aYgnFT9xKzGpDDiSKD8R,Rosilene Souza,rdasilvasouza72@gmail.com,+5562982157593,HcJsCFZY6ZVs0eeXH2lq
B_saiu_humano_mudanca_etapa_em_agosto,Sim,Data em que SAIU de Atendimento Humano (foi para a etapa atual). Passou por humano em agosto.,59E0cCcWV3u6LSnLiofc,Katrine Sirgom 3599128631,Vendas,Perdido,Hakon,,7af9e26d-c305-4dec-8499-2816cb5c7635,lost,,2026-07-16 14:22,2026-08-05 16:47,2026-08-05 16:47,n6qkfuY7F7LnGAsqQ0uQ,KATRINE SIRGOM,katrinekyona@hotmail.com,+553599128631,tOCTm6XWnrsTULwxhiav
B_saiu_humano_mudanca_etapa_em_agosto,Sim,Data em que SAIU de Atendimento Humano (foi para a etapa atual). Passou por humano em agosto.,ZAau5J8PzwhId2sSNGvB,Aldrin Santana 21998144668,Vendas,Perdido,Hakon,,7af9e26d-c305-4dec-8499-2816cb5c7635,lost,,2026-07-27 14:57,2026-08-05 16:50,2026-08-05 16:50,8vioKoQtxWBC1xz1liz9,Aldrin Santana,aldrin.santana.correa@hotmail.com,+5521998144668,HcJsCFZY6ZVs0eeXH2lq
B_saiu_humano_mudanca_etapa_em_agosto,Sim,Data em que SAIU de Atendimento Humano (foi para a etapa atual). Passou por humano em agosto.,UkiLj0H5SST3bhp4J36z,Melissa Maciel 21990074450,Vendas,Perdido,Hakon,,7af9e26d-c305-4dec-8499-2816cb5c7635,lost,,2026-07-20 11:36,2026-08-05 16:51,2026-08-05 16:51,GQyjZh9xjstVxh2NdFbn,Melissa Maciel,melissamacielprofissional@gmail.com,+5521990074450,HcJsCFZY6ZVs0eeXH2lq
A_em_humano_entrada_ate_31ago,Sim,Data em que ENTROU ou REENTROU em Atendimento Humano (ex.: voltou de Perdido). Passou por humano em agosto.,PFetXXPmQhajNKlzTFQv,Karlla Mendes Almeida 27996025974,Vendas,Atendimento Humano,Hakon,,2fc3880f-055e-4271-8ca2-0d1e624fa4ef,open,,2026-08-05 16:55,2026-08-05 16:55,2026-08-05 16:55,yxRU0h4Wu7LWxzivGnHW,Karlla Mendes Almeida,karllamendes02@hotmail.com,+5527996025974,uQNgnn5W2rlgD4UEckTk
B_saiu_humano_mudanca_etapa_em_agosto,Sim,Data em que SAIU de Atendimento Humano (foi para a etapa atual). Passou por humano em agosto.,lLO5QErAujdzq6N4jHnt,Rogério Moisés 16991873639,Vendas,Perdido,Omer Smart,,7af9e26d-c305-4dec-8499-2816cb5c7635,lost,,2026-07-28 09:01,2026-08-05 16:55,2026-08-05 16:55,vtO5JwitiJQyMAZEIrYM,Rogério Moisés,rogeriomoises1970@gmail.com,+5516991873639,tOCTm6XWnrsTULwxhiav
B_saiu_humano_mudanca_etapa_em_agosto,Sim,Data em que SAIU de Atendimento Humano (foi para a etapa atual). Passou por humano em agosto.,1aIGrAqcjiStIsPwgBUj,Vanessa Zucatti 54999995594,Vendas,Perdido,Hakon,,7af9e26d-c305-4dec-8499-2816cb5c7635,lost,,2026-07-23 09:30,2026-08-05 16:57,2026-08-05 16:57,5TAwGd30Jl6RXIJQiwvj,Vanessa Zucatti,zucatti.vanessa@gmail.com,+5554999995594,HcJsCFZY6ZVs0eeXH2lq
A_em_humano_entrada_ate_31ago,Sim,Data em que ENTROU ou REENTROU em Atendimento Humano (ex.: voltou de Perdido). Passou por humano em agosto.,oheSWfD2bYqn5zlIoIUU,Nayara Nascimento 31973328024,Vendas,Atendimento Humano,Omer Smart,,2fc3880f-055e-4271-8ca2-0d1e624fa4ef,open,,2026-08-05 17:00,2026-08-05 17:00,2026-08-05 17:00,tsy9eRGyaKyE9PuufcjH,Nayara Nascimento,naybeautycare@gmail.com,+5531973328024,RLFBFjdepFmmmouejXz7
A_em_humano_entrada_ate_31ago,Sim,Data em que ENTROU ou REENTROU em Atendimento Humano (ex.: voltou de Perdido). Passou por humano em agosto.,yucZh7rXWWxELIZ5CCre,Amanda Caroline da Silva Santos 8386389449,Vendas,Atendimento Humano,,Vapor de ozonio,2fc3880f-055e-4271-8ca2-0d1e624fa4ef,open,,2026-08-05 17:11,2026-08-05 17:11,2026-08-05 17:11,OgcPTttzbyaPF53O1kfW,Amanda Caroline da Silva Santos,amandasampaiopb@gmail.com,+558386389449,MQwUeTPdGWQQ0VwsaAVr
A_em_humano_entrada_ate_31ago,Sim,Data em que ENTROU ou REENTROU em Atendimento Humano (ex.: voltou de Perdido). Passou por humano em agosto.,Rm4afj4K6uj9l227yi1t,Maria Iraneide da Silva 21983618955,Vendas,Atendimento Humano,,Alta frequência da Ibramed e analisador de oleosidade da Smart GR,2fc3880f-055e-4271-8ca2-0d1e624fa4ef,open,,2026-08-05 17:16,2026-08-05 17:16,2026-08-13 11:53,oD3BLOagInW9jvdM30h0,Maria Iraneide da Silva,mmariafariasdasilva@gmail.com,+5521983618955,MQwUeTPdGWQQ0VwsaAVr
B_saiu_humano_mudanca_etapa_em_agosto,Sim,Data em que SAIU de Atendimento Humano (foi para a etapa atual). Passou por humano em agosto.,EdVgt79a88Xy1hxiXfzx,Rosangela Nato 17997144989,Vendas,Perdido,,,7af9e26d-c305-4dec-8499-2816cb5c7635,lost,,2026-08-04 18:23,2026-08-05 17:33,2026-08-05 17:33,FUsFNBFSXAVKM5p43jOf,Rosangela Nato Nato,rosangelanato@outlook.com,+5517997144989,tOCTm6XWnrsTULwxhiav
B_saiu_humano_mudanca_etapa_em_agosto,Sim,Data em que SAIU de Atendimento Humano (foi para a etapa atual). Passou por humano em agosto.,fa3riKSgofdHfv5ETl4h,Thais Lopes - 21 96770-8082,Vendas,Perdido,,,7af9e26d-c305-4dec-8499-2816cb5c7635,lost,,2026-08-05 17:39,2026-08-05 17:39,2026-08-05 17:39,c68zaDkqub2KKJsVWNYp,Thais Lopes,thaisenfermeira@gmail.com,+5521967708082,HcJsCFZY6ZVs0eeXH2lq
A_em_humano_entrada_ate_31ago,Sim,Data em que ENTROU ou REENTROU em Atendimento Humano (ex.: voltou de Perdido). Passou por humano em agosto.,c7TuKBZWZrQ5kuv3kveD,Max Fonseca 11966465732,Vendas,Atendimento Humano,Hakon,,2fc3880f-055e-4271-8ca2-0d1e624fa4ef,open,,2026-08-05 17:45,2026-08-05 17:45,2026-08-05 17:45,G0p5bF6xOWxam48sjOjs,Max Fonseca,drmaxbfl@gmail.com,+5511966465732,tOCTm6XWnrsTULwxhiav
B_saiu_humano_mudanca_etapa_em_agosto,Sim,Data em que SAIU de Atendimento Humano (foi para a etapa atual). Passou por humano em agosto.,6H5PAaZpXCo9rjF3QR3g,Ellen Lima - 81 9922-0206,Vendas,Perdido,,,7af9e26d-c305-4dec-8499-2816cb5c7635,lost,,2026-08-05 16:27,2026-08-05 18:00,2026-08-05 18:00,qDIZr7UxPHjwe2W5AXGY,Ellen Lima,ellenfisioestetica@gmail.com,+558199220206,HcJsCFZY6ZVs0eeXH2lq
A_em_humano_entrada_ate_31ago,Sim,Data em que ENTROU ou REENTROU em Atendimento Humano (ex.: voltou de Perdido). Passou por humano em agosto.,fKP4WpGSosDeZUDmGs1z,Leticia Rosa 27988351213,Vendas,Atendimento Humano,Hifu,,2fc3880f-055e-4271-8ca2-0d1e624fa4ef,open,,2026-08-06 08:31,2026-08-06 08:31,2026-08-06 08:31,YvGpD09QMSuPjvAW8m7Q,Leticia Rosa,dminasrepre@hotmail.com,+5527988351213,tOCTm6XWnrsTULwxhiav
A_em_humano_entrada_ate_31ago,Sim,Data em que ENTROU ou REENTROU em Atendimento Humano (ex.: voltou de Perdido). Passou por humano em agosto.,LrcHWkuStQU8JvVxqnXb,Vivianne Ferreira Da Silva Prampero 66984253572,Vendas,Atendimento Humano,Hifu,,2fc3880f-055e-4271-8ca2-0d1e624fa4ef,open,,2026-08-06 10:18,2026-08-06 10:18,2026-08-06 10:18,FT5rVnZNaH7L5jwqCWWp,Vivianne Ferreira da Silva prampero,vivianne_prampero@hotmail.com,+5566984253572,tOCTm6XWnrsTULwxhiav
A_em_humano_entrada_ate_31ago,Sim,Data em que ENTROU ou REENTROU em Atendimento Humano (ex.: voltou de Perdido). Passou por humano em agosto.,YBKCJMx86dBRJD8GCC78,Christiane Rocha Fernandes 62984843063,Vendas,Atendimento Humano,Hakon,,2fc3880f-055e-4271-8ca2-0d1e624fa4ef,open,,2026-08-06 10:22,2026-08-06 10:22,2026-08-06 10:22,ZzOnbQXqSlvg7oiskRk7,Christiane Rocha Fernandes,christianerochafernandes@gmail.com,+5562984843063,rho3es8TSsZGEXvZ2Zsq
A_em_humano_entrada_ate_31ago,Sim,Data em que ENTROU ou REENTROU em Atendimento Humano (ex.: voltou de Perdido). Passou por humano em agosto.,5BcEaQzeOpyVrzPhGV5H,Kaio Gomes Macario 11992420570,Vendas,Atendimento Humano,Hakon,,2fc3880f-055e-4271-8ca2-0d1e624fa4ef,open,,2026-08-06 10:36,2026-08-06 10:36,2026-08-06 10:36,rir70QeXkzR1RhGlUr0B,Kaio Gomes Macario,primebodyestetica@gmail.com,+5511992420570,RLFBFjdepFmmmouejXz7
A_em_humano_entrada_ate_31ago,Sim,Data em que ENTROU ou REENTROU em Atendimento Humano (ex.: voltou de Perdido). Passou por humano em agosto.,D5UwrhUgEUdQJncghcZY,Denise 11991999901,Vendas,Atendimento Humano,Omer Smart,,2fc3880f-055e-4271-8ca2-0d1e624fa4ef,open,,2026-08-06 10:40,2026-08-06 10:40,2026-08-06 10:40,0TLskLgqylJMasoL1YA5,Denise,denise@ot.com.br,+5511991999901,RLFBFjdepFmmmouejXz7
A_em_humano_entrada_ate_31ago,Sim,Data em que ENTROU ou REENTROU em Atendimento Humano (ex.: voltou de Perdido). Passou por humano em agosto.,KGRZLh7D3SvP06V03tyg,Jennifer Vilas 22999785085,Vendas,Atendimento Humano,Hifu,,2fc3880f-055e-4271-8ca2-0d1e624fa4ef,open,,2026-08-06 10:45,2026-08-06 10:45,2026-08-06 10:45,qpg5fCgnQotfAYbWhpGt,Jennifer Vilas,seme.jennifer@gmail.com,+5522999785085,tOCTm6XWnrsTULwxhiav
A_em_humano_entrada_ate_31ago,Sim,Data em que ENTROU ou REENTROU em Atendimento Humano (ex.: voltou de Perdido). Passou por humano em agosto.,7IhbyLkdPMcWBK1hhdet,Dra Ana Baracho 38999703191,Vendas,Atendimento Humano,,,2fc3880f-055e-4271-8ca2-0d1e624fa4ef,open,,2026-08-06 11:35,2026-08-06 11:35,2026-08-06 11:35,uFisYRGrRJu58pRX5mmN,Dra Ana Baracho,revitalizasaudedtna@gmail.com,+5538999703191,zmYKEchnhQE7052CtHqP
A_em_humano_entrada_ate_31ago,Sim,Data em que ENTROU ou REENTROU em Atendimento Humano (ex.: voltou de Perdido). Passou por humano em agosto.,EMe7DV46hpLJYEla8ATL,Dra Ana Flavia Godoi 64984418056,Vendas,Atendimento Humano,,,2fc3880f-055e-4271-8ca2-0d1e624fa4ef,open,,2026-08-06 11:35,2026-08-06 11:35,2026-08-06 11:35,h2WmQJBqXYKmNCQMtEmR,Dra Ana Flavia Godoi,Anaflaviagodoi59@gmail.com,+5564984418056,zmYKEchnhQE7052CtHqP
A_em_humano_entrada_ate_31ago,Sim,Data em que ENTROU ou REENTROU em Atendimento Humano (ex.: voltou de Perdido). Passou por humano em agosto.,BhwScREa89VjG4de5LOU,Raphael Skultz 42998104998,Vendas,Atendimento Humano,,,2fc3880f-055e-4271-8ca2-0d1e624fa4ef,open,,2026-08-06 11:35,2026-08-06 11:35,2026-08-06 11:35,9KpjnVAvCJLgBMyyMLRE,Raphael Skultz,raphaskultz@hotmail.com,+5542998104998,HcJsCFZY6ZVs0eeXH2lq
A_em_humano_entrada_ate_31ago,Sim,Data em que ENTROU ou REENTROU em Atendimento Humano (ex.: voltou de Perdido). Passou por humano em agosto.,1Lzyz2bKZKAiP0Y2JwBI,Teodoro Jônathan Garrêto 41987995912,Vendas,Atendimento Humano,,,2fc3880f-055e-4271-8ca2-0d1e624fa4ef,open,,2026-08-06 11:35,2026-08-06 11:35,2026-08-06 11:35,SKKTU3pT3d2OfPWefhr3,Teodoro Jônathan Garrêto,teodorogarreto@hotmail.com,+5541987995912,uQNgnn5W2rlgD4UEckTk
A_em_humano_entrada_ate_31ago,Sim,Data em que ENTROU ou REENTROU em Atendimento Humano (ex.: voltou de Perdido). Passou por humano em agosto.,GNrN6PoHdkCxDhs4q8v6,Fabíola Mendes Almeida 3899270788,Vendas,Atendimento Humano,Hakon,,2fc3880f-055e-4271-8ca2-0d1e624fa4ef,open,,2026-08-06 11:53,2026-08-06 11:53,2026-08-26 19:23,AerlxmU3KSPxTs6KBh2y,Fabíola Mendes Almeida,,+553899270788,uQNgnn5W2rlgD4UEckTk
A_em_humano_entrada_ate_31ago,Sim,Data em que ENTROU ou REENTROU em Atendimento Humano (ex.: voltou de Perdido). Passou por humano em agosto.,3jWPmEZJmZHTXdNR36uS,Irene Freitas 11960681722,Vendas,Atendimento Humano,Hakon,,2fc3880f-055e-4271-8ca2-0d1e624fa4ef,open,,2026-08-06 12:01,2026-08-06 12:01,2026-08-06 12:01,QYdO8Q8AsNMxCxmHvp9D,Irene Freitas,irenefreitas27@gmail.com,+5511960681722,HcJsCFZY6ZVs0eeXH2lq
A_em_humano_entrada_ate_31ago,Sim,Data em que ENTROU ou REENTROU em Atendimento Humano (ex.: voltou de Perdido). Passou por humano em agosto.,t15urQv8rLcKOtoyaB00,Ana Gondek 41996419747,Vendas,Atendimento Humano,Hifu,,2fc3880f-055e-4271-8ca2-0d1e624fa4ef,open,,2026-08-06 12:51,2026-08-06 12:51,2026-08-06 12:51,K9sgRIU0PHECQrcGBYxH,Ana Gondek,anapstacha@outlook.com,+5541996419747,tOCTm6XWnrsTULwxhiav
A_em_humano_entrada_ate_31ago,Sim,Data em que ENTROU ou REENTROU em Atendimento Humano (ex.: voltou de Perdido). Passou por humano em agosto.,DBPZmkvb4uqBlxUNrqCX,Danielly Fernandes Aguiar 6285977227,Vendas,Atendimento Humano,,Laser de baixa,2fc3880f-055e-4271-8ca2-0d1e624fa4ef,open,,2026-08-06 14:23,2026-08-06 14:23,2026-08-06 14:24,cds2I6XEYijLBTyg6iuQ,Danielly Fernandes Aguiar,,+556285977227,MQwUeTPdGWQQ0VwsaAVr
A_em_humano_entrada_ate_31ago,Sim,Data em que ENTROU ou REENTROU em Atendimento Humano (ex.: voltou de Perdido). Passou por humano em agosto.,Uc37W5BwMlsnTIIBosVP,Amália Campos 61981216800,Vendas,Atendimento Humano,Hegon,,2fc3880f-055e-4271-8ca2-0d1e624fa4ef,open,,2026-08-06 15:43,2026-08-06 15:43,2026-08-06 15:46,DvwIi0hStUgY3ScxfDB7,Amália Campos,amoamalia@gmail.com,+5561981216800,tOCTm6XWnrsTULwxhiav
A_em_humano_entrada_ate_31ago,Sim,Data em que ENTROU ou REENTROU em Atendimento Humano (ex.: voltou de Perdido). Passou por humano em agosto.,zaa0GaTYOwPIWgwbumMB,Dra Angélica Batista | Harmonização Facial 94992598246,Vendas,Atendimento Humano,Hakon,,2fc3880f-055e-4271-8ca2-0d1e624fa4ef,open,,2026-08-06 15:43,2026-08-06 15:43,2026-08-06 15:47,0VvdOlOeYR189YdPs1dg,Dra Angélica Batista,angelicabatista1993@gmail.com,+5594992598246,HcJsCFZY6ZVs0eeXH2lq
A_em_humano_entrada_ate_31ago,Sim,Data em que ENTROU ou REENTROU em Atendimento Humano (ex.: voltou de Perdido). Passou por humano em agosto.,cYvixLNVLkEinO1s3H8C,Dra Maitê Douglas | Biomédica Esteta 51998757418,Vendas,Atendimento Humano,Hegon,,2fc3880f-055e-4271-8ca2-0d1e624fa4ef,open,,2026-08-06 15:43,2026-08-06 15:43,2026-08-06 15:49,XeNRsyiqdlGaTxGDT2p9,Dra Maitê Douglas,maitedouglas@hotmail.com,+5551998757418,BadP83SqCkMIcyU9snIg
A_em_humano_entrada_ate_31ago,Sim,Data em que ENTROU ou REENTROU em Atendimento Humano (ex.: voltou de Perdido). Passou por humano em agosto.,dNpd9QuABPEvSy1VO5kA,Lulu Alves 11975989304,Vendas,Atendimento Humano,Hakon,,2fc3880f-055e-4271-8ca2-0d1e624fa4ef,open,,2026-08-06 15:43,2026-08-06 15:43,2026-08-06 15:45,RfKORtbiUHqXuFt3qQlp,Lulu Alves Alves,lluulu.bl@gmail.com,+5511975989304,rho3es8TSsZGEXvZ2Zsq
B_saiu_humano_mudanca_etapa_em_agosto,Sim,Data em que SAIU de Atendimento Humano (foi para a etapa atual). Passou por humano em agosto.,ewjzkSHtS7XzYUXFhO78,Anne Rafaela Lourenco 1195540604,Vendas,Perdido,Hifu,,7af9e26d-c305-4dec-8499-2816cb5c7635,lost,,2026-07-20 17:10,2026-08-06 17:48,2026-08-06 17:48,U2e53eYz39D43GUe4ONx,Anne rafaela lourenco,esteticarafa2912@gmail.com,+551195540604,RLFBFjdepFmmmouejXz7
A_em_humano_entrada_ate_31ago,Sim,Data em que ENTROU ou REENTROU em Atendimento Humano (ex.: voltou de Perdido). Passou por humano em agosto.,AzlkKKYWLysv600bxfOv,Lethicia Oliveira 11912468100,Vendas,Atendimento Humano,Hakon,,2fc3880f-055e-4271-8ca2-0d1e624fa4ef,open,,2026-08-07 10:09,2026-08-07 10:09,2026-08-07 10:09,jQLuUFLdlfDGkgLfNZ5r,Lethicia Oliveira,lethicia.oliveira16@hotmail.com,+5511912468100,RLFBFjdepFmmmouejXz7
A_em_humano_entrada_ate_31ago,Sim,Data em que ENTROU ou REENTROU em Atendimento Humano (ex.: voltou de Perdido). Passou por humano em agosto.,NErSi4wn8YR2VpVE7BzB,Idene Aparecida Okpes Weber 45998004317,Vendas,Atendimento Humano,Hakon,,2fc3880f-055e-4271-8ca2-0d1e624fa4ef,open,,2026-08-07 09:21,2026-08-07 10:26,2026-08-07 10:26,GP39rrNFdNXn0ewCPY99,Idene Aparecida Okpes Weber,ideokpes@gmail.com,+5545998004317,rho3es8TSsZGEXvZ2Zsq
B_saiu_humano_mudanca_etapa_em_agosto,Sim,Data em que SAIU de Atendimento Humano (foi para a etapa atual). Passou por humano em agosto.,lVZ6pmCgLnjMjRgCGohM,Karen Carla Nascimento Da Silva  6796936422,Vendas,Perdido,Omer Smart,,7af9e26d-c305-4dec-8499-2816cb5c7635,lost,,2026-07-28 14:21,2026-08-07 15:28,2026-08-07 15:28,y7HYswZnQOMjyhLkHIbv,Karen Carla Nascimento Da Silva,krts825@gmail.com,+556796936422,HcJsCFZY6ZVs0eeXH2lq
A_em_humano_entrada_ate_31ago,Sim,Data em que ENTROU ou REENTROU em Atendimento Humano (ex.: voltou de Perdido). Passou por humano em agosto.,yphQbdQDOtvadwDIkAn8,Lincoln Castro Cardoso 21989593652,Vendas,Atendimento Humano,Omer Smart,,2fc3880f-055e-4271-8ca2-0d1e624fa4ef,open,,2026-08-07 15:35,2026-08-07 15:35,2026-08-07 15:35,gEDf9Z4xCnmRGEl2CAUh,Lincoln Castro Cardoso,lynk.on33@gmail.com,+5521989593652,rho3es8TSsZGEXvZ2Zsq
B_saiu_humano_mudanca_etapa_em_agosto,Sim,Data em que SAIU de Atendimento Humano (foi para a etapa atual). Passou por humano em agosto.,9rkrqbhaK1omeSTnfuWE,Gabriel Vitor 61982147475,Vendas,Perdido,Hakon,,7af9e26d-c305-4dec-8499-2816cb5c7635,lost,,2026-07-28 16:58,2026-08-07 15:41,2026-08-07 15:41,fJxuXIKtwYZshZkRkOnh,Gabriel Vitor,contato.gabrielvitor@hotmail.com,+5561982147475,HcJsCFZY6ZVs0eeXH2lq
B_saiu_humano_mudanca_etapa_em_agosto,Sim,Data em que SAIU de Atendimento Humano (foi para a etapa atual). Passou por humano em agosto.,2QlohbLGnWW7EkTlwhYr,Karina Tim -  519144-6617,Vendas,Perdido,,,7af9e26d-c305-4dec-8499-2816cb5c7635,lost,,2026-08-05 17:12,2026-08-07 15:48,2026-08-07 15:48,hiDR8tmppYsCOuEBa07Y,Karina Tim,,,HcJsCFZY6ZVs0eeXH2lq
B_saiu_humano_mudanca_etapa_em_agosto,Sim,Data em que SAIU de Atendimento Humano (foi para a etapa atual). Passou por humano em agosto.,0VqWrWz1fplsMqZuWYA0,Juliana Correia Da Silva 34999904177,Vendas,Perdido,"Pisom, Hegon",,7af9e26d-c305-4dec-8499-2816cb5c7635,lost,,2026-07-07 17:52,2026-08-07 17:16,2026-08-07 17:16,PMsshZVXs3nAUzirL7CP,Juliana Correia da Silva,julianacorreiaptc2021@gmail.com,+5534999904177,zmYKEchnhQE7052CtHqP
B_saiu_humano_mudanca_etapa_em_agosto,Sim,Data em que SAIU de Atendimento Humano (foi para a etapa atual). Passou por humano em agosto.,kI3Goy0aX75WVGXx8E6b,Dayane de Padua 31990643516,Vendas,Perdido,Hakon,,7af9e26d-c305-4dec-8499-2816cb5c7635,lost,,2026-08-05 14:32,2026-08-07 17:58,2026-08-07 17:58,qlXsZxKRGcUI9DtdtIgb,Dayane de Padua,dayanespadua@gmail.com,+5531990643516,HcJsCFZY6ZVs0eeXH2lq
B_saiu_humano_mudanca_etapa_em_agosto,Sim,Data em que SAIU de Atendimento Humano (foi para a etapa atual). Passou por humano em agosto.,kzc9rxHuafvVVqizCtmR,Marina Silmas 6793371401,Vendas,Perdido,,,7af9e26d-c305-4dec-8499-2816cb5c7635,lost,,2026-07-17 16:36,2026-08-10 10:11,2026-08-10 10:11,blzpfrrsiEez7Jh4dztM,MARINA SIMAS,,+556793371401,1Ft1gE5HxhbmDxM8Y372
B_saiu_humano_mudanca_etapa_em_agosto,Sim,Data em que SAIU de Atendimento Humano (foi para a etapa atual). Passou por humano em agosto.,PoKpCVdUeFtg3ltWNdEI,Tauane Elisa 35992527329,Vendas,Perdido,Omer Smart,,7af9e26d-c305-4dec-8499-2816cb5c7635,lost,,2026-07-23 11:39,2026-08-10 10:33,2026-08-10 10:34,55sR3ghpR8ewzK0waJP2,Tauane Elisa,tauaneelisal@gmail.com,+5535992527329,HcJsCFZY6ZVs0eeXH2lq
A_em_humano_entrada_ate_31ago,Sim,Data em que ENTROU ou REENTROU em Atendimento Humano (ex.: voltou de Perdido). Passou por humano em agosto.,mvzTBPVbGmzI2pkJVhPE,Fabiola Bicalho,Vendas,Atendimento Humano,,,2fc3880f-055e-4271-8ca2-0d1e624fa4ef,open,,2026-08-10 11:15,2026-08-10 11:15,2026-08-10 11:15,1uUKLYAP904TP79TijIa,Fabiola Bicalho,cbfabiola9@gmail.com,+5522999079092,MQwUeTPdGWQQ0VwsaAVr
A_em_humano_entrada_ate_31ago,Sim,Data em que ENTROU ou REENTROU em Atendimento Humano (ex.: voltou de Perdido). Passou por humano em agosto.,n7W6KCxXmtgqurcxW9VO,Débora Oliveira 24999734784,Vendas,Atendimento Humano,,LaserDay,2fc3880f-055e-4271-8ca2-0d1e624fa4ef,open,,2026-08-10 10:33,2026-08-10 11:20,2026-08-10 11:20,jiWAHfZXcQdvsMqHp2Qu,Débora Oliveira,mainieredebora@gmail.com,+5524999734784,MQwUeTPdGWQQ0VwsaAVr
A_em_humano_entrada_ate_31ago,Sim,Data em que ENTROU ou REENTROU em Atendimento Humano (ex.: voltou de Perdido). Passou por humano em agosto.,ogpKCNzjQ6HA27Uu00uh,Simone Ferreira | Ginecologista 16997537007,Vendas,Atendimento Humano,Hegon,,2fc3880f-055e-4271-8ca2-0d1e624fa4ef,open,,2026-08-09 11:01,2026-08-10 11:42,2026-08-10 11:42,WgZ38cO0H6ARkhFwahZy,Simone Ferreira | Ginecologista,simone.o.f.med@hotmail.com,+5516997537007,BadP83SqCkMIcyU9snIg
A_em_humano_entrada_ate_31ago,Sim,Data em que ENTROU ou REENTROU em Atendimento Humano (ex.: voltou de Perdido). Passou por humano em agosto.,dl2KQCpd6LhNM2Nzy2Tc,Patrícia Fernandes 38998446396,Vendas,Atendimento Humano,Omer Smart,,2fc3880f-055e-4271-8ca2-0d1e624fa4ef,open,,2026-08-10 11:52,2026-08-10 11:52,2026-08-10 11:52,C67a5U37JFx7zKNYiSIl,Patrícia Fernandes,souzapatthy75@gmail.com,+5538998446396,rho3es8TSsZGEXvZ2Zsq
B_saiu_humano_mudanca_etapa_em_agosto,Sim,Data em que SAIU de Atendimento Humano (foi para a etapa atual). Passou por humano em agosto.,KqU5FvtxPj83ZgTguNMU,Romario Berlim 47996913496,Vendas,Perdido,Hegon,,7af9e26d-c305-4dec-8499-2816cb5c7635,lost,,2026-07-24 17:12,2026-08-10 11:56,2026-08-10 11:56,4KPw143R0DdcEgGVUkrY,Romario Berlim LED Equipamentos e Injetáveis,romarioberlim22@gmail.com,+5547996913496,1Ft1gE5HxhbmDxM8Y372
B_saiu_humano_mudanca_etapa_em_agosto,Sim,Data em que SAIU de Atendimento Humano (foi para a etapa atual). Passou por humano em agosto.,9rCAEpSM2Z46X4n1pJND,Taisa Moreira 21965518876,Vendas,Perdido,Omer Smart,,7af9e26d-c305-4dec-8499-2816cb5c7635,lost,,2026-07-21 10:40,2026-08-10 12:11,2026-08-10 12:11,sTiz9qu2SJ0C8LUSqMMA,Taísa Moreira,taisaljnda10@gmail.com,+5521965518876,1Ft1gE5HxhbmDxM8Y372
B_saiu_humano_mudanca_etapa_em_agosto,Sim,Data em que SAIU de Atendimento Humano (foi para a etapa atual). Passou por humano em agosto.,Ew6xj5MDqOOUXnoxAnq1,Cassia Teixeira 22999546221,Vendas,Perdido,Mpt,,7af9e26d-c305-4dec-8499-2816cb5c7635,lost,,2026-07-24 09:44,2026-08-10 12:20,2026-08-10 12:20,75IK8jE1ibGkHeNtxws3,Cássia Teixeira| Cosmetologia Avançada,cassiagt@gmail.com,+5522999546221,1Ft1gE5HxhbmDxM8Y372
A_em_humano_entrada_ate_31ago,Sim,Data em que ENTROU ou REENTROU em Atendimento Humano (ex.: voltou de Perdido). Passou por humano em agosto.,B6o1VOzhTQMNKkiPS6qO,Dra Samara Barreto | Estética Avançada 21964313760,Vendas,Atendimento Humano,,LaserDay,2fc3880f-055e-4271-8ca2-0d1e624fa4ef,open,,2026-08-10 13:34,2026-08-10 13:36,2026-08-10 13:36,lsKGDTGgqZZc3uqV7bFA,Dra Samara Barreto | Estética Avançada,,+5521964313760,BadP83SqCkMIcyU9snIg
A_em_humano_entrada_ate_31ago,Sim,Data em que ENTROU ou REENTROU em Atendimento Humano (ex.: voltou de Perdido). Passou por humano em agosto.,t2QbT5bzPVRutsLCWQJA,Ana Clara 21989819278,Vendas,Atendimento Humano,,Laser Day,2fc3880f-055e-4271-8ca2-0d1e624fa4ef,open,,2026-08-08 08:05,2026-08-10 13:54,2026-08-10 13:54,uJMzVxV5xPTgUw60dV5k,Ana Clara,,+5521989819278,HcJsCFZY6ZVs0eeXH2lq
A_em_humano_entrada_ate_31ago,Sim,Data em que ENTROU ou REENTROU em Atendimento Humano (ex.: voltou de Perdido). Passou por humano em agosto.,bGPOGMpZ2aHKcRNX6Xj6,Keila Andrade 24999445321,Vendas,Atendimento Humano,,LaserDay,2fc3880f-055e-4271-8ca2-0d1e624fa4ef,open,,2026-08-08 08:18,2026-08-10 14:04,2026-08-10 14:04,JyMafDwvzQ6cu96f7zca,Keila Andrade,,+5524999445321,RLFBFjdepFmmmouejXz7
B_saiu_humano_mudanca_etapa_em_agosto,Sim,Data em que SAIU de Atendimento Humano (foi para a etapa atual). Passou por humano em agosto.,klaUvs8SGbN2UFFKo3o3,Joyce Oliveira 8591524646,Vendas,Perdido,Omer Smart,,7af9e26d-c305-4dec-8499-2816cb5c7635,lost,89,2026-08-03 11:16,2026-08-10 14:06,2026-08-10 14:06,IXyzGtpzGo27jymwT0nU,Joyce Oliveira,,+558591524646,HcJsCFZY6ZVs0eeXH2lq
A_em_humano_entrada_ate_31ago,Sim,Data em que ENTROU ou REENTROU em Atendimento Humano (ex.: voltou de Perdido). Passou por humano em agosto.,54dvUreFe4VweehqsIpK,Jessica Monteiro 21979933923,Vendas,Atendimento Humano,,Laser Day,2fc3880f-055e-4271-8ca2-0d1e624fa4ef,open,,2026-08-08 09:15,2026-08-10 15:58,2026-08-10 15:59,AUuWf28EottM9EBsHY01,Jessica Monteiro,,+5521979933923,uQNgnn5W2rlgD4UEckTk
A_em_humano_entrada_ate_31ago,Sim,Data em que ENTROU ou REENTROU em Atendimento Humano (ex.: voltou de Perdido). Passou por humano em agosto.,u8wVHd7B8rTvgLQB7hNZ,Madalena Durante 21999966842,Vendas,Atendimento Humano,Mpt,,2fc3880f-055e-4271-8ca2-0d1e624fa4ef,open,,2026-08-10 16:04,2026-08-10 16:04,2026-08-10 16:04,hjsygUcxP2K5StzMh4KR,Madalena Durante,3d@durante.com.br,+5521999966842,BadP83SqCkMIcyU9snIg
A_em_humano_entrada_ate_31ago,Sim,Data em que ENTROU ou REENTROU em Atendimento Humano (ex.: voltou de Perdido). Passou por humano em agosto.,YyxF6Tabwa0cIL0AG1rd,Pri Salvadori 21964400481,Vendas,Atendimento Humano,,Jato de plasma,2fc3880f-055e-4271-8ca2-0d1e624fa4ef,open,,2026-08-10 10:23,2026-08-10 16:32,2026-08-10 16:33,FuV3CDo1kbTuIgdLj6vR,Pri Salvadori,,+5521964400481,MQwUeTPdGWQQ0VwsaAVr
A_em_humano_entrada_ate_31ago,Sim,Data em que ENTROU ou REENTROU em Atendimento Humano (ex.: voltou de Perdido). Passou por humano em agosto.,bIDWUADOR2bjyJcfzhFP,Dra Ana Daniela De Paula 6496613817,Vendas,Atendimento Humano,,NIOO,2fc3880f-055e-4271-8ca2-0d1e624fa4ef,open,,2026-08-10 08:58,2026-08-10 16:40,2026-08-10 16:45,T235NwppgC9Wq65D00NK,Dra. Ana Daniela de Paula,,+556496613817,MQwUeTPdGWQQ0VwsaAVr
B_saiu_humano_mudanca_etapa_em_agosto,Sim,Data em que SAIU de Atendimento Humano (foi para a etapa atual). Passou por humano em agosto.,RgHgwaT4QfSu1BXIAlU8,Alcides Domingues,Vendas,Perdido,,Endophoton Lite 660+808,7af9e26d-c305-4dec-8499-2816cb5c7635,lost,,2026-08-10 22:32,2026-08-11 10:20,2026-08-11 10:22,Sk5Bn9gLdQ7E2CRQW6b5,Alcides Domingues,dominguesalcides@gmail.com,+5521997992108,GYuOrs7GqrmDAUNjK0vm
A_em_humano_entrada_ate_31ago,Sim,Data em que ENTROU ou REENTROU em Atendimento Humano (ex.: voltou de Perdido). Passou por humano em agosto.,y1DzymS7udQJIDPTDaoQ,Adriana Alves Da Silva 27999744231,Vendas,Atendimento Humano,Omer Smart,,2fc3880f-055e-4271-8ca2-0d1e624fa4ef,open,,2026-08-11 15:06,2026-08-11 15:06,2026-08-11 15:06,2GPJ8wuq10kLbk8w6WS8,Adriana Alves da silva,drialvesst@gmail.com,+5527999744231,rho3es8TSsZGEXvZ2Zsq
A_em_humano_entrada_ate_31ago,Sim,Data em que ENTROU ou REENTROU em Atendimento Humano (ex.: voltou de Perdido). Passou por humano em agosto.,iEa0lmgbFxV5OsI0yToW,Agnaldo Ferreira 11966075529,Vendas,Atendimento Humano,Omer Smart,,2fc3880f-055e-4271-8ca2-0d1e624fa4ef,open,,2026-08-11 15:50,2026-08-11 15:50,2026-08-11 15:50,7sJiK6ywYqmPn5X5IcJl,Agnaldo Ferreira,,+5511966075529,RLFBFjdepFmmmouejXz7
A_em_humano_entrada_ate_31ago,Sim,Data em que ENTROU ou REENTROU em Atendimento Humano (ex.: voltou de Perdido). Passou por humano em agosto.,t091hPWMhLC21HTF4Irt,Angélica Santos 21987238166,Vendas,Atendimento Humano,Omer Smart,,2fc3880f-055e-4271-8ca2-0d1e624fa4ef,open,,2026-08-11 16:06,2026-08-11 16:06,2026-08-11 16:12,8Ugpehq4AeHOPsiNGXSf,Angélica Santos,hagarelroy7@gmail.com,+5521987238166,HcJsCFZY6ZVs0eeXH2lq
A_em_humano_entrada_ate_31ago,Sim,Data em que ENTROU ou REENTROU em Atendimento Humano (ex.: voltou de Perdido). Passou por humano em agosto.,edglxcO42ke5cYOrgmpZ,Aquidauana Maes 11990195168,Vendas,Atendimento Humano,Hakon,,2fc3880f-055e-4271-8ca2-0d1e624fa4ef,open,,2026-08-11 16:16,2026-08-11 16:16,2026-08-11 16:16,m07WMOgCTjWwZB5BK9gV,Aquidauana Maes,aquidauana_maes@hotmail.com,+5511990195168,RLFBFjdepFmmmouejXz7
A_em_humano_entrada_ate_31ago,Sim,Data em que ENTROU ou REENTROU em Atendimento Humano (ex.: voltou de Perdido). Passou por humano em agosto.,ud1IELP9uQLEIk25SRsd,Barbahra Kely 47984172819,Vendas,Atendimento Humano,Omer Smart,,2fc3880f-055e-4271-8ca2-0d1e624fa4ef,open,,2026-08-11 16:28,2026-08-11 16:28,2026-08-11 16:28,wPTT0fknVK0twDDJDSok,Bárbahra kély,barbahrakely@gmail.com,+5547984172819,rho3es8TSsZGEXvZ2Zsq
A_em_humano_entrada_ate_31ago,Sim,Data em que ENTROU ou REENTROU em Atendimento Humano (ex.: voltou de Perdido). Passou por humano em agosto.,Qv3m9jblHaHWF4Dt4NaM,Bruna Martins 61993659318,Vendas,Atendimento Humano,Hifu,,2fc3880f-055e-4271-8ca2-0d1e624fa4ef,open,,2026-08-11 16:37,2026-08-11 16:37,2026-08-11 16:37,lFHsjrtU7OJgOaaQWJKv,Bruna Martins,personaliteacademyestetica@gmail.com,+5561993659318,uQNgnn5W2rlgD4UEckTk
B_saiu_humano_mudanca_etapa_em_agosto,Sim,Data em que SAIU de Atendimento Humano (foi para a etapa atual). Passou por humano em agosto.,nxyDsgdvq2pT5GNEGizc,Andrea Menezes 35998641774,Vendas,Perdido,Hifu,,7af9e26d-c305-4dec-8499-2816cb5c7635,lost,,2026-07-28 16:58,2026-08-11 17:51,2026-08-11 17:51,tyCwfkchIqClJZi6zQZ5,Andrea Menezes,gestaopousoalegre@gmail.com,+5535998641774,1Ft1gE5HxhbmDxM8Y372
B_saiu_humano_mudanca_etapa_em_agosto,Sim,Data em que SAIU de Atendimento Humano (foi para a etapa atual). Passou por humano em agosto.,hWOBY9GRuzF2G7Mp4Qvw,Lincoln Miranda 13997160000,Vendas,Perdido,Hakon,,7af9e26d-c305-4dec-8499-2816cb5c7635,lost,,2026-07-22 09:58,2026-08-11 17:52,2026-08-11 17:52,eInBGIX3e27Bd5CjGqsO,Lincoln Miranda,lincolnmiranda100@gmail.com,+5513997160000,1Ft1gE5HxhbmDxM8Y372
A_em_humano_entrada_ate_31ago,Sim,Data em que ENTROU ou REENTROU em Atendimento Humano (ex.: voltou de Perdido). Passou por humano em agosto.,ZJgsf9bd3PTBbgOeCaUB,Cleo 12997552723,Vendas,Atendimento Humano,Hakon,,2fc3880f-055e-4271-8ca2-0d1e624fa4ef,open,,2026-08-11 18:39,2026-08-11 18:39,2026-08-11 18:39,hmcwn0n74oioorg8luLA,Cleo,cleoneidemsp@gmail.com,+5512997552723,RLFBFjdepFmmmouejXz7
A_em_humano_entrada_ate_31ago,Sim,Data em que ENTROU ou REENTROU em Atendimento Humano (ex.: voltou de Perdido). Passou por humano em agosto.,eBIUcjjzrtywyspcaZSW,França 61996436248,Vendas,Atendimento Humano,Omer Smart,,2fc3880f-055e-4271-8ca2-0d1e624fa4ef,open,,2026-08-12 09:34,2026-08-12 09:34,2026-08-12 09:35,HZiwCYMeuZJElK891XYG,França,yansfranca2002@gmail.com,+5561996436248,rho3es8TSsZGEXvZ2Zsq
B_saiu_humano_mudanca_etapa_em_agosto,Sim,Data em que SAIU de Atendimento Humano (foi para a etapa atual). Passou por humano em agosto.,J6j0bMCy0LQLBkqc1Bzd,Gilson Jose Da Silva 14996181941,Vendas,Perdido,Mpt,,7af9e26d-c305-4dec-8499-2816cb5c7635,lost,,2026-07-24 11:20,2026-08-12 10:10,2026-08-12 10:10,ZsFVxyduR9Y2IFr7QZr7,Gilson José da Silva,gilson-js@uol.com.br,+5514996181941,1Ft1gE5HxhbmDxM8Y372
A_em_humano_entrada_ate_31ago,Sim,Data em que ENTROU ou REENTROU em Atendimento Humano (ex.: voltou de Perdido). Passou por humano em agosto.,uHGH1Nl8wHceymHKYOkM,Roberta Muricy | Estética Avançada 11947789163,Vendas,Atendimento Humano,Hakon,,2fc3880f-055e-4271-8ca2-0d1e624fa4ef,open,,2026-08-12 10:13,2026-08-12 10:13,2026-08-12 10:13,HF8OSx79Ll4sZuU3pz53,Roberta Muricy | Estética Avançada,robertamuricy85@gmail.com,+5511947789163,RLFBFjdepFmmmouejXz7
B_saiu_humano_mudanca_etapa_em_agosto,Sim,Data em que SAIU de Atendimento Humano (foi para a etapa atual). Passou por humano em agosto.,4PeTkDCvvKEP53ajaU4B,Talita (Casa Cagliari) 18991137008,Vendas,Perdido,Pisom,,7af9e26d-c305-4dec-8499-2816cb5c7635,lost,,2026-07-28 16:58,2026-08-12 10:30,2026-08-12 10:30,OtakBm5VJg9fmtuk6ylP,Talita (Casa Cagliari),caglisoltalita@gmail.com,+5518991137008,1Ft1gE5HxhbmDxM8Y372
B_saiu_humano_mudanca_etapa_em_agosto,Sim,Data em que SAIU de Atendimento Humano (foi para a etapa atual). Passou por humano em agosto.,kgTnZeSaUbVS8V9hrKD9,Patricia Rodovalho 34999957886,Vendas,Perdido,Hakon,,7af9e26d-c305-4dec-8499-2816cb5c7635,lost,,2026-07-27 14:57,2026-08-12 10:31,2026-08-12 10:31,NC0HQx47n5tK4EmGYUSY,Patricia Rodovalho,patyrodovalho64@gmail.com,+5534999957886,1Ft1gE5HxhbmDxM8Y372
A_em_humano_entrada_ate_31ago,Sim,Data em que ENTROU ou REENTROU em Atendimento Humano (ex.: voltou de Perdido). Passou por humano em agosto.,Vf2pZwr6mk2a9xMMqpM3,Suzana Damaceno 21965133213,Vendas,Atendimento Humano,,Equipamentos de entrada,2fc3880f-055e-4271-8ca2-0d1e624fa4ef,open,,2026-08-10 15:54,2026-08-12 11:50,2026-08-12 11:51,oAAckPzubs9IeKzeLRvx,Suzana Damaceno,,+5521965133213,MQwUeTPdGWQQ0VwsaAVr
B_saiu_humano_mudanca_etapa_em_agosto,Sim,Data em que SAIU de Atendimento Humano (foi para a etapa atual). Passou por humano em agosto.,zhpbzUGfSn1bLRDtQgHJ,Taciane 12982939312,Vendas,Perdido,Omer Smart,,7af9e26d-c305-4dec-8499-2816cb5c7635,lost,,2026-07-28 16:58,2026-08-12 12:26,2026-08-12 12:26,CLjAJVh0LnW1sRQyHlym,Taciane,93taci93@gmail.com,+5512982939312,1Ft1gE5HxhbmDxM8Y372
A_em_humano_entrada_ate_31ago,Sim,Data em que ENTROU ou REENTROU em Atendimento Humano (ex.: voltou de Perdido). Passou por humano em agosto.,Qfw6LwKYj2umOdTZd0J7,Danielle Fernandes Porto 77999740024,Vendas,Atendimento Humano,Hakon,,2fc3880f-055e-4271-8ca2-0d1e624fa4ef,open,,2026-08-11 18:47,2026-08-12 13:24,2026-08-12 13:24,WQLWtHCVhn79cI2yiGCV,Danielle Fernandes Porto,daniellefporto@icloud.com,+5577999740024,RLFBFjdepFmmmouejXz7
B_saiu_humano_mudanca_etapa_em_agosto,Sim,Data em que SAIU de Atendimento Humano (foi para a etapa atual). Passou por humano em agosto.,DFehCx8O02dR2IhM9NZj,Rafaela Crizel Da Rosa 5199291088,Vendas,Perdido,Omer Smart,,7af9e26d-c305-4dec-8499-2816cb5c7635,lost,,2026-07-16 15:13,2026-08-12 14:00,2026-08-12 14:00,0DlFKFzaQfAhe2ZEDufF,Rafaela Crizel da Rosa,rafaelacrizel1@outlook.com,+555199291088,1Ft1gE5HxhbmDxM8Y372
A_em_humano_entrada_ate_31ago,Sim,Data em que ENTROU ou REENTROU em Atendimento Humano (ex.: voltou de Perdido). Passou por humano em agosto.,L9Z3zKHyrykAQq0OufJt,Rommel Apolinario Feitosa 88996040046,Vendas,Atendimento Humano,Hegon,,2fc3880f-055e-4271-8ca2-0d1e624fa4ef,open,,2026-08-12 14:12,2026-08-12 14:12,2026-08-12 14:12,6yjARgjGXGv4Md8u0lYA,Rommel Apolinario Feitosa,rommelplastica@gmail.com,+5588996040046,tOCTm6XWnrsTULwxhiav
A_em_humano_entrada_ate_31ago,Sim,Data em que ENTROU ou REENTROU em Atendimento Humano (ex.: voltou de Perdido). Passou por humano em agosto.,1b17AkQWpW77pYqUkwis,Noaide Queiroz 11968072455,Vendas,Atendimento Humano,Omer Smart,,2fc3880f-055e-4271-8ca2-0d1e624fa4ef,open,,2026-08-12 14:25,2026-08-12 14:25,2026-08-12 14:25,lINgY40ZleYO0K0kAK5g,Noaide Queiroz,noahqueiroz2104@hotmail.com,+5511968072455,RLFBFjdepFmmmouejXz7
A_em_humano_entrada_ate_31ago,Sim,Data em que ENTROU ou REENTROU em Atendimento Humano (ex.: voltou de Perdido). Passou por humano em agosto.,beeLFQ1fm6i4bd7ZzjkW,Flávia Vieira Bueno Kirschner 15996937179,Vendas,Atendimento Humano,Pisom,,2fc3880f-055e-4271-8ca2-0d1e624fa4ef,open,,2026-08-12 15:09,2026-08-12 15:09,2026-08-12 15:09,zS4YF89fbzqtSyc9m4jh,Flávia Vieira Bueno Kirschner,,+5515996937179,tOCTm6XWnrsTULwxhiav
A_em_humano_entrada_ate_31ago,Sim,Data em que ENTROU ou REENTROU em Atendimento Humano (ex.: voltou de Perdido). Passou por humano em agosto.,1ihPV4xOlDuItk6fsUlt,Joyce Racca 21994877735,Vendas,Atendimento Humano,,"Jato de plasma, microfocado, eletroterapia",2fc3880f-055e-4271-8ca2-0d1e624fa4ef,open,,2026-08-12 15:22,2026-08-12 15:22,2026-08-12 15:22,hodlzAqr9h1fNTiAG6vm,Joyce Racca,joyceracca@hotmail.com,+5521994877735,MQwUeTPdGWQQ0VwsaAVr
A_em_humano_entrada_ate_31ago,Sim,Data em que ENTROU ou REENTROU em Atendimento Humano (ex.: voltou de Perdido). Passou por humano em agosto.,WHxtMM8Khxll6aN6RM0B,Elaine Santos 21996150484,Vendas,Atendimento Humano,Hakon,,2fc3880f-055e-4271-8ca2-0d1e624fa4ef,open,,2026-08-12 10:30,2026-08-12 15:46,2026-08-12 15:46,azd46sIwGP2873EEboTu,Elaine Santos,draelainecsantos@gmail.com,+5521996150484,rho3es8TSsZGEXvZ2Zsq
B_saiu_humano_mudanca_etapa_em_agosto,Sim,Data em que SAIU de Atendimento Humano (foi para a etapa atual). Passou por humano em agosto.,dvZLhjvhYj2k6jQKXkFq,Tatiana Martins De Freitas Carmo 33988422946,Vendas,Perdido,Hifu,,7af9e26d-c305-4dec-8499-2816cb5c7635,lost,,2026-08-12 13:42,2026-08-13 08:34,2026-08-13 08:34,X9zGLiyvp2ub7PhBCohL,Tatiana Martins de freitas carmo,tatianafreitascarmo@gmail.com,+5533988422946,zmYKEchnhQE7052CtHqP
B_saiu_humano_mudanca_etapa_em_agosto,Sim,Data em que SAIU de Atendimento Humano (foi para a etapa atual). Passou por humano em agosto.,NVvAHxYfkJTi3j1VSvqG,Dra Eligiane Costa | Fisioterapeuta na saúde da mulher 66999529113,Vendas,Análise de crédito,Hegon,,4d5ec528-ca3b-4aa3-b51c-f0686751215e,open,,2026-07-28 11:27,2026-08-13 08:55,2026-08-13 08:55,Em9ij7CzAmMkqvEVWrHB,Dra.Eligiane Costa | Fisioterapeuta na saúde da mulher,ligicristinacosta@gmail.com,+556699529113,zmYKEchnhQE7052CtHqP
B_saiu_humano_mudanca_etapa_em_agosto,Sim,Data em que SAIU de Atendimento Humano (foi para a etapa atual). Passou por humano em agosto.,mLm6OZzjwHhbcTRoKiPy,Carlla Franca 8196084266,Vendas,Em negociação,Pisom,,e6db12f0-1dc7-4eb4-bb85-d6b3d3070bce,open,,2026-08-12 10:04,2026-08-13 09:16,2026-08-13 09:16,SufpAwhkOEWiArElMhrG,Carlla Franca,,+558196084266,zmYKEchnhQE7052CtHqP
B_saiu_humano_mudanca_etapa_em_agosto,Sim,Data em que SAIU de Atendimento Humano (foi para a etapa atual). Passou por humano em agosto.,uTh5FqwTn7Pc7zuwdiQ2,Isadora Viana 35999740881,Vendas,Perdido,Hakon,,7af9e26d-c305-4dec-8499-2816cb5c7635,lost,,2026-07-09 13:50,2026-08-13 09:45,2026-08-13 09:45,YDwTGs6jbPUfnne21mRA,Isadora Viana /Estética e Beleza,isadora.viiana@icloud.com,+5535999740881,tOCTm6XWnrsTULwxhiav
B_saiu_humano_mudanca_etapa_em_agosto,Sim,Data em que SAIU de Atendimento Humano (foi para a etapa atual). Passou por humano em agosto.,kG4RlFJ2jnUTYLh5QsFa,Danielly Pimentel Da Silveira Brandieri 16991282840,Vendas,Perdido,Hifu,,7af9e26d-c305-4dec-8499-2816cb5c7635,lost,,2026-08-03 18:09,2026-08-13 09:46,2026-08-13 09:46,rxaGhb0BB6nwnLSQKbMk,Danielly Pimentel da Silveira Brandieri,daniellypsb@gmail.com,+5516991282840,tOCTm6XWnrsTULwxhiav
B_saiu_humano_mudanca_etapa_em_agosto,Sim,Data em que SAIU de Atendimento Humano (foi para a etapa atual). Passou por humano em agosto.,iEXdVYNxvWwCUJ8aiEhN,Sabrina Jorge | ESTÉTICA OROFACIAL 18998011803,Vendas,Em negociação,Hegon,,e6db12f0-1dc7-4eb4-bb85-d6b3d3070bce,open,,2026-08-11 18:05,2026-08-13 09:48,2026-08-13 09:48,AYeYWcFttotiecgPyvnK,Sabrina Jorge | ESTÉTICA OROFACIAL,esteticassestetica@gmail.com,+5518998011803,zmYKEchnhQE7052CtHqP
B_saiu_humano_mudanca_etapa_em_agosto,Sim,Data em que SAIU de Atendimento Humano (foi para a etapa atual). Passou por humano em agosto.,FOksEzNSex5usEEwYDXz,Pedro Souza 61999091522,Vendas,Em negociação,Hegon,,e6db12f0-1dc7-4eb4-bb85-d6b3d3070bce,open,,2026-08-11 17:13,2026-08-13 09:55,2026-08-13 09:55,V2SKVrKGgP1udARyBaKe,Pedro Souza,rodriguess92@uahoo.com,+5561999091522,zmYKEchnhQE7052CtHqP
A_em_humano_entrada_ate_31ago,Sim,Data em que ENTROU ou REENTROU em Atendimento Humano (ex.: voltou de Perdido). Passou por humano em agosto.,Qy8IEPuTLdtOzJgJe8Jd,Jenyffer Ramos 34984384818,Vendas,Atendimento Humano,Hakon,,2fc3880f-055e-4271-8ca2-0d1e624fa4ef,open,,2026-08-12 18:55,2026-08-13 10:07,2026-08-13 10:07,6ZpiPUINy6NRdp7gee5J,Jenyffer Ramos,jenyfferinacioramos@gmail.com,+5534984384818,uQNgnn5W2rlgD4UEckTk
A_em_humano_entrada_ate_31ago,Sim,Data em que ENTROU ou REENTROU em Atendimento Humano (ex.: voltou de Perdido). Passou por humano em agosto.,HB90esTeo9WkVXo896B9,Maysa Fernandes Beauty 22997739664,Vendas,Atendimento Humano,Omer Smart,,2fc3880f-055e-4271-8ca2-0d1e624fa4ef,open,,2026-08-13 10:14,2026-08-13 10:14,2026-08-13 10:27,7Mhz9vMMzqdBh0K5wE5D,Maysa Fernandes Beauty,,+5522997739664,rho3es8TSsZGEXvZ2Zsq
A_em_humano_entrada_ate_31ago,Sim,Data em que ENTROU ou REENTROU em Atendimento Humano (ex.: voltou de Perdido). Passou por humano em agosto.,vJBu7ZQp5ev89eB2GFdV,Laís Pózes 21987919179,Vendas,Atendimento Humano,Hakon,,2fc3880f-055e-4271-8ca2-0d1e624fa4ef,open,,2026-08-13 10:22,2026-08-13 10:22,2026-08-13 10:22,SnYouRDiGqWWHm89nI8Y,Laís Pózes,laispozes@hotmail.com,+5521987919179,zmYKEchnhQE7052CtHqP
B_saiu_humano_mudanca_etapa_em_agosto,Sim,Data em que SAIU de Atendimento Humano (foi para a etapa atual). Passou por humano em agosto.,qMwP9tLdQideWD73Xd9N,Camilla Cassal 67998577571,Vendas,Perdido,,,7af9e26d-c305-4dec-8499-2816cb5c7635,lost,,2026-08-03 09:21,2026-08-13 10:49,2026-08-13 10:49,BcOJ02783lwTa5bM6lZ3,Camilla Cassal,cassalmilla.1612@gmail.com,+5567998577571,1Ft1gE5HxhbmDxM8Y372
B_saiu_humano_mudanca_etapa_em_agosto,Sim,Data em que SAIU de Atendimento Humano (foi para a etapa atual). Passou por humano em agosto.,Xk5YJCLxjdWURCpJH4Qp,Dra Elienice Martins da Silva | Cirurgia E Estética Facial 11993840095,Vendas,Em negociação,Arameus,,e6db12f0-1dc7-4eb4-bb85-d6b3d3070bce,open,,2026-08-10 09:43,2026-08-13 11:10,2026-08-13 11:10,dUgZa76oxnUykG9Edhv7,Dra Elienice Martins da Silva | Cirurgia e Estética Facial,elienicemartins@gmail.com,+5511993840095,zmYKEchnhQE7052CtHqP
B_saiu_humano_mudanca_etapa_em_agosto,Sim,Data em que SAIU de Atendimento Humano (foi para a etapa atual). Passou por humano em agosto.,HxvOG06cACQMIK75pq4F,Dra. Aline Fernanda | Estética Avançada 19997876269,Vendas,Em negociação,Hegon,,e6db12f0-1dc7-4eb4-bb85-d6b3d3070bce,open,,2026-08-11 18:32,2026-08-13 11:25,2026-08-13 11:25,q0Ix3yZiZaC5gm2Aa10n,Dra. Aline Fernanda | Estética Avançada,alinefernandanany@gmail.com,+5519997876269,zmYKEchnhQE7052CtHqP
A_em_humano_entrada_ate_31ago,Sim,Data em que ENTROU ou REENTROU em Atendimento Humano (ex.: voltou de Perdido). Passou por humano em agosto.,l0hxGaCO2xZLFT6muEx1,Tania Fernandes 11956757325,Vendas,Atendimento Humano,Omer Smart,,2fc3880f-055e-4271-8ca2-0d1e624fa4ef,open,,2026-08-13 11:36,2026-08-13 11:36,2026-08-13 11:36,KaLAlhwR22Ph5vsAkiQN,Tania Fernandes,fernandestaniadias@gmail.com,+5511956757325,RLFBFjdepFmmmouejXz7
B_saiu_humano_mudanca_etapa_em_agosto,Sim,Data em que SAIU de Atendimento Humano (foi para a etapa atual). Passou por humano em agosto.,thg2YG2AsxqsnUupRkpo,Patrícia Oliveira 11977407848,Vendas,Perdido,Hifu,,7af9e26d-c305-4dec-8499-2816cb5c7635,lost,,2026-08-03 09:21,2026-08-13 11:40,2026-08-13 11:40,PYSYTHWioKS227dgK0Rq,Patrícia Oliveira,patryregi@gmail.com,+5511977407848,tOCTm6XWnrsTULwxhiav
B_saiu_humano_mudanca_etapa_em_agosto,Sim,Data em que SAIU de Atendimento Humano (foi para a etapa atual). Passou por humano em agosto.,Hbg8PPnygjPFJ1t2qbha,Jéssica Francisca 21970011198,Vendas,Perdido,Hifu,,7af9e26d-c305-4dec-8499-2816cb5c7635,lost,,2026-08-03 09:21,2026-08-13 11:42,2026-08-13 11:42,FvCehBuEpph23mZVgxER,Jéssica Francisca,jessicarashiid369@gmail.com,+5521970011198,tOCTm6XWnrsTULwxhiav
B_saiu_humano_mudanca_etapa_em_agosto,Sim,Data em que SAIU de Atendimento Humano (foi para a etapa atual). Passou por humano em agosto.,aepIVi6uS1jLqkwA3y92,Dra Christine Mello 21997178641,Vendas,Perdido,Hakon,,7af9e26d-c305-4dec-8499-2816cb5c7635,lost,,2026-08-03 09:21,2026-08-13 11:44,2026-08-13 11:44,moHOyYVEPQfY7210ia9I,Dra Christine Mello,dra.christinemello.adv@gmail.com,+5521997178641,tOCTm6XWnrsTULwxhiav
B_saiu_humano_mudanca_etapa_em_agosto,Sim,Data em que SAIU de Atendimento Humano (foi para a etapa atual). Passou por humano em agosto.,JdCVYc5QD7gQXuGpOOxX,Giuliano flavio gabrich 38999631715,Vendas,Em negociação,,,e6db12f0-1dc7-4eb4-bb85-d6b3d3070bce,open,,2026-08-06 11:35,2026-08-13 11:48,2026-08-13 11:48,IdQDixc7BITZK9IWuXdy,Giuliano flavio gabrich,giulianoflavio@gmail.com,+5538999631715,zmYKEchnhQE7052CtHqP
B_saiu_humano_mudanca_etapa_em_agosto,Sim,Data em que SAIU de Atendimento Humano (foi para a etapa atual). Passou por humano em agosto.,YYCyjPI2ljqcYqST3IHU,Fred Becker 48984119012,Vendas,Em negociação,,,e6db12f0-1dc7-4eb4-bb85-d6b3d3070bce,open,,2026-08-06 11:35,2026-08-13 11:49,2026-08-13 11:49,SybfbYYWT75xe04sIb2g,Fred Becker,frederico_becker@hotmail.com,+5548984119012,zmYKEchnhQE7052CtHqP
B_saiu_humano_mudanca_etapa_em_agosto,Sim,Data em que SAIU de Atendimento Humano (foi para a etapa atual). Passou por humano em agosto.,BNmkBZsXWOnxlqQ6Odtz,Alessandra De Oliveiramoutinho Moutinho 21992872010,Vendas,Perdido,Hifu,,7af9e26d-c305-4dec-8499-2816cb5c7635,lost,,2026-08-04 18:23,2026-08-13 12:02,2026-08-13 12:02,uXARujRPkXvpI9LXviPm,Alessandra De Oliveiramoutinho Moutinho De Oliveiramoutinho Moutinho,alessandra40oliveira@gmail.com,+5521992872010,tOCTm6XWnrsTULwxhiav
A_em_humano_entrada_ate_31ago,Sim,Data em que ENTROU ou REENTROU em Atendimento Humano (ex.: voltou de Perdido). Passou por humano em agosto.,TaJVe0T7Sf1udOrJYc9K,Nicola Biancardi 21996652426,Vendas,Atendimento Humano,Hegon,,2fc3880f-055e-4271-8ca2-0d1e624fa4ef,open,,2026-08-13 12:03,2026-08-13 12:03,2026-08-13 12:03,aEeaQ5BdGXq0sAyBPZny,Nicola Biancardi,nicolabiancardi@hotmail.com,+5521996652426,zmYKEchnhQE7052CtHqP
B_saiu_humano_mudanca_etapa_em_agosto,Sim,Data em que SAIU de Atendimento Humano (foi para a etapa atual). Passou por humano em agosto.,DSPBGWJvt8dEybLvPu5W,Daise Mendes 21997664419,Vendas,Perdido,Hegon,,7af9e26d-c305-4dec-8499-2816cb5c7635,lost,,2026-08-05 14:48,2026-08-13 12:11,2026-08-13 12:11,eNdFU3qWN7H9BcFTtunc,DAISE MENDES,daisejmendes@gmail.com,+5521997664419,tOCTm6XWnrsTULwxhiav
A_em_humano_entrada_ate_31ago,Sim,Data em que ENTROU ou REENTROU em Atendimento Humano (ex.: voltou de Perdido). Passou por humano em agosto.,eiIrooz5KZVVatPHNM7B,Morgana Sales 17981584684,Vendas,Atendimento Humano,Hegon,,2fc3880f-055e-4271-8ca2-0d1e624fa4ef,open,,2026-08-13 12:13,2026-08-13 12:13,2026-08-13 12:13,5YiB6GsUEecU9LCHiVQc,Morgana Sales,morganasalesbiomedica@gmail.com,+5517981584684,zmYKEchnhQE7052CtHqP
B_saiu_humano_mudanca_etapa_em_agosto,Sim,Data em que SAIU de Atendimento Humano (foi para a etapa atual). Passou por humano em agosto.,AnIA5Bn8j9uE0QpZogDq,Ione Vigatto 16992430607,Vendas,Perdido,Mpt,,7af9e26d-c305-4dec-8499-2816cb5c7635,lost,,2026-08-05 14:32,2026-08-13 12:24,2026-08-13 12:24,7wjrwVPeeoYxKlp5bcs4,Ione Vigatto,ionevigattorp@gmail.com,+5516992430607,tOCTm6XWnrsTULwxhiav
B_saiu_humano_mudanca_etapa_em_agosto,Sim,Data em que SAIU de Atendimento Humano (foi para a etapa atual). Passou por humano em agosto.,pLoNK2UxhFkX1iSDMYbt,Neuciane Silva 61992022692,Vendas,Perdido,Hifu,,7af9e26d-c305-4dec-8499-2816cb5c7635,lost,,2026-07-22 14:30,2026-08-13 13:06,2026-08-13 13:06,KS2xeiWYD7EG3g185eGh,NEUCIANE SILVA,nsesteticapessoal@gmail.com,+5561992022692,tOCTm6XWnrsTULwxhiav
B_saiu_humano_mudanca_etapa_em_agosto,Sim,Data em que SAIU de Atendimento Humano (foi para a etapa atual). Passou por humano em agosto.,K46D5JEe2NiIuY7KZnwq,Andreia Peres Prates 4498920944,Vendas,Perdido,Hegon,,7af9e26d-c305-4dec-8499-2816cb5c7635,lost,,2026-07-07 11:43,2026-08-13 13:07,2026-08-13 13:07,7J8gz2OwNeJM4AyDViJ7,Andreia Peres Prates,restaurantenobiles@hotmail.com,+554498920944,tOCTm6XWnrsTULwxhiav
A_em_humano_entrada_ate_31ago,Sim,Data em que ENTROU ou REENTROU em Atendimento Humano (ex.: voltou de Perdido). Passou por humano em agosto.,DghofzsRBhSnG2apHuKi,Ricardo Meireles 21988366965,Vendas,Atendimento Humano,Pisom,,2fc3880f-055e-4271-8ca2-0d1e624fa4ef,open,,2026-08-13 13:30,2026-08-13 13:30,2026-08-13 13:37,moPEBsLB6E5q8VNC93Uv,Ricardo Meireles,appolorj@hotmail.com,+5521988366965,1Ft1gE5HxhbmDxM8Y372
B_saiu_humano_mudanca_etapa_em_agosto,Sim,Data em que SAIU de Atendimento Humano (foi para a etapa atual). Passou por humano em agosto.,K1c0cvMLeFmnRkIss1jR,Renata Iunes 22981264277,Vendas,Perdido,Hakon,,7af9e26d-c305-4dec-8499-2816cb5c7635,lost,,2026-07-28 16:58,2026-08-13 15:22,2026-08-13 15:22,n10wlA0NJXvCtkLBhO5B,Renata Iunes,iunesrenata32@gmail.com,+5522981264277,tOCTm6XWnrsTULwxhiav
A_em_humano_entrada_ate_31ago,Sim,Data em que ENTROU ou REENTROU em Atendimento Humano (ex.: voltou de Perdido). Passou por humano em agosto.,jAtZ5kgTM8b9l6IgvRXB,Flavia Gavilha 11930907715,Vendas,Atendimento Humano,Omer Smart,,2fc3880f-055e-4271-8ca2-0d1e624fa4ef,open,,2026-08-13 15:25,2026-08-13 15:25,2026-08-13 15:25,Sou3zGmXF0UKHju0TtRp,Flavia Gavilha,e.sobrancelhas15@gmail.com,+5511930907715,RLFBFjdepFmmmouejXz7
A_em_humano_entrada_ate_31ago,Sim,Data em que ENTROU ou REENTROU em Atendimento Humano (ex.: voltou de Perdido). Passou por humano em agosto.,jDz13VBWUVr9MTtRQFAv,Cristina Coradini 47996828328,Vendas,Atendimento Humano,Hakon,,2fc3880f-055e-4271-8ca2-0d1e624fa4ef,open,,2026-08-13 15:27,2026-08-13 15:27,2026-08-13 15:27,9OClBaA1czRVxMCvzIXn,Cristina coradini,,+5547996828328,rho3es8TSsZGEXvZ2Zsq
A_em_humano_entrada_ate_31ago,Sim,Data em que ENTROU ou REENTROU em Atendimento Humano (ex.: voltou de Perdido). Passou por humano em agosto.,KWtY251XI9xjlFOh6ibt,Andrya De Lucy Pitelli Gurgel 11994664242,Vendas,Atendimento Humano,Hifu,,2fc3880f-055e-4271-8ca2-0d1e624fa4ef,open,,2026-08-13 15:33,2026-08-13 15:33,2026-08-13 15:33,lmI8NMG0D4SlUHckEPPg,Andrya de Lucy Pitelli gurgel,andrea.delucy@hotmail.com,+5511994664242,tOCTm6XWnrsTULwxhiav
B_saiu_humano_mudanca_etapa_em_agosto,Sim,Data em que SAIU de Atendimento Humano (foi para a etapa atual). Passou por humano em agosto.,nIBiObR8LOEYGJMAkrh4,Flavia Sartti Ornellas 18996071836,Vendas,Perdido,Mpt,,7af9e26d-c305-4dec-8499-2816cb5c7635,lost,,2026-07-23 09:25,2026-08-13 16:56,2026-08-13 16:56,DtQBEf1cbRCdAGjuaWPV,Flavia Sartti Ornellas,flaviacornellas@gmail.com,+5518996071836,tOCTm6XWnrsTULwxhiav
A_em_humano_entrada_ate_31ago,Sim,Data em que ENTROU ou REENTROU em Atendimento Humano (ex.: voltou de Perdido). Passou por humano em agosto.,hbKZEbYyUotT3ULJ7E29,Bruno Felipe Ghissi 4984356505,Vendas,Atendimento Humano,Hegon,,2fc3880f-055e-4271-8ca2-0d1e624fa4ef,open,,2026-08-13 16:57,2026-08-13 16:57,2026-08-13 16:57,zholqrL7vMT5epR62ahl,Bruno Felipe Ghissi,bruno_smo@hotmail.com,+554984356505,zmYKEchnhQE7052CtHqP
B_saiu_humano_mudanca_etapa_em_agosto,Sim,Data em que SAIU de Atendimento Humano (foi para a etapa atual). Passou por humano em agosto.,GR4KQqq8oWxKF1m3lh1H,Ricardo Oliveira 41992223040,Vendas,Perdido,Pisom,,7af9e26d-c305-4dec-8499-2816cb5c7635,lost,,2026-07-20 16:40,2026-08-13 17:03,2026-08-13 17:03,jzbULA2RwTs2u8tJWwab,Ricardo Oliveira,contudo@gmail.com,+5541992223040,tOCTm6XWnrsTULwxhiav
B_saiu_humano_mudanca_etapa_em_agosto,Sim,Data em que SAIU de Atendimento Humano (foi para a etapa atual). Passou por humano em agosto.,Cx5ZYncqmKqNmn4URoVu,Dra Glacy Kelly Bisaggio 21999879186,Vendas,Perdido,Mpt,,7af9e26d-c305-4dec-8499-2816cb5c7635,lost,,2026-07-20 11:51,2026-08-13 17:04,2026-08-13 17:04,3NjFMaAsOnU7qEaJrsnC,Dra. Glacy Kelly Bisaggio,kellybisaggio@gmail.com,+5521999879186,tOCTm6XWnrsTULwxhiav
B_saiu_humano_mudanca_etapa_em_agosto,Sim,Data em que SAIU de Atendimento Humano (foi para a etapa atual). Passou por humano em agosto.,ZmTJxMDkK9ON8V5FP4MA,Aparecida Moraes 4499059924,Vendas,Perdido,Mpt,,7af9e26d-c305-4dec-8499-2816cb5c7635,lost,,2026-07-20 10:42,2026-08-13 17:05,2026-08-13 17:05,eODKlT7O8W0GFF1Qcuma,Aparecida Moraes,aparecidamoraes231261@gmail.com,+554499059924,tOCTm6XWnrsTULwxhiav
B_saiu_humano_mudanca_etapa_em_agosto,Sim,Data em que SAIU de Atendimento Humano (foi para a etapa atual). Passou por humano em agosto.,l9jpDFVWw7Y7emJ3Phd7,Dra Magali Mendonca 19974047611,Vendas,Perdido,Mpt,,7af9e26d-c305-4dec-8499-2816cb5c7635,lost,,2026-07-16 11:21,2026-08-13 17:13,2026-08-13 17:13,lohzxgc4i9L2rY8rNKeG,Dra Magali Mendonça,dra.magalimendonca@gmail.com,+5519974047611,tOCTm6XWnrsTULwxhiav
A_em_humano_entrada_ate_31ago,Sim,Data em que ENTROU ou REENTROU em Atendimento Humano (ex.: voltou de Perdido). Passou por humano em agosto.,OtT21SJ5J7e8FWMeuwqU,Marilene Russi (Estética Raios de Luz) 24998762166,Vendas,Atendimento Humano,,Hertix,2fc3880f-055e-4271-8ca2-0d1e624fa4ef,open,,2026-08-14 09:15,2026-08-14 09:15,2026-08-14 09:15,3PtHOI5SNjW1VZwq4YUO,Marilene Russi Estética Raios de Luz,marileneluz.russirezende@gmail.com,+5524998762166,MQwUeTPdGWQQ0VwsaAVr
B_saiu_humano_mudanca_etapa_em_agosto,Sim,Data em que SAIU de Atendimento Humano (foi para a etapa atual). Passou por humano em agosto.,PdfCdFbGQ8AIK3jAzKkr,Susi Greyce 21999655688,Vendas,Perdido,Omer Smart,,7af9e26d-c305-4dec-8499-2816cb5c7635,lost,,2026-08-03 22:10,2026-08-14 09:51,2026-08-14 09:51,Rbj2nuKbEGJzN8k7xXzU,Susi Greyce,,+5521999655688,uQNgnn5W2rlgD4UEckTk
B_saiu_humano_mudanca_etapa_em_agosto,Sim,Data em que SAIU de Atendimento Humano (foi para a etapa atual). Passou por humano em agosto.,jltNhUdjeyDuHGLnLWgs,Dra Andreia Graciela 11987644312,Vendas,Perdido,,,7af9e26d-c305-4dec-8499-2816cb5c7635,lost,,2026-08-03 09:21,2026-08-14 11:50,2026-08-14 11:50,Gb9LwElpLDRG2jHOU2xm,Dra Andreia Graciela,andreiagraciela@hotmail.com,+5511987644312,1Ft1gE5HxhbmDxM8Y372
B_saiu_humano_mudanca_etapa_em_agosto,Sim,Data em que SAIU de Atendimento Humano (foi para a etapa atual). Passou por humano em agosto.,I3IddbLfNmpXihzPsOvZ,Márcia Cristina Gasparini 14996133233,Vendas,Perdido,Mpt,,7af9e26d-c305-4dec-8499-2816cb5c7635,lost,,2026-07-30 08:24,2026-08-14 11:56,2026-08-14 11:56,UR9iRvzg6p5TzYD4TdnK,Márcia Cristina Gasparini,marciacristinagaspariniborba@gmail.com,+5514996133233,1Ft1gE5HxhbmDxM8Y372
A_em_humano_entrada_ate_31ago,Sim,Data em que ENTROU ou REENTROU em Atendimento Humano (ex.: voltou de Perdido). Passou por humano em agosto.,QqRK8H0gIJFnhnkBAtkr,Luciana Maia 35999897569,Vendas,Atendimento Humano,Ptolomeu,,2fc3880f-055e-4271-8ca2-0d1e624fa4ef,open,,2026-08-14 15:41,2026-08-14 15:41,2026-08-14 15:41,tkMKTY0qqcbvr1OManG7,Luciana Maia,lucianambcampos@yahoo.com.br,+5535999897569,zmYKEchnhQE7052CtHqP
A_em_humano_entrada_ate_31ago,Sim,Data em que ENTROU ou REENTROU em Atendimento Humano (ex.: voltou de Perdido). Passou por humano em agosto.,RMfZbzItEzQKLTQJA2W2,Vitória 4196298713,Vendas,Atendimento Humano,,Aplicador G da criodermis,2fc3880f-055e-4271-8ca2-0d1e624fa4ef,open,,2026-08-14 17:35,2026-08-14 17:35,2026-08-14 17:35,Zq6Pe7ZrVfQrBiVZd3vY,Vitória,,+554196298713,MQwUeTPdGWQQ0VwsaAVr
A_em_humano_entrada_ate_31ago,Sim,Data em que ENTROU ou REENTROU em Atendimento Humano (ex.: voltou de Perdido). Passou por humano em agosto.,0pJIU8B9dIJNio5yB5CR,Patricia 3184870341,Vendas,Atendimento Humano,,Aplicador G da criodermis,2fc3880f-055e-4271-8ca2-0d1e624fa4ef,open,,2026-08-17 08:11,2026-08-17 08:11,2026-08-17 08:11,oMsIreqx906oaGuRDMVI,Patricia,,+553184870341,MQwUeTPdGWQQ0VwsaAVr
A_em_humano_entrada_ate_31ago,Sim,Data em que ENTROU ou REENTROU em Atendimento Humano (ex.: voltou de Perdido). Passou por humano em agosto.,sgVAupRvSThB4lWPHHvj,Karoline Kirchhoff Estética 4184914004,Vendas,Atendimento Humano,,Laser para pós operatório,2fc3880f-055e-4271-8ca2-0d1e624fa4ef,open,,2026-08-14 21:43,2026-08-17 08:16,2026-08-17 08:16,vdB8sl6BlIG3vkvlpxz9,Karoline Nicoly Soares Silveira Kirchhoff,,+554184914004,MQwUeTPdGWQQ0VwsaAVr
A_em_humano_entrada_ate_31ago,Sim,Data em que ENTROU ou REENTROU em Atendimento Humano (ex.: voltou de Perdido). Passou por humano em agosto.,btZ1grohZDARH5t6eFez,Gisele Silva 3187443623,Vendas,Atendimento Humano,,Polarys de sucção e placas,2fc3880f-055e-4271-8ca2-0d1e624fa4ef,open,,2026-08-17 09:06,2026-08-17 09:06,2026-08-17 09:09,Y8FxGgUMxQtKeyzSDp47,Gisele Silva,,+553187443623,MQwUeTPdGWQQ0VwsaAVr
B_saiu_humano_mudanca_etapa_em_agosto,Sim,Data em que SAIU de Atendimento Humano (foi para a etapa atual). Passou por humano em agosto.,aeVuONCvH7DK3znTN99D,Dra Nagibe Tayfour 31991157907,Vendas,Perdido,Mpt,,7af9e26d-c305-4dec-8499-2816cb5c7635,lost,,2026-08-06 11:35,2026-08-17 13:16,2026-08-28 16:46,WHhi4AnKa8fq2Dryv48b,Dra Nagibe Tayfour,nagibetayfour@hotmail.com,+5531991157907,1Ft1gE5HxhbmDxM8Y372
B_saiu_humano_mudanca_etapa_em_agosto,Sim,Data em que SAIU de Atendimento Humano (foi para a etapa atual). Passou por humano em agosto.,KgcO2E4OL57Hh4B35RSs,Elaine vilela 34999734711,Vendas,Perdido,,,7af9e26d-c305-4dec-8499-2816cb5c7635,lost,,2026-08-03 09:21,2026-08-17 13:18,2026-08-17 13:18,AQZS0fXkqHeLUCMFiTbT,Elaine vilela,elainevss111@gmail.com,+5534999734711,1Ft1gE5HxhbmDxM8Y372
B_saiu_humano_mudanca_etapa_em_agosto,Sim,Data em que SAIU de Atendimento Humano (foi para a etapa atual). Passou por humano em agosto.,lmF0ayG12GlKi9wmQcsv,Amanda Lima Reis 31987858441,Vendas,Perdido,Hifu,,7af9e26d-c305-4dec-8499-2816cb5c7635,lost,,2026-08-11 15:13,2026-08-17 13:20,2026-08-17 13:20,ukJAbuDimuo8cFJlcCqX,Amanda Lima Reis,alimareismg12@gmail.com,+5531987858441,1Ft1gE5HxhbmDxM8Y372
B_saiu_humano_mudanca_etapa_em_agosto,Sim,Data em que SAIU de Atendimento Humano (foi para a etapa atual). Passou por humano em agosto.,WM6CbUk4xBT5Gp0URW44,Raysa Nunes Figueira Soares 22999553679,Vendas,Perdido,Hakon,,7af9e26d-c305-4dec-8499-2816cb5c7635,lost,,2026-08-11 18:26,2026-08-17 13:22,2026-08-17 13:22,gsxSoEBLGWXCNXEtmfkH,Raysa Nunes Figueira Soares,raysanfs@gmail.com,+5522999553679,1Ft1gE5HxhbmDxM8Y372
B_saiu_humano_mudanca_etapa_em_agosto,Sim,Data em que SAIU de Atendimento Humano (foi para a etapa atual). Passou por humano em agosto.,MNXGUe2795sdTAAbxJVA,Caroline Lowis,Vendas,Perdido,,manopla bipolar facial para o Spectra G2 Tonederm,7af9e26d-c305-4dec-8499-2816cb5c7635,lost,,2026-08-12 17:53,2026-08-17 17:14,2026-08-17 17:15,n2CQQiLOHGwqo582OmIq,Caroline Lowis,,+554999152593,GYuOrs7GqrmDAUNjK0vm
B_saiu_humano_mudanca_etapa_em_agosto,Sim,Data em que SAIU de Atendimento Humano (foi para a etapa atual). Passou por humano em agosto.,zAAdkrJqb0LadPSZpzKy,Catia Regina Nakanishi Xavier,Vendas,Análise de crédito,Hakon,,4d5ec528-ca3b-4aa3-b51c-f0686751215e,open,89605.3,2026-08-18 08:53,2026-08-18 08:53,2026-08-18 08:53,7vq0dd1zsEoSXjncwKhR,CATIA REGINA NAKANISHI XAVIER,,+5511967061952,BadP83SqCkMIcyU9snIg
B_saiu_humano_mudanca_etapa_em_agosto,Sim,Data em que SAIU de Atendimento Humano (foi para a etapa atual). Passou por humano em agosto.,0VX4aIVUli2tkrS59sIo,Mayane Lima 11992721341,Vendas,Perdido,Mpt,,7af9e26d-c305-4dec-8499-2816cb5c7635,lost,,2026-07-09 10:37,2026-08-18 09:12,2026-08-18 09:12,PntGJjfKzbwE452D87x6,Mayane Lima,mayane.san@hotmail.com,+5511992721341,tOCTm6XWnrsTULwxhiav
B_saiu_humano_mudanca_etapa_em_agosto,Sim,Data em que SAIU de Atendimento Humano (foi para a etapa atual). Passou por humano em agosto.,XQy5KYH5408XEODD9bq8,Dra Celia Nascimento 11989294029,Vendas,Perdido,Hifu,,7af9e26d-c305-4dec-8499-2816cb5c7635,lost,,2026-07-10 11:02,2026-08-18 09:13,2026-08-18 09:13,rroTlDOCNnDyTdBwlpMy,Dra Celia Nascimento,,+5511989294029,tOCTm6XWnrsTULwxhiav
B_saiu_humano_mudanca_etapa_em_agosto,Sim,Data em que SAIU de Atendimento Humano (foi para a etapa atual). Passou por humano em agosto.,7NLLYLj6CipbytTjAwup,Romulo Henrique De Oliveira Cordeiro 22997034099,Vendas,Perdido,Mpt,,7af9e26d-c305-4dec-8499-2816cb5c7635,lost,,2026-07-20 10:37,2026-08-18 10:41,2026-08-18 10:41,xB3PZ0nfAzTiZcK7iEgW,Rômulo Henrique de Oliveira Cordeiro,romulonutricao2@gmail.com,+5522997034099,1Ft1gE5HxhbmDxM8Y372
B_saiu_humano_mudanca_etapa_em_agosto,Sim,Data em que SAIU de Atendimento Humano (foi para a etapa atual). Passou por humano em agosto.,UuVHOVNXt13MdCt6bKBc,Marisléia Almeida 11980352425,Vendas,Perdido,Mpt,,7af9e26d-c305-4dec-8499-2816cb5c7635,lost,,2026-08-10 17:07,2026-08-18 10:42,2026-08-18 10:42,7uw3yFc3jQnWw08JzCkc,Marisléia Almeida,,+5511980352425,1Ft1gE5HxhbmDxM8Y372
B_saiu_humano_mudanca_etapa_em_agosto,Sim,Data em que SAIU de Atendimento Humano (foi para a etapa atual). Passou por humano em agosto.,BtKjNhhDNSgJ25WrXqFa,Dra Priscilla R. França 67999593927,Vendas,Perdido,Hakon,,7af9e26d-c305-4dec-8499-2816cb5c7635,lost,,2026-07-30 08:24,2026-08-18 12:10,2026-08-18 12:10,QqhtS5kEaMxhjTYIAW1t,Dra Priscilla R. França,dra.priscilla.rf@outlook.com,+5567999593927,tOCTm6XWnrsTULwxhiav
B_saiu_humano_mudanca_etapa_em_agosto,Sim,Data em que SAIU de Atendimento Humano (foi para a etapa atual). Passou por humano em agosto.,MDKCxDatEEnGmkKObQDP,Thaiz Lacerda 11953922436,Vendas,Perdido,Hakon,,7af9e26d-c305-4dec-8499-2816cb5c7635,lost,,2026-07-27 13:52,2026-08-18 13:53,2026-08-18 13:53,f7pmdG8Dbjbz6q71XzXy,Dra Thaiz Lacerda | Harmonização Facial,thaiznascimentolacerda@hotmail.com,+5511953922436,1Ft1gE5HxhbmDxM8Y372
A_em_humano_entrada_ate_31ago,Sim,Data em que ENTROU ou REENTROU em Atendimento Humano (ex.: voltou de Perdido). Passou por humano em agosto.,bUSOGuNli339cjYB65zJ,Juliana Almeida 96984178585,Vendas,Atendimento Humano,Hakon,,2fc3880f-055e-4271-8ca2-0d1e624fa4ef,open,,2026-08-18 15:02,2026-08-18 15:02,2026-08-18 16:22,Ce32oGFeaG0buj7LCXoR,Juliana Almeida,,+5596984178585,tOCTm6XWnrsTULwxhiav
B_saiu_humano_mudanca_etapa_em_agosto,Sim,Data em que SAIU de Atendimento Humano (foi para a etapa atual). Passou por humano em agosto.,Zwniqz7ziIJDl77SMfQb,Patricia Raquel De Moraes 35997447839,Vendas,Perdido,Pisom,,7af9e26d-c305-4dec-8499-2816cb5c7635,lost,,2026-08-12 14:21,2026-08-18 15:35,2026-08-18 15:35,OQnCtivAFGbxDK8xo61H,Patricia Raquel de Moraes,pat.raquel@hotmail.com,+5535997447839,1Ft1gE5HxhbmDxM8Y372
B_saiu_humano_mudanca_etapa_em_agosto,Sim,Data em que SAIU de Atendimento Humano (foi para a etapa atual). Passou por humano em agosto.,8QRHm4CW3nJIKNYAKmQr,Ivana Araujo,Vendas,Em negociação,,,e6db12f0-1dc7-4eb4-bb85-d6b3d3070bce,open,,2026-08-18 15:44,2026-08-18 15:44,2026-08-18 15:51,5qigp297A1WXbqhKxUzt,Ivana Araujo,,+5513998042797,1Ft1gE5HxhbmDxM8Y372
A_em_humano_entrada_ate_31ago,Sim,Data em que ENTROU ou REENTROU em Atendimento Humano (ex.: voltou de Perdido). Passou por humano em agosto.,5c7dh5EaURQnJjcnLmiC,Rafael Becker 4791390785,Vendas,Atendimento Humano,Hegon,,2fc3880f-055e-4271-8ca2-0d1e624fa4ef,open,,2026-08-19 08:36,2026-08-19 08:36,2026-08-19 08:36,jF0tqPT39br9XFDI0ar1,Rafael Becker,becker.bnu@gmail.com,+554791390785,zmYKEchnhQE7052CtHqP
A_em_humano_entrada_ate_31ago,Sim,Data em que ENTROU ou REENTROU em Atendimento Humano (ex.: voltou de Perdido). Passou por humano em agosto.,KE8R2h7GX02BpGsBn9yz,Cassia Santos 11948661920,Vendas,Atendimento Humano,Hakon,,2fc3880f-055e-4271-8ca2-0d1e624fa4ef,open,,2026-08-19 09:27,2026-08-19 09:27,2026-08-19 09:27,qW8L1e9MhfZwaI92kvkX,Cassia Santos,cassialandia@gmail.com,+5511948661920,RLFBFjdepFmmmouejXz7
B_saiu_humano_mudanca_etapa_em_agosto,Sim,Data em que SAIU de Atendimento Humano (foi para a etapa atual). Passou por humano em agosto.,jQ3ZFiXQQ8MRPENzm8et,Arteniza Amaral Da Silva 4998393750,Vendas,Ganho,Omer Smart,,4a4f4cfd-fa71-4252-bbf6-baf3c5b4dc80,won,70000,2026-07-27 11:18,2026-08-19 09:53,2026-08-19 11:35,90h1wTcWMSRLxAWYGl29,ARTENIZA AMARAL DA SILVA,silvaarteniza47@gmail.com,+554998393750,zmYKEchnhQE7052CtHqP
B_saiu_humano_mudanca_etapa_em_agosto,Sim,Data em que SAIU de Atendimento Humano (foi para a etapa atual). Passou por humano em agosto.,ecdCF8tXV42uGM5FdiD1,Adjra da Silva Vilarinho 86981722282,Vendas,Ganho,,CARTUCHOS,4a4f4cfd-fa71-4252-bbf6-baf3c5b4dc80,won,24946,2026-08-19 10:35,2026-08-19 11:25,2026-08-31 18:38,AKSSnqHWbwb1m4ZSzs4y,Adjra da Silva Vilarinho,vilarinhoadjra@gmail.com,+5586981722282,zmYKEchnhQE7052CtHqP
A_em_humano_entrada_ate_31ago,Sim,Data em que ENTROU ou REENTROU em Atendimento Humano (ex.: voltou de Perdido). Passou por humano em agosto.,0QPwYPFv4VgtnuD04b9p,Marlen De Lima Siqueira,Vendas,Atendimento Humano,Tessalon,,2fc3880f-055e-4271-8ca2-0d1e624fa4ef,open,,2026-08-19 11:45,2026-08-19 11:45,2026-08-19 11:56,4skBC7Qgb2hGwcboyIIc,Marlen de Lima Siqueira,marlendermato@gmail.com,+5521999315488,1Ft1gE5HxhbmDxM8Y372
A_em_humano_entrada_ate_31ago,Sim,Data em que ENTROU ou REENTROU em Atendimento Humano (ex.: voltou de Perdido). Passou por humano em agosto.,MBfeBOsBgT8YDLaMZPsu,Monalisa Barbosa polastri Ferreira 11964212567,Vendas,Atendimento Humano,,aparelho da kld endophoton 660+808,2fc3880f-055e-4271-8ca2-0d1e624fa4ef,open,,2026-08-19 10:33,2026-08-19 12:06,2026-08-19 12:07,vnEAC71P9CPLICJ5vcJy,Monalisa Barbosa polastri Ferreira,,+5511964212567,MQwUeTPdGWQQ0VwsaAVr
A_em_humano_entrada_ate_31ago,Sim,Data em que ENTROU ou REENTROU em Atendimento Humano (ex.: voltou de Perdido). Passou por humano em agosto.,w8z6IO4FFNApYvqb971M,Waleska 31975403323,Vendas,Atendimento Humano,Hifu,,2fc3880f-055e-4271-8ca2-0d1e624fa4ef,open,,2026-08-18 21:36,2026-08-19 13:59,2026-08-19 14:01,MOgJFltJVjrMayLtOGCL,Waleska,clinicainnovareodonto@hotmail.com,+5531975403323,1Ft1gE5HxhbmDxM8Y372
A_em_humano_entrada_ate_31ago,Sim,Data em que ENTROU ou REENTROU em Atendimento Humano (ex.: voltou de Perdido). Passou por humano em agosto.,MCjBpsGNHnNQM2SlVzqg,Dra Fabiana Correa Nogueira 44998855137,Vendas,Atendimento Humano,Mpt,,2fc3880f-055e-4271-8ca2-0d1e624fa4ef,open,,2026-08-19 14:59,2026-08-19 14:59,2026-08-19 14:59,tErZUoJaWVQaV6KFtgye,Dra Fabiana Correa Nogueira,fabianacorreanogueiralatronico@gmail.com,+5544998855137,BadP83SqCkMIcyU9snIg
A_em_humano_entrada_ate_31ago,Sim,Data em que ENTROU ou REENTROU em Atendimento Humano (ex.: voltou de Perdido). Passou por humano em agosto.,GRdnmWPdsDn7qeRkrbY7,Dra Gabriela Vicentim 16997882417,Vendas,Atendimento Humano,Mpt,,2fc3880f-055e-4271-8ca2-0d1e624fa4ef,open,,2026-08-19 15:25,2026-08-19 15:25,2026-08-19 15:25,C9THRVPIEyaxHZ3K0vK9,Dra Gabriela Vicentim,gabygatapink@hotmail.com,+5516997882417,tOCTm6XWnrsTULwxhiav
B_saiu_humano_mudanca_etapa_em_agosto,Sim,Data em que SAIU de Atendimento Humano (foi para a etapa atual). Passou por humano em agosto.,p7RfIwE78mnpKOTuhIzj,Livia Oliveira,Vendas,Em negociação,Arameus,,e6db12f0-1dc7-4eb4-bb85-d6b3d3070bce,open,140000,2026-06-25 09:53,2026-08-19 16:33,2026-08-19 16:33,f5XpypU367Y0EARohiP6,Livia Oliveira,,+556199185221,1Ft1gE5HxhbmDxM8Y372
A_em_humano_entrada_ate_31ago,Sim,Data em que ENTROU ou REENTROU em Atendimento Humano (ex.: voltou de Perdido). Passou por humano em agosto.,iPLOuNjdmWfzAgoeYhB5,Eduardo lagrimante 21967403398,Vendas,Atendimento Humano,Omer Smart,,2fc3880f-055e-4271-8ca2-0d1e624fa4ef,open,,2026-08-19 18:18,2026-08-19 18:18,2026-08-19 18:22,syU0bMNSnkxxqKr8z4q8,Eduardo lagrimante,,+5521967403398,tOCTm6XWnrsTULwxhiav
A_em_humano_entrada_ate_31ago,Sim,Data em que ENTROU ou REENTROU em Atendimento Humano (ex.: voltou de Perdido). Passou por humano em agosto.,NO5HYyg7eAv9jsfvqTd3,Gabriel Lalla 44999122721,Vendas,Atendimento Humano,Hegon,,2fc3880f-055e-4271-8ca2-0d1e624fa4ef,open,,2026-08-20 00:47,2026-08-20 08:19,2026-08-20 08:19,aR0fjigpxHU23HDYcbwF,Gabriel Lalla,dr.gabriel.lalla@gmail.com,+5544999122721,BadP83SqCkMIcyU9snIg
A_em_humano_entrada_ate_31ago,Sim,Data em que ENTROU ou REENTROU em Atendimento Humano (ex.: voltou de Perdido). Passou por humano em agosto.,J0y78DxPB88cOLdc7tCl,Jhenifer 48996777580,Vendas,Atendimento Humano,Hegon,,2fc3880f-055e-4271-8ca2-0d1e624fa4ef,open,,2026-08-19 23:06,2026-08-20 08:25,2026-08-20 08:25,EXg4ktMkqMGUKYbmBAzL,Jhenifer,jhenyferdebora5@gmail.com,+5548996777580,zmYKEchnhQE7052CtHqP
A_em_humano_entrada_ate_31ago,Sim,Data em que ENTROU ou REENTROU em Atendimento Humano (ex.: voltou de Perdido). Passou por humano em agosto.,IOX8mJSUMlNWTlWS6nXY,Haydee Macedo 31989451464,Vendas,Atendimento Humano,,Light Pulse,2fc3880f-055e-4271-8ca2-0d1e624fa4ef,open,,2026-08-20 10:33,2026-08-20 10:33,2026-08-20 10:50,PxFoVoWPAQdim18qoVV7,Haydee Macedo,haydeemacedo2@gmail.com,+5531989451464,MQwUeTPdGWQQ0VwsaAVr
A_em_humano_entrada_ate_31ago,Sim,Data em que ENTROU ou REENTROU em Atendimento Humano (ex.: voltou de Perdido). Passou por humano em agosto.,4xGRxs4lAaHWC7sINfz1,Cristiane Diniz Munhoz 11952413201,Vendas,Atendimento Humano,Hegon,,2fc3880f-055e-4271-8ca2-0d1e624fa4ef,open,,2026-08-20 10:42,2026-08-20 10:42,2026-08-20 10:42,e5CE8vSz5cAFRZRpsvoq,Cristiane Diniz Munhoz,dra.cristianedinizmunhoz@gmail.com,+5511952413201,tOCTm6XWnrsTULwxhiav
B_saiu_humano_mudanca_etapa_em_agosto,Sim,Data em que SAIU de Atendimento Humano (foi para a etapa atual). Passou por humano em agosto.,5iValBssjMwsgAAfdBGz,Luciana Feitosa 21974452319,Vendas,Perdido,Hakon,,7af9e26d-c305-4dec-8499-2816cb5c7635,lost,,2026-08-12 14:42,2026-08-20 11:05,2026-08-20 11:05,nDilQYu0SsIDWdeDIiG3,Luciana Feitosa,lucinhafeitosa@icloud.com,+5521974452319,HcJsCFZY6ZVs0eeXH2lq
A_em_humano_entrada_ate_31ago,Sim,Data em que ENTROU ou REENTROU em Atendimento Humano (ex.: voltou de Perdido). Passou por humano em agosto.,PyaY7vk8zvWNqBPVWjx4,Eduardo Kalahary 62982142908,Vendas,Atendimento Humano,Hakon,,2fc3880f-055e-4271-8ca2-0d1e624fa4ef,open,,2026-08-20 11:41,2026-08-20 11:41,2026-08-20 11:41,rYD0xbL7NxDiw6lzS8zU,Eduardo Kalahary,eduardosilvakalahary17@outlook.com,+5562982142908,HcJsCFZY6ZVs0eeXH2lq
B_saiu_humano_mudanca_etapa_em_agosto,Sim,Data em que SAIU de Atendimento Humano (foi para a etapa atual). Passou por humano em agosto.,Z8VulWmafCie5ZsEtGC7,Marcia Amaral 33984270403,Vendas,Perdido,,,7af9e26d-c305-4dec-8499-2816cb5c7635,lost,,2026-08-04 18:23,2026-08-20 12:54,2026-08-20 12:54,qwlzRYZvb2rhnyvktn7c,Marcia Amaral Amaral,marcia@aglminas.com.br,+5533984270403,1Ft1gE5HxhbmDxM8Y372
A_em_humano_entrada_ate_31ago,Sim,Data em que ENTROU ou REENTROU em Atendimento Humano (ex.: voltou de Perdido). Passou por humano em agosto.,YWy73g6DYPemF6MSXyJq,Gislane Maria da Silva 21964640784,Vendas,Atendimento Humano,Omer Smart,,2fc3880f-055e-4271-8ca2-0d1e624fa4ef,open,,2026-08-20 12:57,2026-08-20 12:57,2026-08-20 12:57,Rqsri61ableBwpvGWpc1,Gislane Maria da Silva,silva.gislanemaria@gmail.com,+5521964640784,rho3es8TSsZGEXvZ2Zsq
B_saiu_humano_mudanca_etapa_em_agosto,Sim,Data em que SAIU de Atendimento Humano (foi para a etapa atual). Passou por humano em agosto.,wQSWEhYG90Tsm7dUZ0P1,Fernanda Mazza 11991085192,Vendas,Perdido,,,7af9e26d-c305-4dec-8499-2816cb5c7635,lost,,2026-08-06 11:35,2026-08-20 13:06,2026-08-20 13:06,PqH5TmADnAGy6syB4yM9,Fernanda Mazza,fernanda.mazza@uol.com.br,+5511991085192,1Ft1gE5HxhbmDxM8Y372
B_saiu_humano_mudanca_etapa_em_agosto,Sim,Data em que SAIU de Atendimento Humano (foi para a etapa atual). Passou por humano em agosto.,Eq7IjKhBU1Xi14whuwoU,Maria Madalena Domingues 3492284209,Vendas,Perdido,Hakon,,7af9e26d-c305-4dec-8499-2816cb5c7635,lost,,2026-08-11 13:06,2026-08-20 13:06,2026-08-20 13:06,CZ7lb3CKSQ26f3LnGibe,Maria Madalena Domingues,mariamd57@yahoo.com.br,+553492284209,HcJsCFZY6ZVs0eeXH2lq
B_saiu_humano_mudanca_etapa_em_agosto,Sim,Data em que SAIU de Atendimento Humano (foi para a etapa atual). Passou por humano em agosto.,9CQIQbX6KOfN2fpEVKh0,Herikis Antonio 31992225046,Vendas,Perdido,Hakon,,7af9e26d-c305-4dec-8499-2816cb5c7635,lost,,2026-07-07 12:41,2026-08-20 15:28,2026-08-20 15:28,c8QhQzx3iSrNJKWgm6e1,Herikis Antônio,herikis11@gmail.com,+5531992225046,uQNgnn5W2rlgD4UEckTk
B_saiu_humano_mudanca_etapa_em_agosto,Sim,Data em que SAIU de Atendimento Humano (foi para a etapa atual). Passou por humano em agosto.,OyTZlVjKYrenUvUGfpZE,Tayane Araujo 31999260296,Vendas,Perdido,Omer Smart,,7af9e26d-c305-4dec-8499-2816cb5c7635,lost,,2026-07-07 17:04,2026-08-20 15:31,2026-08-20 15:31,4xvUTFINb4uMh6rruRgi,Tayane Araujo,tayane-araujo@hotmail.com,+5531999260296,uQNgnn5W2rlgD4UEckTk
B_saiu_humano_mudanca_etapa_em_agosto,Sim,Data em que SAIU de Atendimento Humano (foi para a etapa atual). Passou por humano em agosto.,YxDpCACntA0IAXF3Ewb8,Izabelle 21979883119,Vendas,Perdido,Omer Smart,,7af9e26d-c305-4dec-8499-2816cb5c7635,lost,,2026-07-07 17:34,2026-08-20 15:32,2026-08-20 15:32,2cEvL6JBr7orlBmtuv1m,Izabelle,bellecastrof@hotmail.com,+5521979883119,uQNgnn5W2rlgD4UEckTk
B_saiu_humano_mudanca_etapa_em_agosto,Sim,Data em que SAIU de Atendimento Humano (foi para a etapa atual). Passou por humano em agosto.,aTLMPSOCHZjLsY7n1E8c,Raiane Muniz 9888935399,Vendas,Perdido,,,7af9e26d-c305-4dec-8499-2816cb5c7635,lost,,2026-07-09 19:05,2026-08-20 15:35,2026-08-20 15:35,dgXtFRWeMUJzhuPqYv4V,raiane muniz,,+559888935399,uQNgnn5W2rlgD4UEckTk
A_em_humano_entrada_ate_31ago,Sim,Data em que ENTROU ou REENTROU em Atendimento Humano (ex.: voltou de Perdido). Passou por humano em agosto.,HVcKuStu5yg1BwT8EluN,Sonia 11915878238,Vendas,Atendimento Humano,Omer Smart,,2fc3880f-055e-4271-8ca2-0d1e624fa4ef,open,,2026-08-20 15:47,2026-08-20 15:47,2026-08-20 15:47,vwKP5AJgORqSB2ZXyMAt,Sonia,,+5511915878238,RLFBFjdepFmmmouejXz7
B_saiu_humano_mudanca_etapa_em_agosto,Sim,Data em que SAIU de Atendimento Humano (foi para a etapa atual). Passou por humano em agosto.,BxIG2xLOiDtEo1z5ityu,Ana Carla de Oliveira 8897421222,Vendas,Perdido,Hakon,,7af9e26d-c305-4dec-8499-2816cb5c7635,lost,,2026-07-08 22:13,2026-08-20 16:02,2026-08-20 16:02,mgsHCk31MEr9NGOLDkhF,Ana Carla de Oliveira,,+558897421222,uQNgnn5W2rlgD4UEckTk
B_saiu_humano_mudanca_etapa_em_agosto,Sim,Data em que SAIU de Atendimento Humano (foi para a etapa atual). Passou por humano em agosto.,l2d0XFwQtfCatkMAbBDw,Leonardo Dalvias 11940257457,Vendas,Perdido,Hakon,,7af9e26d-c305-4dec-8499-2816cb5c7635,lost,,2026-07-09 19:08,2026-08-20 16:04,2026-08-20 16:04,YKXIawhTqH5yLIEhl328,leonardo dalvias,,+5511940257457,uQNgnn5W2rlgD4UEckTk
A_em_humano_entrada_ate_31ago,Sim,Data em que ENTROU ou REENTROU em Atendimento Humano (ex.: voltou de Perdido). Passou por humano em agosto.,HOY059oHk2UFmSr4mBlu,Simone Barreto 6592969696,Vendas,Atendimento Humano,Hakon,,2fc3880f-055e-4271-8ca2-0d1e624fa4ef,open,,2026-08-20 16:06,2026-08-20 16:06,2026-08-20 16:06,357howGD9j4aH2YGnp0d,Simone Barreto,,+556592969696,uQNgnn5W2rlgD4UEckTk
B_saiu_humano_mudanca_etapa_em_agosto,Sim,Data em que SAIU de Atendimento Humano (foi para a etapa atual). Passou por humano em agosto.,zbXtZbVW0xwV0hvbdZrH,Aratai Oliveira 11949885212,Vendas,Perdido,Mpt,,7af9e26d-c305-4dec-8499-2816cb5c7635,lost,,2026-07-20 16:28,2026-08-20 18:20,2026-08-20 18:20,TRrA0K2P4QBEQu1xkZ0h,Aratai Oliveira,isabelarataloliveira@gmail.com,+5511949885212,RLFBFjdepFmmmouejXz7
B_saiu_humano_mudanca_etapa_em_agosto,Sim,Data em que SAIU de Atendimento Humano (foi para a etapa atual). Passou por humano em agosto.,pABNnmRnuqPVxLxszUbJ,Bianca 11951707444,Vendas,Perdido,Hakon,,7af9e26d-c305-4dec-8499-2816cb5c7635,lost,,2026-07-24 17:30,2026-08-20 18:20,2026-08-20 18:20,R5wOYIV44Ync0AfM3unv,Bianca,bnbeautyclinic@gmail.com,+5511951707444,RLFBFjdepFmmmouejXz7
B_saiu_humano_mudanca_etapa_em_agosto,Sim,Data em que SAIU de Atendimento Humano (foi para a etapa atual). Passou por humano em agosto.,ewh3oiQy4113qDTg80SN,Dra Tatiana Previdelli 19998892485,Vendas,Perdido,Hegon,,7af9e26d-c305-4dec-8499-2816cb5c7635,lost,,2026-07-20 11:40,2026-08-20 18:20,2026-08-20 18:20,IL1UVALvTZbTfveA93f9,Dra Tatiana Previdelli HOF,tatiana.previdelli@gmail.com,+5519998892485,zmYKEchnhQE7052CtHqP
B_saiu_humano_mudanca_etapa_em_agosto,Sim,Data em que SAIU de Atendimento Humano (foi para a etapa atual). Passou por humano em agosto.,z4Ypu36xQs7SUAp5tBvr,Larissa Ferreira de Lima almeida  12987107806,Vendas,Perdido,Omer Smart,,7af9e26d-c305-4dec-8499-2816cb5c7635,lost,,2026-07-27 12:39,2026-08-20 18:20,2026-08-20 18:20,SCzYN179oeC1xZvmyjg5,Lari,,+5512987107806,RLFBFjdepFmmmouejXz7
B_saiu_humano_mudanca_etapa_em_agosto,Sim,Data em que SAIU de Atendimento Humano (foi para a etapa atual). Passou por humano em agosto.,dZptlUP082CNpRmbm4Vf,Lucas Vicentin 19997416251,Vendas,Perdido,Hakon,,7af9e26d-c305-4dec-8499-2816cb5c7635,lost,,2026-07-10 11:49,2026-08-20 18:20,2026-08-20 18:20,JKsbu1FBQLtt1jYK9Uny,Lucas Vicentin,lukinha_hsv@hotmail.com,+5519997416251,zmYKEchnhQE7052CtHqP
B_saiu_humano_mudanca_etapa_em_agosto,Sim,Data em que SAIU de Atendimento Humano (foi para a etapa atual). Passou por humano em agosto.,RBj4LH9sdqens7FMp24F,Pamela Grabovski 54996995212,Vendas,Perdido,Hegon,,7af9e26d-c305-4dec-8499-2816cb5c7635,lost,1,2026-07-17 11:46,2026-08-20 18:20,2026-08-20 18:20,b2Mii90Rw0lAZYzN3jX3,Pâmela Grabovski,pamelagrabovski@hotmail.com,+5554996995212,zmYKEchnhQE7052CtHqP
B_saiu_humano_mudanca_etapa_em_agosto,Sim,Data em que SAIU de Atendimento Humano (foi para a etapa atual). Passou por humano em agosto.,nJQRYo7ea7B9lsFzxmZI,Talita Andrade 11975235489,Vendas,Perdido,Omer Smart,,7af9e26d-c305-4dec-8499-2816cb5c7635,lost,,2026-07-22 09:33,2026-08-20 18:20,2026-08-20 18:20,GxWXXoTehZayMNJX7zcQ,Talita Andrade,area51texmex@gmail.com,+5511975235489,RLFBFjdepFmmmouejXz7
B_saiu_humano_mudanca_etapa_em_agosto,Sim,Data em que SAIU de Atendimento Humano (foi para a etapa atual). Passou por humano em agosto.,f0uMt3G6DKmxcgBwaX6z,Waleska 27988169810,Vendas,Perdido,Omer Smart,,7af9e26d-c305-4dec-8499-2816cb5c7635,lost,,2026-07-21 12:35,2026-08-20 18:20,2026-08-20 18:20,D13CZQsHZY8TNOihBZE9,Waleska,wmmle@hotmail.com,+5527988169810,RLFBFjdepFmmmouejXz7
B_saiu_humano_mudanca_etapa_em_agosto,Sim,Data em que SAIU de Atendimento Humano (foi para a etapa atual). Passou por humano em agosto.,B3QG5JhAAhTvUbAl90fO,Giuliana Alves 21975837648,Vendas,Em negociação,Omer Smart,,e6db12f0-1dc7-4eb4-bb85-d6b3d3070bce,open,,2026-08-19 14:45,2026-08-20 20:50,2026-08-20 20:50,9aJRZtfSk3Xp03Q8HliZ,Giuliana Alves,,+5521975837648,uQNgnn5W2rlgD4UEckTk
B_saiu_humano_mudanca_etapa_em_agosto,Sim,Data em que SAIU de Atendimento Humano (foi para a etapa atual). Passou por humano em agosto.,53IVls07RLizUfTnYOEn,Caroline Barros De Souza Novais 16996221547,Vendas,Perdido,Omer Smart,,7af9e26d-c305-4dec-8499-2816cb5c7635,lost,,2026-07-09 15:55,2026-08-20 20:54,2026-08-20 20:54,s1gzn4dsn9ODtjyBNy4f,Caroline Barros de Souza novais,carolinesouza.novais95@gmail.com,+5516996221547,uQNgnn5W2rlgD4UEckTk
B_saiu_humano_mudanca_etapa_em_agosto,Sim,Data em que SAIU de Atendimento Humano (foi para a etapa atual). Passou por humano em agosto.,5Ygq8yslt14kYDe3ALm3,Renata Izabela 6297000392,Vendas,Perdido,,,7af9e26d-c305-4dec-8499-2816cb5c7635,lost,,2026-07-09 18:53,2026-08-20 20:55,2026-08-20 20:55,ZwxvNjmeuCJjPFMif03g,RENATA IZABELA,,+556297000392,uQNgnn5W2rlgD4UEckTk
B_saiu_humano_mudanca_etapa_em_agosto,Sim,Data em que SAIU de Atendimento Humano (foi para a etapa atual). Passou por humano em agosto.,HVJhanPvOzYVTZ6dh6pG,Vanessa Tarao 6282367905,Vendas,Perdido,,,7af9e26d-c305-4dec-8499-2816cb5c7635,lost,,2026-07-09 18:57,2026-08-20 20:56,2026-08-20 20:56,WmxD4WfzfYhsfFyR89VV,VANESSA TARÃO,,+556282367905,uQNgnn5W2rlgD4UEckTk
B_saiu_humano_mudanca_etapa_em_agosto,Sim,Data em que SAIU de Atendimento Humano (foi para a etapa atual). Passou por humano em agosto.,N6vrdUF8UumVqsospIoK,Michelyny 6182181944,Vendas,Perdido,Hakon,,7af9e26d-c305-4dec-8499-2816cb5c7635,lost,,2026-07-09 18:58,2026-08-20 20:57,2026-08-20 20:57,iCknjcuJmjezUysvQvKm,MICHELYNY,,+556182181944,uQNgnn5W2rlgD4UEckTk
B_saiu_humano_mudanca_etapa_em_agosto,Sim,Data em que SAIU de Atendimento Humano (foi para a etapa atual). Passou por humano em agosto.,5IxhoP6CBafYtg5stJx3,Ariane Alves 19982362061,Vendas,Perdido,Hakon,,7af9e26d-c305-4dec-8499-2816cb5c7635,lost,,2026-07-10 09:21,2026-08-20 21:00,2026-08-20 21:00,Q6F4XV84z06w5I2vCEZ1,Ariane Alves,arianealves.acessorios@gmail.com,+5519982362061,uQNgnn5W2rlgD4UEckTk
B_saiu_humano_mudanca_etapa_em_agosto,Sim,Data em que SAIU de Atendimento Humano (foi para a etapa atual). Passou por humano em agosto.,PuqECv11ecJ23V6fdcbQ,Kassia 6196063498,Vendas,Perdido,Pisom,,7af9e26d-c305-4dec-8499-2816cb5c7635,lost,,2026-07-09 19:02,2026-08-20 21:01,2026-08-20 21:01,HL8GbnGF8Fplaf9YE1di,kassia,,+556196063498,uQNgnn5W2rlgD4UEckTk
B_saiu_humano_mudanca_etapa_em_agosto,Sim,Data em que SAIU de Atendimento Humano (foi para a etapa atual). Passou por humano em agosto.,FFUWK2bswOd9rSLv5lVD,Caroline Santos Soares Klisievicz 41984085109,Vendas,Perdido,Hakon,,7af9e26d-c305-4dec-8499-2816cb5c7635,lost,,2026-07-10 13:56,2026-08-20 21:02,2026-08-20 21:02,9XCtxk2HkGkSCIsE2MYT,Caroline Santos Soares Klisievicz,cssksoares@gmail.com,+5541984085109,uQNgnn5W2rlgD4UEckTk
B_saiu_humano_mudanca_etapa_em_agosto,Sim,Data em que SAIU de Atendimento Humano (foi para a etapa atual). Passou por humano em agosto.,BV0CmKqYX0g30VSbClM4,Michelle Sousa Huber 62999445844,Vendas,Perdido,Omer Smart,,7af9e26d-c305-4dec-8499-2816cb5c7635,lost,,2026-07-10 14:11,2026-08-20 21:07,2026-08-20 21:07,SRV7yeIzoJDvLjGp7Y66,Michelle sousa huber,michellesousaoliveira55@gmail.com,+5562999445844,uQNgnn5W2rlgD4UEckTk
B_saiu_humano_mudanca_etapa_em_agosto,Sim,Data em que SAIU de Atendimento Humano (foi para a etapa atual). Passou por humano em agosto.,SKKYaa5wiR23D4rGRtir,Fabiana Moura 34996783769,Vendas,Perdido,Omer Smart,,7af9e26d-c305-4dec-8499-2816cb5c7635,lost,,2026-07-11 10:09,2026-08-20 21:15,2026-08-20 21:15,79cNeWJbEbifA4nKKg5o,Fabiana Moura - Uberlândia,fabianamoura22@hotmail.com,+5534996783769,uQNgnn5W2rlgD4UEckTk
B_saiu_humano_mudanca_etapa_em_agosto,Sim,Data em que SAIU de Atendimento Humano (foi para a etapa atual). Passou por humano em agosto.,HqJaRY8rLzlclMhkgRjs,Luis Costa 11965070326,Vendas,Em negociação,Hakon,,e6db12f0-1dc7-4eb4-bb85-d6b3d3070bce,open,,2026-07-11 10:12,2026-08-20 21:20,2026-08-20 21:20,2r2Xjmvj735PHdHVv13z,Luis Costa,costaluis@yahoo.com,+5511965070326,uQNgnn5W2rlgD4UEckTk
B_saiu_humano_mudanca_etapa_em_agosto,Sim,Data em que SAIU de Atendimento Humano (foi para a etapa atual). Passou por humano em agosto.,nMJMg6vE7NCGEtcEnvQj,Karine Sousa 21966159446,Vendas,Perdido,Hakon,,7af9e26d-c305-4dec-8499-2816cb5c7635,lost,,2026-07-11 10:31,2026-08-20 21:21,2026-08-20 21:21,Qaqw1A5i28mF1V46AJNn,Karine Sousa,karineconceicaodesousa@gmail.com,+5521966159446,uQNgnn5W2rlgD4UEckTk
B_saiu_humano_mudanca_etapa_em_agosto,Sim,Data em que SAIU de Atendimento Humano (foi para a etapa atual). Passou por humano em agosto.,HNpgEYhnzuMfVpRUbvdk,Gessika Rabelo 22981577424,Vendas,Perdido,Omer Smart,,7af9e26d-c305-4dec-8499-2816cb5c7635,lost,,2026-07-13 09:16,2026-08-20 21:23,2026-08-20 21:23,kRCgnLrhahxUybKqsrMf,Gessika Rabelo,,+5522981577424,uQNgnn5W2rlgD4UEckTk
B_saiu_humano_mudanca_etapa_em_agosto,Sim,Data em que SAIU de Atendimento Humano (foi para a etapa atual). Passou por humano em agosto.,CRgsYb3URdUr5rhCPfhH,Renata Cristo 27997778293,Vendas,Perdido,Hegon,,7af9e26d-c305-4dec-8499-2816cb5c7635,lost,,2026-07-13 10:20,2026-08-20 21:27,2026-08-20 21:27,rfJ526r1yP7qtgGq0HIJ,Tata Cristo,valerycristo@gmail.com,+5527997778293,uQNgnn5W2rlgD4UEckTk
B_saiu_humano_mudanca_etapa_em_agosto,Sim,Data em que SAIU de Atendimento Humano (foi para a etapa atual). Passou por humano em agosto.,uo7TUDIyCHB7ZOyt8vNa,Cristiane Santos 31971480762,Vendas,Perdido,Hifu,,7af9e26d-c305-4dec-8499-2816cb5c7635,lost,,2026-07-13 12:40,2026-08-20 21:31,2026-08-20 21:31,qdFo5iuDrSPnMC4to96H,Cristiane Santos,,+5531971480762,uQNgnn5W2rlgD4UEckTk
B_saiu_humano_mudanca_etapa_em_agosto,Sim,Data em que SAIU de Atendimento Humano (foi para a etapa atual). Passou por humano em agosto.,8e8clYScvdHYlMf0FfHa,Aline Ariano De Moura 11971949754,Vendas,Perdido,Omer Smart,,7af9e26d-c305-4dec-8499-2816cb5c7635,lost,,2026-07-13 16:04,2026-08-20 21:35,2026-08-20 21:35,jZJBoww03lCGGI5ZVLKs,Aline ariano de moura,aline_ariano@hotmail.com,+5511971949754,uQNgnn5W2rlgD4UEckTk
B_saiu_humano_mudanca_etapa_em_agosto,Sim,Data em que SAIU de Atendimento Humano (foi para a etapa atual). Passou por humano em agosto.,pr4clLyRTr6d4GrY7OkR,Jeanine Scheffer De Aquino Basso 51982643217,Vendas,Perdido,Omer Smart,,7af9e26d-c305-4dec-8499-2816cb5c7635,lost,,2026-07-13 17:15,2026-08-20 21:37,2026-08-20 21:37,41kS3lR1Qbj6NKe5h2zq,Jeanine Scheffer De Aquino Basso,jeaninescheffer@hotmail.com,+5551982643217,uQNgnn5W2rlgD4UEckTk
B_saiu_humano_mudanca_etapa_em_agosto,Sim,Data em que SAIU de Atendimento Humano (foi para a etapa atual). Passou por humano em agosto.,yzwfbBpoKm3zoIzOyGRD,Fabio 11930313009,Vendas,Perdido,Mpt,,7af9e26d-c305-4dec-8499-2816cb5c7635,lost,,2026-07-14 09:33,2026-08-20 21:41,2026-08-20 21:41,XTSDlgekwHHcRajbUrQ0,Fábio,fabiopetkvit@icloud.com,+5511930313009,uQNgnn5W2rlgD4UEckTk
B_saiu_humano_mudanca_etapa_em_agosto,Sim,Data em que SAIU de Atendimento Humano (foi para a etapa atual). Passou por humano em agosto.,kafzIDs5hXgAkRmkDPRk,Poliana Votri 46999085848,Vendas,Perdido,Hakon,,7af9e26d-c305-4dec-8499-2816cb5c7635,lost,,2026-07-14 13:46,2026-08-20 21:45,2026-08-20 21:45,kdoNkuOUw4kNFBJU0wTU,Poliana Votri,votripoliana0@gmail.com,+5546999085848,uQNgnn5W2rlgD4UEckTk
B_saiu_humano_mudanca_etapa_em_agosto,Sim,Data em que SAIU de Atendimento Humano (foi para a etapa atual). Passou por humano em agosto.,nj9ZQbidW43nfgpc21bq,Katyane Marques 21980330020,Vendas,Perdido,Hakon,,7af9e26d-c305-4dec-8499-2816cb5c7635,lost,,2026-07-15 09:58,2026-08-20 21:46,2026-08-20 21:46,UQO2a2HArq1hbyCgrSy0,Katyane Marques,eukatianemarques@gmail.com,+5521980330020,uQNgnn5W2rlgD4UEckTk
B_saiu_humano_mudanca_etapa_em_agosto,Sim,Data em que SAIU de Atendimento Humano (foi para a etapa atual). Passou por humano em agosto.,RJSwQPLKKYwLSeDqnT6o,Natalia De Oliveira Santos 62998224257,Vendas,Perdido,Hakon,,7af9e26d-c305-4dec-8499-2816cb5c7635,lost,,2026-07-15 15:32,2026-08-20 21:51,2026-08-20 21:51,rik1j7awUr04dVa2yk4h,Natália de Oliveira Santos,natalia.o.santoss@gmail.com,+5562998224257,uQNgnn5W2rlgD4UEckTk
B_saiu_humano_mudanca_etapa_em_agosto,Sim,Data em que SAIU de Atendimento Humano (foi para a etapa atual). Passou por humano em agosto.,aLdE8l3bYxlP7OBq8Wl0,Veronica Nunes 13981021560,Vendas,Perdido,Hakon,,7af9e26d-c305-4dec-8499-2816cb5c7635,lost,,2026-07-16 11:40,2026-08-20 21:53,2026-08-20 21:53,7UF3xGiiObxCF9aHcyTi,Verônica Nunes,veronica.nunes.rocha@hotmail.com,+5513981021560,uQNgnn5W2rlgD4UEckTk
B_saiu_humano_mudanca_etapa_em_agosto,Sim,Data em que SAIU de Atendimento Humano (foi para a etapa atual). Passou por humano em agosto.,DV6OPanQcpiBz4eTjP8c,Iasminy Marcon De Faveri 48998009258,Vendas,Perdido,Hifu,,7af9e26d-c305-4dec-8499-2816cb5c7635,lost,,2026-07-16 14:54,2026-08-20 21:55,2026-08-20 21:55,AcV1zjts8sUpfG3rTAse,Iasminy Marcon de faveri,iasminym.f@hotmail.com,+5548998009258,uQNgnn5W2rlgD4UEckTk
A_em_humano_entrada_ate_31ago,Sim,Data em que ENTROU ou REENTROU em Atendimento Humano (ex.: voltou de Perdido). Passou por humano em agosto.,WshjwPlPrrKZ7ntZZ99K,Suellen Sousa 13974028035,Vendas,Atendimento Humano,,peeling de diamante,2fc3880f-055e-4271-8ca2-0d1e624fa4ef,open,,2026-08-21 08:16,2026-08-21 08:16,2026-08-21 08:16,aqxYN9iyV0YxNL9954dN,Suellen Sousa,,+5513974028035,MQwUeTPdGWQQ0VwsaAVr
B_saiu_humano_mudanca_etapa_em_agosto,Sim,Data em que SAIU de Atendimento Humano (foi para a etapa atual). Passou por humano em agosto.,0BX68IMXmO12cEPfMizx,Dimas Ulisses 12988453443,Vendas,Perdido,Omer Smart,,7af9e26d-c305-4dec-8499-2816cb5c7635,lost,,2026-07-09 10:42,2026-08-21 08:38,2026-08-21 08:38,skmsycDINUHZ5CTopGkU,Dimas Ulisses,samid.ulisses@gmail.com,+5512988453443,rho3es8TSsZGEXvZ2Zsq
B_saiu_humano_mudanca_etapa_em_agosto,Sim,Data em que SAIU de Atendimento Humano (foi para a etapa atual). Passou por humano em agosto.,BdmdrspPqKWWWNyWOGUO,Leonardo Manhães Arêas 22999430097,Vendas,Perdido,Omer Smart,,7af9e26d-c305-4dec-8499-2816cb5c7635,lost,,2026-07-10 08:02,2026-08-21 08:38,2026-08-21 08:38,FSrjvf41J04FrMQ7Fuwj,Leonardo Manhães Arêas,,+5522999430097,rho3es8TSsZGEXvZ2Zsq
B_saiu_humano_mudanca_etapa_em_agosto,Sim,Data em que SAIU de Atendimento Humano (foi para a etapa atual). Passou por humano em agosto.,qLPKKl1FI5i37xdCtHyl,Sylvana Quirina 31997050878,Vendas,Perdido,Omer Smart,,7af9e26d-c305-4dec-8499-2816cb5c7635,lost,,2026-07-13 10:05,2026-08-21 08:39,2026-08-21 08:39,NwcOZ28gnsL0YcR9ST5H,Sylvana Quirina,sylvanarocha3@yahoo.com.br,+5531997050878,rho3es8TSsZGEXvZ2Zsq
B_saiu_humano_mudanca_etapa_em_agosto,Sim,Data em que SAIU de Atendimento Humano (foi para a etapa atual). Passou por humano em agosto.,VcWKf1R8JzOZcyI3NmpM,Leticia Calazans 21992430542,Vendas,Perdido,Hakon,,7af9e26d-c305-4dec-8499-2816cb5c7635,lost,,2026-07-13 15:17,2026-08-21 08:42,2026-08-21 08:42,dUk8RWWZTXSVAc6kvXoD,Leticia Calazans,midiasleh@gmail.com,+5521992430542,rho3es8TSsZGEXvZ2Zsq
B_saiu_humano_mudanca_etapa_em_agosto,Sim,Data em que SAIU de Atendimento Humano (foi para a etapa atual). Passou por humano em agosto.,s9uHWuwuoN4yqt0tnNra,Bel Diehl 51974015579,Vendas,Perdido,Omer Smart,,7af9e26d-c305-4dec-8499-2816cb5c7635,lost,,2026-07-13 15:50,2026-08-21 08:43,2026-08-21 08:43,BDhF0VUPzpSKrNRWuAdY,Bel Diehl,diehlbel231@gmail.com,+5551974015579,rho3es8TSsZGEXvZ2Zsq
B_saiu_humano_mudanca_etapa_em_agosto,Sim,Data em que SAIU de Atendimento Humano (foi para a etapa atual). Passou por humano em agosto.,hwuFJhtgMkfGSyH0rNc1,Angelica Priscila Souza 16991975091,Vendas,Perdido,Hakon,,7af9e26d-c305-4dec-8499-2816cb5c7635,lost,,2026-07-14 12:11,2026-08-21 08:44,2026-08-21 08:44,5hM85CbZOa419RqYNS61,Angélica Priscila Souza,angelicapriscila2012@gmail.com,+5516991975091,rho3es8TSsZGEXvZ2Zsq
B_saiu_humano_mudanca_etapa_em_agosto,Sim,Data em que SAIU de Atendimento Humano (foi para a etapa atual). Passou por humano em agosto.,dZ7GpnEm0gQIzXvxhpmY,Vanessa Marques 35988325180,Vendas,Perdido,Hakon,,7af9e26d-c305-4dec-8499-2816cb5c7635,lost,,2026-07-15 15:25,2026-08-21 08:46,2026-08-21 08:46,VS810ocYNKhhiaeon0xJ,Vanessa Marques,vanessacpa25@hotmail.com,+5535988325180,rho3es8TSsZGEXvZ2Zsq
B_saiu_humano_mudanca_etapa_em_agosto,Sim,Data em que SAIU de Atendimento Humano (foi para a etapa atual). Passou por humano em agosto.,2dxcgiRl4LeJUmH1YBVq,Maiara Valentim 11985548875,Vendas,Perdido,Hakon,,7af9e26d-c305-4dec-8499-2816cb5c7635,lost,,2026-07-16 14:33,2026-08-21 08:47,2026-08-21 08:47,BGtN406sZxIPQ6x3qqep,Maiara Valentim,valentim.martinsespaco@gmail.com,+5511985548875,rho3es8TSsZGEXvZ2Zsq
B_saiu_humano_mudanca_etapa_em_agosto,Sim,Data em que SAIU de Atendimento Humano (foi para a etapa atual). Passou por humano em agosto.,kkbWxO5Z9r0Ye7FIiTe3,Luciana Araujo 21969239097,Vendas,Perdido,Hakon,,7af9e26d-c305-4dec-8499-2816cb5c7635,lost,,2026-07-17 12:31,2026-08-21 09:07,2026-08-21 09:07,7WfmjbWL7T3nNUFHxSRT,Luciana Araújo,luciana.araujo0807@gmail.com,+5521969239097,uQNgnn5W2rlgD4UEckTk
B_saiu_humano_mudanca_etapa_em_agosto,Sim,Data em que SAIU de Atendimento Humano (foi para a etapa atual). Passou por humano em agosto.,sADNjqI7qqRomGNVd22R,Tauane Sara Maciel Da Silva 47996167332,Vendas,Perdido,Omer Smart,,7af9e26d-c305-4dec-8499-2816cb5c7635,lost,,2026-07-20 16:06,2026-08-21 09:13,2026-08-21 09:13,h6Hd9y8O1SvmNDdLObX1,Tauane Sara Maciel da Silva,tauanesaramicro@gmail.com,+5547996167332,rho3es8TSsZGEXvZ2Zsq
B_saiu_humano_mudanca_etapa_em_agosto,Sim,Data em que SAIU de Atendimento Humano (foi para a etapa atual). Passou por humano em agosto.,fryr1CC7Ov7tEfvFcKEL,Ellen Alves 51994784843,Vendas,Perdido,Omer Smart,,7af9e26d-c305-4dec-8499-2816cb5c7635,lost,,2026-07-21 14:22,2026-08-21 09:17,2026-08-21 09:17,03ZvKlk1Tmv6Byg8HffS,Ellen Alves,ellencmalves@gmail.com,+5551994784843,rho3es8TSsZGEXvZ2Zsq
B_saiu_humano_mudanca_etapa_em_agosto,Sim,Data em que SAIU de Atendimento Humano (foi para a etapa atual). Passou por humano em agosto.,kCx16Z9QY1MQsN8DcPEX,Paloma 19993231825,Vendas,Perdido,Hakon,,7af9e26d-c305-4dec-8499-2816cb5c7635,lost,,2026-07-24 13:48,2026-08-21 09:39,2026-08-21 09:39,dMNlRqIt7PDEQ3E2cAjd,Paloma,palomagrazy_@hotmail.com,+5519993231825,rho3es8TSsZGEXvZ2Zsq
B_saiu_humano_mudanca_etapa_em_agosto,Sim,Data em que SAIU de Atendimento Humano (foi para a etapa atual). Passou por humano em agosto.,VMkqvp714oLBmjkjKe0D,Karen Souza 13998014150,Vendas,Perdido,Omer Smart,,7af9e26d-c305-4dec-8499-2816cb5c7635,lost,,2026-07-24 14:09,2026-08-21 09:40,2026-08-21 09:40,w9h4gS2r8Aw974l9tTVL,Karen Souza,karen.bialso@gmail.com,+5513998014150,rho3es8TSsZGEXvZ2Zsq
B_saiu_humano_mudanca_etapa_em_agosto,Sim,Data em que SAIU de Atendimento Humano (foi para a etapa atual). Passou por humano em agosto.,0kzNIVuh6OtKY9xXtKcx,Paulo Couto 21996193403,Vendas,Perdido,Hegon,,7af9e26d-c305-4dec-8499-2816cb5c7635,lost,,2026-07-07 11:43,2026-08-21 10:12,2026-08-21 10:12,4lg2u1AB3ZcP1uBqyqZ0,Paulo Couto,patvcsoares@gmail.com,+5521996193403,tOCTm6XWnrsTULwxhiav
B_saiu_humano_mudanca_etapa_em_agosto,Sim,Data em que SAIU de Atendimento Humano (foi para a etapa atual). Passou por humano em agosto.,Y2zfikYRvAiXQdQEQm5i,Leidiane Gouvella 21986434264,Vendas,Perdido,Hakon,,7af9e26d-c305-4dec-8499-2816cb5c7635,lost,80000,2026-07-07 13:41,2026-08-21 10:14,2026-08-21 10:14,6TNp94yWV0vbQrJkCnwr,LEIDIANE GOUVELLA,,+5521986434264,tOCTm6XWnrsTULwxhiav
A_em_humano_entrada_ate_31ago,Sim,Data em que ENTROU ou REENTROU em Atendimento Humano (ex.: voltou de Perdido). Passou por humano em agosto.,HPnaY2l7XRqsRUTj3gE9,Odrac Carolina 61998222919,Vendas,Atendimento Humano,Hegon,,2fc3880f-055e-4271-8ca2-0d1e624fa4ef,open,,2026-08-21 10:36,2026-08-21 10:36,2026-08-21 10:36,90EeW7CoKlNVtQR3JzIA,Odrac Carolina,clinicaodrac@gmail.com,+5561998222919,zmYKEchnhQE7052CtHqP
B_saiu_humano_mudanca_etapa_em_agosto,Sim,Data em que SAIU de Atendimento Humano (foi para a etapa atual). Passou por humano em agosto.,YYg1GrVFjaf3unnm9vc9,Naiara Dourado 11969527924,Vendas,Perdido,Omer Smart,,7af9e26d-c305-4dec-8499-2816cb5c7635,lost,,2026-07-17 13:59,2026-08-21 10:56,2026-08-21 10:56,VfP0FOU1Fobg1UJKpRss,Naiara Dourado,,+5511969527924,uQNgnn5W2rlgD4UEckTk
A_em_humano_entrada_ate_31ago,Sim,Data em que ENTROU ou REENTROU em Atendimento Humano (ex.: voltou de Perdido). Passou por humano em agosto.,WUG4IbStDrt32LdP0IcT,Fernanda Campos 31982777973,Vendas,Atendimento Humano,Omer Smart,,2fc3880f-055e-4271-8ca2-0d1e624fa4ef,open,,2026-07-13 16:14,2026-08-21 11:05,2026-08-21 11:10,at2D6vwT13LiVDtGL4BL,Fernanda Campos,nandacampos98@icloud.com,+5531982777973,rho3es8TSsZGEXvZ2Zsq
B_saiu_humano_mudanca_etapa_em_agosto,Sim,Data em que SAIU de Atendimento Humano (foi para a etapa atual). Passou por humano em agosto.,25XHo5uouHHdXqZUyulQ,Adriana Goncalves 11968460678,Vendas,Perdido,Hakon,,7af9e26d-c305-4dec-8499-2816cb5c7635,lost,,2026-07-17 17:47,2026-08-21 11:24,2026-08-21 11:24,DtQcuunhNpPsQvoYp7AD,Adriana Gonçalves,,,uQNgnn5W2rlgD4UEckTk
B_saiu_humano_mudanca_etapa_em_agosto,Sim,Data em que SAIU de Atendimento Humano (foi para a etapa atual). Passou por humano em agosto.,3xQJWzBtIqEciiu8TZxp,Isabella Farina 17992620876,Vendas,Perdido,Hifu,,7af9e26d-c305-4dec-8499-2816cb5c7635,lost,,2026-07-20 09:11,2026-08-21 11:38,2026-08-21 11:38,HRSNjHR0ecUu9Tk1Uk7i,Isabella Farina,,+5517992620876,uQNgnn5W2rlgD4UEckTk
B_saiu_humano_mudanca_etapa_em_agosto,Sim,Data em que SAIU de Atendimento Humano (foi para a etapa atual). Passou por humano em agosto.,LQmjamqclk0GroojZCZv,Dulcinete Santos 19993032294,Vendas,Perdido,Mpt,,7af9e26d-c305-4dec-8499-2816cb5c7635,lost,,2026-07-20 14:38,2026-08-21 11:41,2026-08-21 11:41,85Ls1Ysm1ujfIkme8qiL,Dulcinete Santos,dulcinetesantos@yahoo.com.br,+5519993032294,uQNgnn5W2rlgD4UEckTk
A_em_humano_entrada_ate_31ago,Sim,Data em que ENTROU ou REENTROU em Atendimento Humano (ex.: voltou de Perdido). Passou por humano em agosto.,1U3cOTFJjv6OiElteS87,Hayane de Sousa Machado 6993699208,Vendas,Atendimento Humano,,radiofrequência,2fc3880f-055e-4271-8ca2-0d1e624fa4ef,open,,2026-08-21 12:02,2026-08-21 12:02,2026-08-21 12:06,xxVUMWTNkHRHJ3oNTzBD,Hayane,,+556993699208,MQwUeTPdGWQQ0VwsaAVr
B_saiu_humano_mudanca_etapa_em_agosto,Sim,Data em que SAIU de Atendimento Humano (foi para a etapa atual). Passou por humano em agosto.,BS0W62SwgLT6FKMBunfy,Cristina Mendes 11976133919,Vendas,Perdido,Mpt,,7af9e26d-c305-4dec-8499-2816cb5c7635,lost,,2026-07-20 14:44,2026-08-21 12:18,2026-08-21 12:18,Jcu0Seaac2AdGXmKqond,Cristina Mendes,cristinapmendes.souza@gmail.com,+5511976133919,uQNgnn5W2rlgD4UEckTk
B_saiu_humano_mudanca_etapa_em_agosto,Sim,Data em que SAIU de Atendimento Humano (foi para a etapa atual). Passou por humano em agosto.,3YkQZtrlb0dEI0xtjkmo,Carlos Jose Vacca 11999258546,Vendas,Perdido,Mpt,,7af9e26d-c305-4dec-8499-2816cb5c7635,lost,,2026-07-20 16:24,2026-08-21 12:49,2026-08-21 12:49,hIMMofOWlwp8DMa9rt8Q,Carlos José vacca,cjosevacca@gmail.com,+5511999258546,uQNgnn5W2rlgD4UEckTk
B_saiu_humano_mudanca_etapa_em_agosto,Sim,Data em que SAIU de Atendimento Humano (foi para a etapa atual). Passou por humano em agosto.,qRXlqMttUdu2tORuBFex,Fernanda O Barros Damasceno 3299218013,Vendas,Em negociação,Hakon,,e6db12f0-1dc7-4eb4-bb85-d6b3d3070bce,open,,2026-07-21 10:57,2026-08-21 14:16,2026-08-21 14:16,PA67SUsyCst0LoTrM2Ns,Fernanda O Barros Damasceno,fernandabarrosjc61@gmail.com,+553299218013,uQNgnn5W2rlgD4UEckTk
B_saiu_humano_mudanca_etapa_em_agosto,Sim,Data em que SAIU de Atendimento Humano (foi para a etapa atual). Passou por humano em agosto.,FbfXkWSjvPIAq7A50ElV,Anna Carla Valeriote 22988443912,Vendas,Perdido,Omer Smart,,7af9e26d-c305-4dec-8499-2816cb5c7635,lost,,2026-07-21 14:52,2026-08-21 14:17,2026-08-21 14:17,srmMxF64y3k1AzAnTpzj,Anna Carla Valeriote,valeriote@live.com,+5522988443912,uQNgnn5W2rlgD4UEckTk
B_saiu_humano_mudanca_etapa_em_agosto,Sim,Data em que SAIU de Atendimento Humano (foi para a etapa atual). Passou por humano em agosto.,srFBZLvD9WK2vcRP20bk,Rubia Da Costa Silva,Vendas,Ganho,Omer Smart,,4a4f4cfd-fa71-4252-bbf6-baf3c5b4dc80,open,70000.11,2026-08-07 16:17,2026-08-21 14:31,2026-08-31 19:02,Gf80HXXaF3ygPt9jpwq2,RUBIA DA COSTA SILVA,rafaelacostapmu@gmail.com,+5511971364875,BadP83SqCkMIcyU9snIg
B_saiu_humano_mudanca_etapa_em_agosto,Sim,Data em que SAIU de Atendimento Humano (foi para a etapa atual). Passou por humano em agosto.,dWWEkkFVq6bwXAp3wUmb,Gabriela Carvalho 21965946554,Vendas,Perdido,Hakon,,7af9e26d-c305-4dec-8499-2816cb5c7635,lost,,2026-07-22 10:03,2026-08-21 14:32,2026-08-21 14:32,nlKoQWqDFXhLupaNHexm,Gabriela Carvalho,gabriela.kaio@yahoo.com,+5521965946554,uQNgnn5W2rlgD4UEckTk
B_saiu_humano_mudanca_etapa_em_agosto,Sim,Data em que SAIU de Atendimento Humano (foi para a etapa atual). Passou por humano em agosto.,aFnrGi8DO32RcUfEVg9o,Giseli Carla Buzzi 47 9944 2292,Vendas,Perdido,Hegon,,7af9e26d-c305-4dec-8499-2816cb5c7635,lost,,2026-06-08 17:17,2026-08-21 14:32,2026-08-21 14:32,tVcRWKY0UFhHOVWg6tVy,Giseli Carla Buzzi 47 9944-2292,giselicarla@yahoo.com.br,+554799442292,tOCTm6XWnrsTULwxhiav
B_saiu_humano_mudanca_etapa_em_agosto,Sim,Data em que SAIU de Atendimento Humano (foi para a etapa atual). Passou por humano em agosto.,nnhJUnnuykFoqiGa2Ygs,Heloisa 21 997593298,Vendas,Perdido,Hakon,,7af9e26d-c305-4dec-8499-2816cb5c7635,lost,,2026-06-25 09:31,2026-08-21 14:32,2026-08-21 14:32,IqxfBc8TX530XIQUE5t8,Heloísa,loy_mccarteney@hotmail.com,+5521997593298,tOCTm6XWnrsTULwxhiav
B_saiu_humano_mudanca_etapa_em_agosto,Sim,Data em que SAIU de Atendimento Humano (foi para a etapa atual). Passou por humano em agosto.,gS7SPRpWoDcXu99xowb9,Andre Soares 11959862009,Vendas,Perdido,Hakon,,7af9e26d-c305-4dec-8499-2816cb5c7635,lost,,2026-07-23 11:02,2026-08-21 14:33,2026-08-21 14:33,wgIG7Neb1tHzDM8pp2av,André Soares,andresoaresdossantoa@hotmail.com,+5511959862009,uQNgnn5W2rlgD4UEckTk
B_saiu_humano_mudanca_etapa_em_agosto,Sim,Data em que SAIU de Atendimento Humano (foi para a etapa atual). Passou por humano em agosto.,yc70Xua9SqeiyvShLThk,Daniela Goncalves 65992544416,Vendas,Perdido,Omer Smart,,7af9e26d-c305-4dec-8499-2816cb5c7635,lost,,2026-07-17 12:04,2026-08-21 14:33,2026-08-21 14:33,KaKstcKrrgPBnmXtkLDw,Clínica Daniela Gonçalves,danielapaulagoncalves@hotmail.com,+5565992544416,tOCTm6XWnrsTULwxhiav
B_saiu_humano_mudanca_etapa_em_agosto,Sim,Data em que SAIU de Atendimento Humano (foi para a etapa atual). Passou por humano em agosto.,pan4mEHnns63YQf3cNqE,Maria Clara Sasso Estetica 18996326547,Vendas,Perdido,Hakon,,7af9e26d-c305-4dec-8499-2816cb5c7635,lost,,2026-07-28 18:07,2026-08-21 14:33,2026-08-21 14:33,VsSU0nZtsRSllF076tHa,Maria Clara (Sasso Estética),mariaclarasasso98@hotmail.com,+5518996326547,tOCTm6XWnrsTULwxhiav
B_saiu_humano_mudanca_etapa_em_agosto,Sim,Data em que SAIU de Atendimento Humano (foi para a etapa atual). Passou por humano em agosto.,kGmlpkOUUUvxvP8fhUuw,Cristiane Padilha Ults,Vendas,Ganho,Omer Smart,,4a4f4cfd-fa71-4252-bbf6-baf3c5b4dc80,open,59669.78,2026-08-18 10:42,2026-08-21 14:34,2026-08-21 14:34,cYJznCuXaN75LSKarso8,CRISTIANE PADILHA ULTS,crisults@gmail.com,+554196768683,BadP83SqCkMIcyU9snIg
B_saiu_humano_mudanca_etapa_em_agosto,Sim,Data em que SAIU de Atendimento Humano (foi para a etapa atual). Passou por humano em agosto.,KeHghysWhLnXJtJTbCUl,Vanessa Correa (Studio21 Anápolis) 6292355434,Vendas,Perdido,Hakon,,7af9e26d-c305-4dec-8499-2816cb5c7635,lost,,2026-07-23 13:11,2026-08-21 14:40,2026-08-21 14:40,1M0dhhWOQTahXS7JKcdb,Studio21 Anápolis,,+556292355434,uQNgnn5W2rlgD4UEckTk
B_saiu_humano_mudanca_etapa_em_agosto,Sim,Data em que SAIU de Atendimento Humano (foi para a etapa atual). Passou por humano em agosto.,MPwCjfB7EmZPOYfJaNtY,Danielly Martins 61982756652,Vendas,Perdido,Hifu,,7af9e26d-c305-4dec-8499-2816cb5c7635,lost,,2026-07-17 16:28,2026-08-21 14:46,2026-08-21 14:46,EoXFzYLHntMagKyYRHg9,Danielly Martins,danimartinsx@hotmail.com,+5561982756652,tOCTm6XWnrsTULwxhiav
B_saiu_humano_mudanca_etapa_em_agosto,Sim,Data em que SAIU de Atendimento Humano (foi para a etapa atual). Passou por humano em agosto.,qEYIbgsDwhnhJ4swfoiN,Amanda Line Castanha 46999858188,Vendas,Perdido,Hakon,,7af9e26d-c305-4dec-8499-2816cb5c7635,lost,,2026-07-16 15:05,2026-08-21 14:47,2026-08-21 14:47,LVSxwRHDRc7iku1Owd3Q,Amanda line castanha,amanda_line_castanha@live.com,+5546999858188,tOCTm6XWnrsTULwxhiav
B_saiu_humano_mudanca_etapa_em_agosto,Sim,Data em que SAIU de Atendimento Humano (foi para a etapa atual). Passou por humano em agosto.,bCHh9meaisM2wCbKDidF,Claudia Medeiros 6299069356,Vendas,Perdido,Mpt,,7af9e26d-c305-4dec-8499-2816cb5c7635,lost,,2026-07-28 09:56,2026-08-21 14:48,2026-08-21 14:48,7h8qHyviEKcnOZsxLgLV,Cláudia Medeiros,claudia_.3@hotmail.com,+556299069356,tOCTm6XWnrsTULwxhiav
B_saiu_humano_mudanca_etapa_em_agosto,Sim,Data em que SAIU de Atendimento Humano (foi para a etapa atual). Passou por humano em agosto.,tEzm7GIyf1R8kXVqdp7U,Beatriz Silva 35997327422,Vendas,Perdido,Hifu,,7af9e26d-c305-4dec-8499-2816cb5c7635,lost,,2026-07-23 15:36,2026-08-21 14:49,2026-08-21 14:49,Fz6053RuQ5yuxB18Nd1P,Beatriz Silva,beatriz_andradef12@outlook.com,+5535997327422,tOCTm6XWnrsTULwxhiav
B_saiu_humano_mudanca_etapa_em_agosto,Sim,Data em que SAIU de Atendimento Humano (foi para a etapa atual). Passou por humano em agosto.,qzBCpcLobfFR9Ovmnjcr,Bianca Luz 12982292763,Vendas,Perdido,Omer Smart,,7af9e26d-c305-4dec-8499-2816cb5c7635,lost,,2026-07-14 08:53,2026-08-21 14:49,2026-08-21 14:49,8UkfpDq3dx4Ek6ODwcRx,Bianca Luz - Studio & Academy,buennobianca@gmail.com,+5512982292763,tOCTm6XWnrsTULwxhiav
A_em_humano_entrada_ate_31ago,Sim,Data em que ENTROU ou REENTROU em Atendimento Humano (ex.: voltou de Perdido). Passou por humano em agosto.,XuOztOG9AC97bOINEzFe,Angelica Ester 21981962851,Vendas,Atendimento Humano,,"enzimas para gordura localizada, flacidez e BCAA",2fc3880f-055e-4271-8ca2-0d1e624fa4ef,open,,2026-07-23 17:40,2026-08-21 14:52,2026-08-21 14:52,JRY31TspKV2EnghvY3BM,Angelica Ester,angelicaaguasanta@gmail.com,+5521981962851,MQwUeTPdGWQQ0VwsaAVr
B_saiu_humano_mudanca_etapa_em_agosto,Sim,Data em que SAIU de Atendimento Humano (foi para a etapa atual). Passou por humano em agosto.,NFvY5RVxdwswKnnM8sX1,Fabiana Soares Fonseca Franca 22998134271,Vendas,Perdido,Hifu,,7af9e26d-c305-4dec-8499-2816cb5c7635,lost,,2026-07-13 15:22,2026-08-21 14:52,2026-08-21 14:52,fCETL6jutzQ957AmDUCd,Fabiana Fonseca,clinicafabianafonseca@yahoo.com,+5522998134271,tOCTm6XWnrsTULwxhiav
B_saiu_humano_mudanca_etapa_em_agosto,Sim,Data em que SAIU de Atendimento Humano (foi para a etapa atual). Passou por humano em agosto.,Dg4BVrZHQxAoC71wroTO,Jaqueline Galdino 11996305909,Vendas,Perdido,Hifu,,7af9e26d-c305-4dec-8499-2816cb5c7635,lost,,2026-07-21 14:03,2026-08-21 14:53,2026-08-21 14:53,HCID4mn7Ww86L8OeKr2m,Jaqueline Galdino,jaquelinnesilva18@gmail.com,+5511996305909,tOCTm6XWnrsTULwxhiav
B_saiu_humano_mudanca_etapa_em_agosto,Sim,Data em que SAIU de Atendimento Humano (foi para a etapa atual). Passou por humano em agosto.,ovjkJaF5SgxUhYcefIyG,Dra Nathalia Ferreira 21998628773,Vendas,Perdido,Hakon,,7af9e26d-c305-4dec-8499-2816cb5c7635,lost,,2026-07-20 14:32,2026-08-21 14:54,2026-08-21 14:54,t8UgMmAZLYW7NWNgx8wJ,Estética Facial e Tricologia/ RJ | Dra Nathalia Ferreira,nathaliaferreira.cdc@gmail.com,+5521998628773,tOCTm6XWnrsTULwxhiav
B_saiu_humano_mudanca_etapa_em_agosto,Sim,Data em que SAIU de Atendimento Humano (foi para a etapa atual). Passou por humano em agosto.,OLn0vuBYCEdcAnvCUAno,Ana Maria 31933041038,Vendas,Perdido,Pisom,,7af9e26d-c305-4dec-8499-2816cb5c7635,lost,,2026-07-17 17:13,2026-08-21 14:55,2026-08-21 14:55,lMmdY2wpQ3PVoyCFcJC6,Ana Maria,,,tOCTm6XWnrsTULwxhiav
B_saiu_humano_mudanca_etapa_em_agosto,Sim,Data em que SAIU de Atendimento Humano (foi para a etapa atual). Passou por humano em agosto.,HZcUN2C7AMz4tbWJxi4o,Thamiris Godoy |Estetica Facial e Corporal  |Saúde Integrativa 21992702090,Vendas,Perdido,Hakon,,7af9e26d-c305-4dec-8499-2816cb5c7635,lost,,2026-07-31 08:19,2026-08-21 14:56,2026-08-21 14:56,8AD67IeFY19maTaa9E8l,Thamiris Godoy |Estetica Facial e Corporal |Saúde Integrativa,primoresteticabemestar@gmail.com,+5521992702090,tOCTm6XWnrsTULwxhiav
B_saiu_humano_mudanca_etapa_em_agosto,Sim,Data em que SAIU de Atendimento Humano (foi para a etapa atual). Passou por humano em agosto.,hCFU8L5lXSeCUWotyDCk,Acacio Roberto Dalsochio 47992791134,Vendas,Perdido,Omer Smart,,7af9e26d-c305-4dec-8499-2816cb5c7635,lost,,2026-07-23 17:10,2026-08-21 14:57,2026-08-21 14:57,TX7MNZUbfAqA9lpiJ050,Acácio Roberto Dalsochio,acaciotattoo@hotmail.com,+5547992791134,tOCTm6XWnrsTULwxhiav
B_saiu_humano_mudanca_etapa_em_agosto,Sim,Data em que SAIU de Atendimento Humano (foi para a etapa atual). Passou por humano em agosto.,SY9J8FidDG1vJO4Isev9,Rayssa Trindade 32999557310,Vendas,Perdido,Omer Smart,,7af9e26d-c305-4dec-8499-2816cb5c7635,lost,,2026-07-13 17:03,2026-08-21 14:57,2026-08-21 14:57,z1bUyhnuVMbIc0YBHFDj,Rayssa Trindade,rayssa.trindade@outlook.com,+5532999557310,tOCTm6XWnrsTULwxhiav
B_saiu_humano_mudanca_etapa_em_agosto,Sim,Data em que SAIU de Atendimento Humano (foi para a etapa atual). Passou por humano em agosto.,TDtDxQIyc351wzchkmCh,Paula Marian Barros 11914331829,Vendas,Perdido,Hakon,,7af9e26d-c305-4dec-8499-2816cb5c7635,lost,,2026-07-29 09:20,2026-08-21 14:58,2026-08-21 15:01,DbAzQ9lGii2EPNjzN7p8,Paula Marian Barros,barros.pmarian@gmail.com,+5511914331829,1Ft1gE5HxhbmDxM8Y372
B_saiu_humano_mudanca_etapa_em_agosto,Sim,Data em que SAIU de Atendimento Humano (foi para a etapa atual). Passou por humano em agosto.,M5TyJdkn2ZN6L0i66A0V,Simone Sala 27997451302,Vendas,Perdido,Hifu,,7af9e26d-c305-4dec-8499-2816cb5c7635,lost,,2026-07-30 08:29,2026-08-21 14:59,2026-08-21 14:59,k2o7rTitrQ5pheyLWUoX,Simone Sala,,+5527997451302,tOCTm6XWnrsTULwxhiav
B_saiu_humano_mudanca_etapa_em_agosto,Sim,Data em que SAIU de Atendimento Humano (foi para a etapa atual). Passou por humano em agosto.,zsSnwhJ9a6DGMKBICg9a,Renata Souza 22998856328,Vendas,Perdido,Hakon,,7af9e26d-c305-4dec-8499-2816cb5c7635,lost,,2026-07-20 13:56,2026-08-21 15:05,2026-08-21 15:05,yH6QsDFzzNYeYk8W8Dwj,Renata Souza,renatarrsouza@hotmail.com,+5522998856328,tOCTm6XWnrsTULwxhiav
B_saiu_humano_mudanca_etapa_em_agosto,Sim,Data em que SAIU de Atendimento Humano (foi para a etapa atual). Passou por humano em agosto.,ClhXCgglOcPYRC9olR8H,Cynthia Boetto 21975399303,Vendas,Perdido,,LaserDay,7af9e26d-c305-4dec-8499-2816cb5c7635,lost,,2026-08-09 13:25,2026-08-21 15:06,2026-08-21 15:06,8HhQdCuU5CNENmAcEJ0A,Cynthia Boetto,,+5521975399303,tOCTm6XWnrsTULwxhiav
B_saiu_humano_mudanca_etapa_em_agosto,Sim,Data em que SAIU de Atendimento Humano (foi para a etapa atual). Passou por humano em agosto.,v7IZdVtoNzBRoj4aE3Ne,Ranieli Ribeiro 27999500437,Vendas,Perdido,Omer Smart,,7af9e26d-c305-4dec-8499-2816cb5c7635,lost,,2026-07-14 11:37,2026-08-21 15:06,2026-08-21 15:06,teVLYdKLjeba9Wwm0DEu,Ranieli Ribeiro,rany_ra@hotmail.com,+5527999500437,tOCTm6XWnrsTULwxhiav
B_saiu_humano_mudanca_etapa_em_agosto,Sim,Data em que SAIU de Atendimento Humano (foi para a etapa atual). Passou por humano em agosto.,mg0oEa8jF4LGBQVHJTuf,Aquila Maiandra 33991978878,Vendas,Perdido,Hakon,,7af9e26d-c305-4dec-8499-2816cb5c7635,lost,,2026-07-27 14:57,2026-08-21 15:07,2026-08-21 15:07,TPCgzhMPSSvJm4xZcn1z,Aquila Maiandra,aquilamaiandra@hotmail.com,+5533991978878,tOCTm6XWnrsTULwxhiav
B_saiu_humano_mudanca_etapa_em_agosto,Sim,Data em que SAIU de Atendimento Humano (foi para a etapa atual). Passou por humano em agosto.,qhneJOFP5gp6BkIPtST8,Dra Rejiane Souza 21983299625,Vendas,Perdido,Hakon,,7af9e26d-c305-4dec-8499-2816cb5c7635,lost,,2026-07-22 09:03,2026-08-21 15:08,2026-08-21 15:08,q1bdH7BfQzEuObyEcUUb,Dra Rejiane Souza| Harmonização Facial RJ,rejianesouza06@gmail.com.br,+5521983299625,tOCTm6XWnrsTULwxhiav
B_saiu_humano_mudanca_etapa_em_agosto,Sim,Data em que SAIU de Atendimento Humano (foi para a etapa atual). Passou por humano em agosto.,m6TwLcNChP71xJ8ByAVP,Alexandre Marques 12982540793,Vendas,Perdido,Hakon,,7af9e26d-c305-4dec-8499-2816cb5c7635,lost,,2026-07-27 14:57,2026-08-21 15:09,2026-08-21 15:09,Y3ulBxfS5JWsxcU69hxc,Alexandre Marques,alexandremarques0615@gmail.com,+5512982540793,tOCTm6XWnrsTULwxhiav
B_saiu_humano_mudanca_etapa_em_agosto,Sim,Data em que SAIU de Atendimento Humano (foi para a etapa atual). Passou por humano em agosto.,4tlI32ehevwVSsv7tgVM,Cyntia Zainic 22999154760,Vendas,Perdido,Mpt,,7af9e26d-c305-4dec-8499-2816cb5c7635,lost,,2026-07-27 14:57,2026-08-21 15:09,2026-08-21 15:09,6hWL0BXULrh4pULEFb62,Cyntia Zainic,cyntia.zainic@hotmail.com,+5522999154760,tOCTm6XWnrsTULwxhiav
B_saiu_humano_mudanca_etapa_em_agosto,Sim,Data em que SAIU de Atendimento Humano (foi para a etapa atual). Passou por humano em agosto.,at4HnWYObdNkv1dFMqRA,Nice Duarte 51993984194,Vendas,Perdido,Omer Smart,,7af9e26d-c305-4dec-8499-2816cb5c7635,lost,,2026-07-24 11:13,2026-08-21 15:09,2026-08-21 15:09,uPcgJsf2kNmfPhkBppsy,Nice Duarte,,+5551993984194,tOCTm6XWnrsTULwxhiav
B_saiu_humano_mudanca_etapa_em_agosto,Sim,Data em que SAIU de Atendimento Humano (foi para a etapa atual). Passou por humano em agosto.,2UtlzEjMZMJT7cwZVV5F,Rafaela Lima 37999522193,Vendas,Perdido,Hakon,,7af9e26d-c305-4dec-8499-2816cb5c7635,lost,,2026-06-23 09:15,2026-08-21 15:10,2026-08-21 15:10,OWC0PqFCUODG2MXViiwL,Rafaela Lima,rafaellapereira150@gmail.com,+5537999522193,tOCTm6XWnrsTULwxhiav
B_saiu_humano_mudanca_etapa_em_agosto,Sim,Data em que SAIU de Atendimento Humano (foi para a etapa atual). Passou por humano em agosto.,tzrcPP3qBG5a05Nz2Gip,Daniele Pinheiro 21977505409,Vendas,Perdido,Hakon,,7af9e26d-c305-4dec-8499-2816cb5c7635,lost,,2026-07-15 15:20,2026-08-21 15:11,2026-08-21 15:11,IQNioCUG3wsjDmJkflYp,Daniele Pinheiro,danyfisio.dermato@gmail.com,+5521977505409,tOCTm6XWnrsTULwxhiav
B_saiu_humano_mudanca_etapa_em_agosto,Sim,Data em que SAIU de Atendimento Humano (foi para a etapa atual). Passou por humano em agosto.,dlzvYIMIBRWGDEauQbnG,Tatiane Souza 21976053001,Vendas,Perdido,Hakon,,7af9e26d-c305-4dec-8499-2816cb5c7635,lost,,2026-07-20 12:39,2026-08-21 15:11,2026-08-21 15:11,5cHwzCsieXgGgxcX93h6,Tatiane Souza,tatianesouza8438@gmail.com,+5521976053001,tOCTm6XWnrsTULwxhiav
B_saiu_humano_mudanca_etapa_em_agosto,Sim,Data em que SAIU de Atendimento Humano (foi para a etapa atual). Passou por humano em agosto.,INeRt88pfgGJ0Gu0hjrQ,Adriana Mota de Oliveira Vieira 34988011606,Vendas,Perdido,Hifu,,7af9e26d-c305-4dec-8499-2816cb5c7635,lost,,2026-07-28 16:58,2026-08-21 15:12,2026-08-21 15:12,S3v0rY6Dnqi14ihC6qSs,Adriana Mota de Oliveira Vieira,adrianamotaov@gmail.com,+5534988011606,tOCTm6XWnrsTULwxhiav
B_saiu_humano_mudanca_etapa_em_agosto,Sim,Data em que SAIU de Atendimento Humano (foi para a etapa atual). Passou por humano em agosto.,nxswj1ypPuzmPFpixCU6,Jaqueline Palmiere 19993074011,Vendas,Perdido,Hifu,,7af9e26d-c305-4dec-8499-2816cb5c7635,lost,,2026-07-31 12:12,2026-08-21 15:14,2026-08-21 15:14,YC4c6DIDDt8eeTDREPI7,Jaqueline palmiere,naturalforma.j@hotmail.com,+5519993074011,tOCTm6XWnrsTULwxhiav
B_saiu_humano_mudanca_etapa_em_agosto,Sim,Data em que SAIU de Atendimento Humano (foi para a etapa atual). Passou por humano em agosto.,7A64piFfcXxUTXbg4yUN,Dra Karla Uchôa 21987111400,Vendas,Perdido,,,7af9e26d-c305-4dec-8499-2816cb5c7635,lost,,2026-08-03 09:21,2026-08-21 15:15,2026-08-21 15:15,TfUq4724iw7HQczBNxJZ,Dra Karla Uchôa,karlauchoa7@hotmail.com,+5521987111400,tOCTm6XWnrsTULwxhiav
B_saiu_humano_mudanca_etapa_em_agosto,Sim,Data em que SAIU de Atendimento Humano (foi para a etapa atual). Passou por humano em agosto.,5TQkg781L4V0UOsWvhvX,Solange 48996483403,Vendas,Perdido,,,7af9e26d-c305-4dec-8499-2816cb5c7635,lost,,2026-08-03 09:21,2026-08-21 15:15,2026-08-21 15:15,tK8KSOUT50jMUq6F1Z8U,Solange,sol@outlook.com.br,+5548996483403,tOCTm6XWnrsTULwxhiav
B_saiu_humano_mudanca_etapa_em_agosto,Sim,Data em que SAIU de Atendimento Humano (foi para a etapa atual). Passou por humano em agosto.,HCpdiEOtbN7OZB80LCSx,Cleo Silva 11987504636,Vendas,Perdido,,,7af9e26d-c305-4dec-8499-2816cb5c7635,lost,,2026-08-04 18:23,2026-08-21 15:16,2026-08-21 15:16,JoZBWzE41XieVptnfA3R,Cleo Silva Silva,cleo_mi@hotmail.com,+5511987504636,tOCTm6XWnrsTULwxhiav
B_saiu_humano_mudanca_etapa_em_agosto,Sim,Data em que SAIU de Atendimento Humano (foi para a etapa atual). Passou por humano em agosto.,8eSV4yTVIFOp7nip9mrU,Rivia Juh 38992658157,Vendas,Perdido,Hakon,,7af9e26d-c305-4dec-8499-2816cb5c7635,lost,,2026-07-23 15:43,2026-08-21 15:16,2026-08-21 15:16,HCxl6TOOY2W7hi0VMEhA,Rívia Júh,riviajulianafernandes@gmail.com,+5538992658157,uQNgnn5W2rlgD4UEckTk
B_saiu_humano_mudanca_etapa_em_agosto,Sim,Data em que SAIU de Atendimento Humano (foi para a etapa atual). Passou por humano em agosto.,962umfn2KTcjkNB1JBYO,Shauana Netto 49999406550,Vendas,Perdido,Omer Smart,,7af9e26d-c305-4dec-8499-2816cb5c7635,lost,,2026-08-03 16:46,2026-08-21 15:16,2026-08-21 15:16,2anxHyGfuqC05bA02GyZ,Shauana Netto,,+5549999406550,tOCTm6XWnrsTULwxhiav
B_saiu_humano_mudanca_etapa_em_agosto,Sim,Data em que SAIU de Atendimento Humano (foi para a etapa atual). Passou por humano em agosto.,VtqA2iz4JQPWJU19rGNC,Dra Giovanna Miranda 14996360507,Vendas,Perdido,Mpt,,7af9e26d-c305-4dec-8499-2816cb5c7635,lost,,2026-08-05 12:00,2026-08-21 15:17,2026-08-21 15:17,pI8s7lGLK52PWEyrxDqs,Dra Giovanna Miranda,,+5514996360507,tOCTm6XWnrsTULwxhiav
B_saiu_humano_mudanca_etapa_em_agosto,Sim,Data em que SAIU de Atendimento Humano (foi para a etapa atual). Passou por humano em agosto.,yEBDVBdOg38gZnZzytiV,Karina Goncalves 12997080669,Vendas,Perdido,Hakon,,7af9e26d-c305-4dec-8499-2816cb5c7635,lost,,2026-07-23 17:19,2026-08-21 15:24,2026-08-21 15:24,F9OdjNV69bztW4Wy0KXQ,Karina Gonçalves | Cilios e cursos,karinaparecidag2002@hotmail.com,+5512997080669,uQNgnn5W2rlgD4UEckTk
B_saiu_humano_mudanca_etapa_em_agosto,Sim,Data em que SAIU de Atendimento Humano (foi para a etapa atual). Passou por humano em agosto.,TGiiRXD5w4X8FEpv7RsA,Marta 16991530971,Vendas,Perdido,Hifu,,7af9e26d-c305-4dec-8499-2816cb5c7635,lost,,2026-08-05 15:18,2026-08-21 15:25,2026-08-21 15:25,i8lpxs1w0m6esTbZBf8N,Marta,mbarbieri@icloud.com,+5516991530971,tOCTm6XWnrsTULwxhiav
B_saiu_humano_mudanca_etapa_em_agosto,Sim,Data em que SAIU de Atendimento Humano (foi para a etapa atual). Passou por humano em agosto.,B2ZhEAUerVjNLvTLyOgM,Carlise Piffer 55997235605,Vendas,Perdido,Hakon,,7af9e26d-c305-4dec-8499-2816cb5c7635,lost,,2026-08-05 17:20,2026-08-21 15:26,2026-08-21 15:26,YCsoU73iNhZV2iHsiKNl,Carlise Piffer,lisepiffer1988@gmail.com,+5555997235605,tOCTm6XWnrsTULwxhiav
B_saiu_humano_mudanca_etapa_em_agosto,Sim,Data em que SAIU de Atendimento Humano (foi para a etapa atual). Passou por humano em agosto.,QMX1xkTEcXMrczmsMjTI,Raquel Virgini 11998036866,Vendas,Perdido,Mpt,,7af9e26d-c305-4dec-8499-2816cb5c7635,lost,,2026-07-24 09:47,2026-08-21 15:26,2026-08-21 15:26,du9n0UfC0ey1LewMxxiJ,Raquel Virgíni,quelfernandesbio@outlook.com,+5511998036866,uQNgnn5W2rlgD4UEckTk
B_saiu_humano_mudanca_etapa_em_agosto,Sim,Data em que SAIU de Atendimento Humano (foi para a etapa atual). Passou por humano em agosto.,GMEyXIP8Y6rvjBjpUkzx,Alexandre Silva 11974366207,Vendas,Perdido,,,7af9e26d-c305-4dec-8499-2816cb5c7635,lost,,2026-08-06 11:35,2026-08-21 15:28,2026-08-21 15:28,S9GcwGSjVUyPAfItpljW,Alexandre Silva,alexandrewilsons@gmail.com,+5511974366207,tOCTm6XWnrsTULwxhiav
B_saiu_humano_mudanca_etapa_em_agosto,Sim,Data em que SAIU de Atendimento Humano (foi para a etapa atual). Passou por humano em agosto.,2VS4QO08yWeWuJcMgXca,Luciana Souza 64981327387,Vendas,Perdido,Hifu,,7af9e26d-c305-4dec-8499-2816cb5c7635,lost,,2026-07-24 11:49,2026-08-21 15:29,2026-08-21 15:29,KEcqf5rA9AjRNUrVmvmG,Luciana Souza,drluciana48@hotmail.com,+5564981327387,uQNgnn5W2rlgD4UEckTk
B_saiu_humano_mudanca_etapa_em_agosto,Sim,Data em que SAIU de Atendimento Humano (foi para a etapa atual). Passou por humano em agosto.,1Eboivs5pZ6ouHaQZ0vP,Mônica (Clínica Nikabella Beauty) 21993480502,Vendas,Perdido,Mpt,,7af9e26d-c305-4dec-8499-2816cb5c7635,lost,,2026-08-07 10:50,2026-08-21 15:31,2026-08-21 15:31,4VAkCJFTwZ25qfpOp9Ww,Monica Gomes Rodrigues dos Santos,nikabellabeauty@gmail.com,+5521993480502,tOCTm6XWnrsTULwxhiav
B_saiu_humano_mudanca_etapa_em_agosto,Sim,Data em que SAIU de Atendimento Humano (foi para a etapa atual). Passou por humano em agosto.,rRt6yu3ugVAzrEbrN7q9,Daniele Teixeira 21998754845,Vendas,Em negociação,Hakon,,e6db12f0-1dc7-4eb4-bb85-d6b3d3070bce,open,,2026-07-24 17:32,2026-08-21 15:32,2026-08-21 15:32,uFXPOxMqvrsyu6ndFtHn,Daniele Teixeira,danielecteixeira@hotmail.com,+5521998754845,uQNgnn5W2rlgD4UEckTk
B_saiu_humano_mudanca_etapa_em_agosto,Sim,Data em que SAIU de Atendimento Humano (foi para a etapa atual). Passou por humano em agosto.,Wr7jjaIl6CDXytbwREMQ,Giovany Maximo 27999291146,Vendas,Perdido,Hegon,,7af9e26d-c305-4dec-8499-2816cb5c7635,lost,,2026-08-07 15:43,2026-08-21 15:32,2026-08-21 15:32,ZONcOL9tGF8kqVe1W4QE,Giovany Maximo,giovany.maximo@hotmail.com,+5527999291146,tOCTm6XWnrsTULwxhiav
B_saiu_humano_mudanca_etapa_em_agosto,Sim,Data em que SAIU de Atendimento Humano (foi para a etapa atual). Passou por humano em agosto.,wiXgSkIfTSaQW0igh749,Fernanda Arruda 11944491628,Vendas,Perdido,Hakon,,7af9e26d-c305-4dec-8499-2816cb5c7635,lost,,2026-08-10 12:52,2026-08-21 15:33,2026-08-21 15:33,cYq30lzYzYgtKKQT8Jgp,Fernanda Arruda,fernandarruda8@gmail.com,+5511944491628,tOCTm6XWnrsTULwxhiav
B_saiu_humano_mudanca_etapa_em_agosto,Sim,Data em que SAIU de Atendimento Humano (foi para a etapa atual). Passou por humano em agosto.,dWXPm4p7XX5yalYDPQjA,Gizele Primani Ramos 17997142006,Vendas,Perdido,Hifu,,7af9e26d-c305-4dec-8499-2816cb5c7635,lost,,2026-08-11 14:10,2026-08-21 15:34,2026-08-21 15:34,zqeHnQ2XNw9Z9tWXQTpO,Gizele Primani Ramos,gi_primani@hotmail.com,+5517997142006,tOCTm6XWnrsTULwxhiav
B_saiu_humano_mudanca_etapa_em_agosto,Sim,Data em que SAIU de Atendimento Humano (foi para a etapa atual). Passou por humano em agosto.,NtiHAxYeewkdiEH85Exf,Ana Paula Ramos 31997716701,Vendas,Perdido,Hakon,,7af9e26d-c305-4dec-8499-2816cb5c7635,lost,,2026-07-27 08:51,2026-08-21 15:35,2026-08-21 15:35,4RFM12T4oAT2mbAyUFfv,Ana Paula Ramos,hpalinha77@gmail.com,+5531997716701,uQNgnn5W2rlgD4UEckTk
B_saiu_humano_mudanca_etapa_em_agosto,Sim,Data em que SAIU de Atendimento Humano (foi para a etapa atual). Passou por humano em agosto.,FIbfZowmH7bj8AarlsXV,Maria Ghiraldi 15998366749,Vendas,Perdido,Hakon,,7af9e26d-c305-4dec-8499-2816cb5c7635,lost,,2026-08-14 16:37,2026-08-21 15:37,2026-08-21 15:37,2VimQzZIfghurONbtaO8,Maria laura ciconello ghiraldi,maahriaghiraldi@gmail.com,+5515998366749,tOCTm6XWnrsTULwxhiav
B_saiu_humano_mudanca_etapa_em_agosto,Sim,Data em que SAIU de Atendimento Humano (foi para a etapa atual). Passou por humano em agosto.,SivwTC5NMu8CS4beNc1u,Dra Jessica Cilla 41992865211,Vendas,Perdido,Hegon,,7af9e26d-c305-4dec-8499-2816cb5c7635,lost,,2026-07-13 09:31,2026-08-21 15:39,2026-08-21 15:39,mgoQsWlCzsk58ravQA1K,Dra Jéssica Cilla/ Harmonização Facial,jessy_cilla@msn.com,+5541992865211,tOCTm6XWnrsTULwxhiav
A_em_humano_entrada_ate_31ago,Sim,Data em que ENTROU ou REENTROU em Atendimento Humano (ex.: voltou de Perdido). Passou por humano em agosto.,iQwYM35kiCBHeM8HKyHG,Josane da Rocha 21982140513,Vendas,Atendimento Humano,Mpt,,2fc3880f-055e-4271-8ca2-0d1e624fa4ef,open,,2026-08-21 15:39,2026-08-21 15:39,2026-08-21 15:39,gdMSVK1cMrJmujFPleYV,Josane da Rocha,drajosane@ig.com.br,+5521982140513,BadP83SqCkMIcyU9snIg
B_saiu_humano_mudanca_etapa_em_agosto,Sim,Data em que SAIU de Atendimento Humano (foi para a etapa atual). Passou por humano em agosto.,vDHNVLL4325r2FblOjec,Suellen Spadotto 14997489376,Vendas,Perdido,Hakon,,7af9e26d-c305-4dec-8499-2816cb5c7635,lost,,2026-07-27 08:51,2026-08-21 15:42,2026-08-21 15:42,vSB0GIcADsXBptuvOiWN,Suellen Spadotto,spadottosuellen@gmail.com,+5514997489376,uQNgnn5W2rlgD4UEckTk
B_saiu_humano_mudanca_etapa_em_agosto,Sim,Data em que SAIU de Atendimento Humano (foi para a etapa atual). Passou por humano em agosto.,MjMbgJaYMu0wsFqcUWvj,Mariah Aparecida dos Santos 11952112301,Vendas,Perdido,Hakon,,7af9e26d-c305-4dec-8499-2816cb5c7635,lost,,2026-07-27 08:51,2026-08-21 15:51,2026-08-21 15:51,AVreNUUQNwE1BksKSu5m,Mariah Aparecida dos Santos,cydalopes36@yahoo.com.br,+5511952112301,uQNgnn5W2rlgD4UEckTk
B_saiu_humano_mudanca_etapa_em_agosto,Sim,Data em que SAIU de Atendimento Humano (foi para a etapa atual). Passou por humano em agosto.,s8kqHotXGqvok0ML2OoJ,Carolina Drumond 31984274410,Vendas,Perdido,Hakon,,7af9e26d-c305-4dec-8499-2816cb5c7635,lost,,2026-07-27 08:51,2026-08-21 15:53,2026-08-21 15:53,YiYgwGzp2tmdbnOkkEqW,Carolina Drumond,banahnegocios@gmail.com,+5531984274410,uQNgnn5W2rlgD4UEckTk
B_saiu_humano_mudanca_etapa_em_agosto,Sim,Data em que SAIU de Atendimento Humano (foi para a etapa atual). Passou por humano em agosto.,zFBMForFz1HRLCvdBlpm,Dr. José Neto Sanches | Cirurgião Orofacial 44998181003,Vendas,Em negociação,Hegon,,e6db12f0-1dc7-4eb4-bb85-d6b3d3070bce,open,,2026-07-27 14:56,2026-08-21 16:07,2026-08-21 16:07,nCpCkwXHwZenSdfbOfry,Dr. José Neto Sanches | Cirurgião Orofacial,netomatiassanches@gmail.com,+5544998181003,BadP83SqCkMIcyU9snIg
A_em_humano_entrada_ate_31ago,Sim,Data em que ENTROU ou REENTROU em Atendimento Humano (ex.: voltou de Perdido). Passou por humano em agosto.,NSO9L4NUDoDrxGCohABo,Joice Geórgia 48991259103,Vendas,Atendimento Humano,Hegon,,2fc3880f-055e-4271-8ca2-0d1e624fa4ef,open,,2026-08-21 16:29,2026-08-21 16:29,2026-08-21 16:29,lDUTJ0SZ9DWc1dJQTER3,Joice Geórgia | Dentista,joiceleonat@hotmail.com,+5548991259103,zmYKEchnhQE7052CtHqP
B_saiu_humano_mudanca_etapa_em_agosto,Sim,Data em que SAIU de Atendimento Humano (foi para a etapa atual). Passou por humano em agosto.,rukWbd1Y8YcCeH950uYM,Michelly Bergamin Lima 27996327273,Vendas,Perdido,Hifu,,7af9e26d-c305-4dec-8499-2816cb5c7635,lost,,2026-07-28 16:59,2026-08-21 16:38,2026-08-21 16:38,Vh6NRKgKQUWxGz1saoQQ,Michelly Bergamin Lima,mimybergamin@outlook.com,+5527996327273,uQNgnn5W2rlgD4UEckTk
B_saiu_humano_mudanca_etapa_em_agosto,Sim,Data em que SAIU de Atendimento Humano (foi para a etapa atual). Passou por humano em agosto.,72nfURIgXe1rCEq1zv7R,Isaías Dutra da Silva 21978914600,Vendas,Em negociação,"Hakon, Omer Smart",,e6db12f0-1dc7-4eb4-bb85-d6b3d3070bce,open,,2026-07-29 13:32,2026-08-21 16:46,2026-08-24 11:05,wd5wNtPGKjF1dFSwvPpd,Isaías Dutra da Silva,naldokkaj165@gmail.com,+5521978914600,uQNgnn5W2rlgD4UEckTk
B_saiu_humano_mudanca_etapa_em_agosto,Sim,Data em que SAIU de Atendimento Humano (foi para a etapa atual). Passou por humano em agosto.,YlBYAbPVSRhboN0jrSNZ,Rose Oliveira Martins  11982019529,Vendas,Em negociação,Pisom,,e6db12f0-1dc7-4eb4-bb85-d6b3d3070bce,open,,2026-07-20 16:47,2026-08-21 16:47,2026-08-21 16:47,h2i1qFeqGsdlesW8kbLp,Rose Oliveira Martins,roliveira2008@uol.com.br,+5511982019529,BadP83SqCkMIcyU9snIg
B_saiu_humano_mudanca_etapa_em_agosto,Sim,Data em que SAIU de Atendimento Humano (foi para a etapa atual). Passou por humano em agosto.,SaCtpwRn4nVw0AMCTGpb,Luciana Moraes 21964995464,Vendas,Perdido,Omer Smart,,7af9e26d-c305-4dec-8499-2816cb5c7635,lost,,2026-07-30 14:24,2026-08-21 17:05,2026-08-21 17:05,OZkkwjxUILQsGHHVNj0p,Luciana Moraes,lucianamoraes2007@gmail.com,+5521964995464,uQNgnn5W2rlgD4UEckTk
B_saiu_humano_mudanca_etapa_em_agosto,Sim,Data em que SAIU de Atendimento Humano (foi para a etapa atual). Passou por humano em agosto.,gGrqdzWw03sJDHc0XYV1,Marilan Oliveira 11966503166,Vendas,Análise de crédito,Hakon,,4d5ec528-ca3b-4aa3-b51c-f0686751215e,open,,2026-08-20 23:15,2026-08-24 08:21,2026-08-24 08:21,kTgtWZaLczsZVMHpzy40,Marilan Oliveira,marilanoliveira7461@gmail.com,+5511966503166,RLFBFjdepFmmmouejXz7
A_em_humano_entrada_ate_31ago,Sim,Data em que ENTROU ou REENTROU em Atendimento Humano (ex.: voltou de Perdido). Passou por humano em agosto.,bvVfEHoLIqRnZjjbqU1q,Dra Rosana Coelho 21972004440,Vendas,Atendimento Humano,Mpt,,2fc3880f-055e-4271-8ca2-0d1e624fa4ef,open,,2026-08-24 05:06,2026-08-24 08:50,2026-08-24 08:50,xgq0RIOWKM8mKkjYjnqd,Dra Rosana Coelho,rosencoelhofarma@gmail.com,+5521972004440,zmYKEchnhQE7052CtHqP
A_em_humano_entrada_ate_31ago,Sim,Data em que ENTROU ou REENTROU em Atendimento Humano (ex.: voltou de Perdido). Passou por humano em agosto.,MA5vxqy02giCih41bDJK,Andrezza Reis 21968181050,Vendas,Atendimento Humano,Omer Smart,,2fc3880f-055e-4271-8ca2-0d1e624fa4ef,open,,2026-08-24 09:10,2026-08-24 09:10,2026-08-24 09:11,gHL3JLfyCMD9K2FLTmgj,Andrezza Reis,,+5521968181050,rho3es8TSsZGEXvZ2Zsq
A_em_humano_entrada_ate_31ago,Sim,Data em que ENTROU ou REENTROU em Atendimento Humano (ex.: voltou de Perdido). Passou por humano em agosto.,JzA0KOHwEqJQCkIzgkow,Leonardo De Oliveira Coelho 21981451919,Vendas,Atendimento Humano,Mpt,,2fc3880f-055e-4271-8ca2-0d1e624fa4ef,open,,2026-08-24 09:18,2026-08-24 09:18,2026-08-24 09:18,qGdtgF3AM9HdKH5mw9tF,Leonardo De Oliveira Coelho,leopoliteia@gmail.com,+5521981451919,tOCTm6XWnrsTULwxhiav
A_em_humano_entrada_ate_31ago,Sim,Data em que ENTROU ou REENTROU em Atendimento Humano (ex.: voltou de Perdido). Passou por humano em agosto.,mxwH4LmtMVv7F73rZlq5,Dra Juliana Pravatto 18997140542,Vendas,Atendimento Humano,Hegon,,2fc3880f-055e-4271-8ca2-0d1e624fa4ef,open,,2026-08-24 09:51,2026-08-24 09:51,2026-08-24 09:51,xRfv4POpIJLTM91zV8x6,Dra Juliana Pravatto,jupravatto@yahoo.com.br,+5518997140542,BadP83SqCkMIcyU9snIg
B_saiu_humano_mudanca_etapa_em_agosto,Sim,Data em que SAIU de Atendimento Humano (foi para a etapa atual). Passou por humano em agosto.,6rfdWlhx1TGEHj8rYxlr,Dr Luiz,Vendas,Perdido,,,7af9e26d-c305-4dec-8499-2816cb5c7635,lost,,2026-08-18 15:38,2026-08-24 09:56,2026-08-24 09:56,dVyjTcWEa6tyqvl6RhR6,Dr. Luiz,,+5511971904560,1Ft1gE5HxhbmDxM8Y372
B_saiu_humano_mudanca_etapa_em_agosto,Sim,Data em que SAIU de Atendimento Humano (foi para a etapa atual). Passou por humano em agosto.,n86umnluY4yWbCdSh14o,Rosangela Andrade 11981546978,Vendas,Perdido,,,7af9e26d-c305-4dec-8499-2816cb5c7635,lost,,2026-08-04 18:23,2026-08-24 10:01,2026-08-24 10:01,h8wBrxNpZLbIc9JTfk9c,Rosangela Andrade Andrade,ro.ro.andrade@hotmail.com,+5511981546978,1Ft1gE5HxhbmDxM8Y372
A_em_humano_entrada_ate_31ago,Sim,Data em que ENTROU ou REENTROU em Atendimento Humano (ex.: voltou de Perdido). Passou por humano em agosto.,vomIOhUKBXPpzHZCK3Db,Caroline Da Costa 44991819870,Vendas,Atendimento Humano,Hegon,,2fc3880f-055e-4271-8ca2-0d1e624fa4ef,open,,2026-08-23 12:04,2026-08-24 10:28,2026-08-24 10:28,KR4pZfUYisIUPw2v6dd7,Caroline Da Costa,wallinacarol.mga@gmail.com,+5544991819870,1Ft1gE5HxhbmDxM8Y372
A_em_humano_entrada_ate_31ago,Sim,Data em que ENTROU ou REENTROU em Atendimento Humano (ex.: voltou de Perdido). Passou por humano em agosto.,klpIZpAeMQWOSYZlhECm,Letícia Cristina da Silva 16992755445,Vendas,Atendimento Humano,Omer Smart,,2fc3880f-055e-4271-8ca2-0d1e624fa4ef,open,,2026-08-24 11:20,2026-08-24 11:20,2026-08-24 11:21,lT3dQBdq40AOlmXgKrwI,Letícia Cristina da Silva,,+5516992755445,RLFBFjdepFmmmouejXz7
A_em_humano_entrada_ate_31ago,Sim,Data em que ENTROU ou REENTROU em Atendimento Humano (ex.: voltou de Perdido). Passou por humano em agosto.,2hkEblpxhS5z5UKGMsuW,Dr Roberto Cressoni 11986571856,Vendas,Atendimento Humano,Hegon,,2fc3880f-055e-4271-8ca2-0d1e624fa4ef,open,,2026-08-24 11:28,2026-08-24 11:28,2026-08-24 11:28,3CTIe54bGmKA11nkFq9w,Dr Roberto Cressoni,cressonimc@hotmail.com,+5511986571856,BadP83SqCkMIcyU9snIg
A_em_humano_entrada_ate_31ago,Sim,Data em que ENTROU ou REENTROU em Atendimento Humano (ex.: voltou de Perdido). Passou por humano em agosto.,8NyZn3JfRApaaf1pEvoz,Juarez 22988728442,Vendas,Atendimento Humano,Omer Smart,,2fc3880f-055e-4271-8ca2-0d1e624fa4ef,open,,2026-08-24 11:36,2026-08-24 11:36,2026-08-24 11:36,bMR0sOyGpKFwtzYPGqIi,Juarez,,+5522988728442,rho3es8TSsZGEXvZ2Zsq
A_em_humano_entrada_ate_31ago,Sim,Data em que ENTROU ou REENTROU em Atendimento Humano (ex.: voltou de Perdido). Passou por humano em agosto.,QIoC9RKEi2wILZSxJKiR,Vanessa Galvão 35997450777,Vendas,Atendimento Humano,Hakon,,2fc3880f-055e-4271-8ca2-0d1e624fa4ef,open,,2026-08-24 11:45,2026-08-24 11:45,2026-08-24 11:45,qxkOvYteGVVacWrfnXfu,Vanessa Galvão,vanessa.pgalvao@hotmail.com,+5535997450777,HcJsCFZY6ZVs0eeXH2lq
A_em_humano_entrada_ate_31ago,Sim,Data em que ENTROU ou REENTROU em Atendimento Humano (ex.: voltou de Perdido). Passou por humano em agosto.,KjT5IvK6icL35KP7enau,Ella Studio 11952675297,Vendas,Atendimento Humano,Omer Smart,,2fc3880f-055e-4271-8ca2-0d1e624fa4ef,open,,2026-08-22 14:31,2026-08-24 11:50,2026-08-24 11:50,6O0sZqvrjpk8Cu1HNkN4,Ella Studio,ricardo_estounafoto@hotmail.com,+5511952675297,RLFBFjdepFmmmouejXz7
B_saiu_humano_mudanca_etapa_em_agosto,Sim,Data em que SAIU de Atendimento Humano (foi para a etapa atual). Passou por humano em agosto.,elDQRQjtyTzHEs1I3F3G,Camila Santos 22999884020,Vendas,Perdido,Hakon,,7af9e26d-c305-4dec-8499-2816cb5c7635,lost,,2026-07-27 14:57,2026-08-24 13:40,2026-08-24 13:40,w3tsjDkMSJOgYv48U9dq,Camila Santos,camila.santos.camilo@hotmail.com,+552299884020,uQNgnn5W2rlgD4UEckTk
A_em_humano_entrada_ate_31ago,Sim,Data em que ENTROU ou REENTROU em Atendimento Humano (ex.: voltou de Perdido). Passou por humano em agosto.,7L6wzqNttH4sqcpJVOCj,Felipe Alves 13997232771,Vendas,Atendimento Humano,Omer Smart,,2fc3880f-055e-4271-8ca2-0d1e624fa4ef,open,,2026-08-23 12:53,2026-08-24 13:41,2026-08-24 13:42,YVzh2fBt142Dfllo4SFY,Felipe Alves,felipeao1979@bol.com.br,+5513997232771,RLFBFjdepFmmmouejXz7
A_em_humano_entrada_ate_31ago,Sim,Data em que ENTROU ou REENTROU em Atendimento Humano (ex.: voltou de Perdido). Passou por humano em agosto.,1cqr1EoYksvTg1ydXYPq,Marcos Vinicios 62995290213,Vendas,Atendimento Humano,Hegon,,2fc3880f-055e-4271-8ca2-0d1e624fa4ef,open,,2026-07-27 14:57,2026-08-24 13:54,2026-08-24 13:54,8sF1Pa6G9QvOideCWEC0,Marcos Vinicios,marcos_vinicioslokao@hotmail.com,+5562995290213,zmYKEchnhQE7052CtHqP
B_saiu_humano_mudanca_etapa_em_agosto,Sim,Data em que SAIU de Atendimento Humano (foi para a etapa atual). Passou por humano em agosto.,3DBOlAYpVix4Nwx7dbM2,Edinara Cervinski 54981029990,Vendas,Perdido,Omer Smart,,7af9e26d-c305-4dec-8499-2816cb5c7635,lost,,2026-07-29 15:17,2026-08-24 15:25,2026-08-24 15:25,Tj5QB0ljy965Cwvc42qZ,Edinara Cervinski,cervinskiedinara@gmail.com,+5554981029990,uQNgnn5W2rlgD4UEckTk
A_em_humano_entrada_ate_31ago,Sim,Data em que ENTROU ou REENTROU em Atendimento Humano (ex.: voltou de Perdido). Passou por humano em agosto.,3DDyynm4iNm5ufbV06Wf,Dra Ana Flavia Correa 62985652244,Vendas,Atendimento Humano,Hegon,,2fc3880f-055e-4271-8ca2-0d1e624fa4ef,open,,2026-08-24 17:07,2026-08-24 17:07,2026-08-24 17:07,X021rbjT9Aid43KklibQ,Dra Ana Flávia Corrêa,,,BadP83SqCkMIcyU9snIg
A_em_humano_entrada_ate_31ago,Sim,Data em que ENTROU ou REENTROU em Atendimento Humano (ex.: voltou de Perdido). Passou por humano em agosto.,kQ1Fxoy3rgvAkGhmP5Nj,Nely Alencar 92991367073,Vendas,Atendimento Humano,Hegon,,2fc3880f-055e-4271-8ca2-0d1e624fa4ef,open,,2026-08-24 17:18,2026-08-24 17:18,2026-08-24 17:18,SQHRY7tS24oqwpKE6Xjk,Nely Alencar,nelyalencar50@gmail.com,+5592991367073,zmYKEchnhQE7052CtHqP
A_em_humano_entrada_ate_31ago,Sim,Data em que ENTROU ou REENTROU em Atendimento Humano (ex.: voltou de Perdido). Passou por humano em agosto.,ruUeXjmkiF8cIRTK5Mah,Marnio Da Fraga Goulart 24981448866,Vendas,Atendimento Humano,Ptolomeu,,2fc3880f-055e-4271-8ca2-0d1e624fa4ef,open,,2026-08-24 17:31,2026-08-24 17:31,2026-08-24 17:31,Q4AzouFjNroARSTPGBx6,Marnio Da Fraga Goulart,marniogoulart@yahoo.com.br,+5524981448866,BadP83SqCkMIcyU9snIg
A_em_humano_entrada_ate_31ago,Sim,Data em que ENTROU ou REENTROU em Atendimento Humano (ex.: voltou de Perdido). Passou por humano em agosto.,bOJrXlFJ6axbpb1FRWrj,Romulo Cardoso 13981782579,Vendas,Atendimento Humano,"Hakon, Omer Smart",,2fc3880f-055e-4271-8ca2-0d1e624fa4ef,open,,2026-08-24 17:40,2026-08-24 17:40,2026-08-24 17:40,7slVGvzK4vUs0Fqi1Zgl,Romulo Cardoso,rosangela.romulo@gmail.com,+5513981782579,HcJsCFZY6ZVs0eeXH2lq
A_em_humano_entrada_ate_31ago,Sim,Data em que ENTROU ou REENTROU em Atendimento Humano (ex.: voltou de Perdido). Passou por humano em agosto.,3a7QutpqHAuT25OOkqTd,Enzo Melchior Jr 16991835201,Vendas,Atendimento Humano,Mpt,,2fc3880f-055e-4271-8ca2-0d1e624fa4ef,open,,2026-08-24 18:08,2026-08-24 18:08,2026-08-24 18:08,PZKfdMrBaDYHwhSkxa5j,Enzo Melchior Jr,enzo.melchior@gmail.com,+5516991835201,1Ft1gE5HxhbmDxM8Y372
A_em_humano_entrada_ate_31ago,Sim,Data em que ENTROU ou REENTROU em Atendimento Humano (ex.: voltou de Perdido). Passou por humano em agosto.,f5X9NGCKkigkaJun8COb,JHENIFER CLAUDINO | Harmonização Facial  42999996772,Vendas,Atendimento Humano,Hegon,,2fc3880f-055e-4271-8ca2-0d1e624fa4ef,open,,2026-08-24 18:19,2026-08-24 18:19,2026-08-24 18:19,BXqvinJIcn5jqt4iD09U,JHENIFER CLAUDINO | Harmonização Facial |Ponta Grossa,jheniferclaudino@icloud.com,+5542999996772,BadP83SqCkMIcyU9snIg
B_saiu_humano_mudanca_etapa_em_agosto,Sim,Data em que SAIU de Atendimento Humano (foi para a etapa atual). Passou por humano em agosto.,W3baVs61xgLXSIs3yNbL,Renata Lolo Haro 15991264680,Vendas,Em negociação,Mpt,,e6db12f0-1dc7-4eb4-bb85-d6b3d3070bce,open,,2026-07-30 08:24,2026-08-24 18:58,2026-08-24 18:58,JMgqyuoW4nOGGtS9napj,Renata Lolo Haro,relharo@yahoo.com.br,+5515991264680,uQNgnn5W2rlgD4UEckTk
B_saiu_humano_mudanca_etapa_em_agosto,Sim,Data em que SAIU de Atendimento Humano (foi para a etapa atual). Passou por humano em agosto.,vGg2AUb2fzU9BEJ533eP,Cátia Pinheiro 21976873418,Vendas,Em negociação,Hakon,,e6db12f0-1dc7-4eb4-bb85-d6b3d3070bce,open,,2026-08-03 09:43,2026-08-24 20:09,2026-08-24 20:09,zFP8oL3OiktCgCSD1EhS,Cátia Pinheiro,catiapinheiro2025@gmail.com,+5521976873418,uQNgnn5W2rlgD4UEckTk
B_saiu_humano_mudanca_etapa_em_agosto,Sim,Data em que SAIU de Atendimento Humano (foi para a etapa atual). Passou por humano em agosto.,5KRD44N4wVollWWdcpJZ,Danilo Pereira Moreira 15981158478,Vendas,Em negociação,Omer Smart,,e6db12f0-1dc7-4eb4-bb85-d6b3d3070bce,open,,2026-08-03 10:17,2026-08-24 20:17,2026-08-24 20:17,bpA4iKaJnACyfUSSNqne,Dr Danilo Pereira Moreira,,+5515981158478,uQNgnn5W2rlgD4UEckTk
B_saiu_humano_mudanca_etapa_em_agosto,Sim,Data em que SAIU de Atendimento Humano (foi para a etapa atual). Passou por humano em agosto.,DVCGLmb1r82DQJZtxGSv,Glaucia Gomes 24981883219,Vendas,Em negociação,Mpt,,e6db12f0-1dc7-4eb4-bb85-d6b3d3070bce,open,,2026-08-03 11:48,2026-08-24 20:31,2026-08-24 20:31,8ZtCFsWumUq4bMgnedgE,Glaucia Gomes,glauciagomes1975@gmail.com,+5524981883219,uQNgnn5W2rlgD4UEckTk
B_saiu_humano_mudanca_etapa_em_agosto,Sim,Data em que SAIU de Atendimento Humano (foi para a etapa atual). Passou por humano em agosto.,SizONVuxaeVU8Ty6kLuF,Daiane Andrade 11947434288,Vendas,Em negociação,Omer Smart,,e6db12f0-1dc7-4eb4-bb85-d6b3d3070bce,open,,2026-08-05 14:32,2026-08-24 21:04,2026-08-24 21:04,4KrSEU3nTwaND8BNQW3f,Daiane Andrade,Daiane.andrade2015@hotmail.com,+5511947434288,uQNgnn5W2rlgD4UEckTk
B_saiu_humano_mudanca_etapa_em_agosto,Sim,Data em que SAIU de Atendimento Humano (foi para a etapa atual). Passou por humano em agosto.,hOtKpHNRxTA2CZyDdSsh,Mayara Lopes 49991615032,Vendas,Em negociação,Hifu,,e6db12f0-1dc7-4eb4-bb85-d6b3d3070bce,open,,2026-08-05 16:23,2026-08-24 21:15,2026-08-24 21:15,3rGsNXCbmQONPrSi9CT9,Mayara Lopes,far_mayara@yahoo.com.br,+5549991615032,uQNgnn5W2rlgD4UEckTk
B_saiu_humano_mudanca_etapa_em_agosto,Sim,Data em que SAIU de Atendimento Humano (foi para a etapa atual). Passou por humano em agosto.,PRYgPSkgxS7zcOtAGOZ7,Bruna Morais De Souza Neves 64992902894,Vendas,Perdido,Hakon,,7af9e26d-c305-4dec-8499-2816cb5c7635,lost,,2026-08-11 18:19,2026-08-24 21:53,2026-08-24 21:53,uI0VgYdaMyq47rIxXkNZ,Bruna Morais de Souza Neves,brunamoraisneves@hotmail.com,+5564992902894,uQNgnn5W2rlgD4UEckTk
B_saiu_humano_mudanca_etapa_em_agosto,Sim,Data em que SAIU de Atendimento Humano (foi para a etapa atual). Passou por humano em agosto.,uua7DJGQBFbH8mGrxJSZ,Alana Scheid 6796869633,Vendas,Em negociação,Omer Smart,,e6db12f0-1dc7-4eb4-bb85-d6b3d3070bce,open,,2026-08-12 09:50,2026-08-24 22:17,2026-08-24 22:17,u597ftqMmqDALCfTfXYk,Alana Scheid,,+556796869633,uQNgnn5W2rlgD4UEckTk
B_saiu_humano_mudanca_etapa_em_agosto,Sim,Data em que SAIU de Atendimento Humano (foi para a etapa atual). Passou por humano em agosto.,DscXyq2M6NIZmlwmTMW5,Atail Teodoro,Vendas,Perdido,Hegon,,7af9e26d-c305-4dec-8499-2816cb5c7635,lost,,2026-08-24 23:27,2026-08-24 23:28,2026-08-24 23:28,njfvKGwr7wTDVHzrFJcw,ATAIL TEODORO,,+553799656430,HcJsCFZY6ZVs0eeXH2lq
A_em_humano_entrada_ate_31ago,Sim,Data em que ENTROU ou REENTROU em Atendimento Humano (ex.: voltou de Perdido). Passou por humano em agosto.,hu8HKcKwKrMhHOwkj2Jb,Romilda Guedes 33984260047,Vendas,Atendimento Humano,Liftendo,,2fc3880f-055e-4271-8ca2-0d1e624fa4ef,open,,2026-08-25 08:08,2026-08-25 08:08,2026-08-25 08:08,8W0oGatJ5PAITtaA8vGz,Romilda Guedes,romilda.guedes@outlook.com,+5533984260047,1Ft1gE5HxhbmDxM8Y372
B_saiu_humano_mudanca_etapa_em_agosto,Sim,Data em que SAIU de Atendimento Humano (foi para a etapa atual). Passou por humano em agosto.,e7VbN2zze1NhtpX7SEHN,Dra Luana Freitas 4797522993,Vendas,Perdido,Hakon,,7af9e26d-c305-4dec-8499-2816cb5c7635,lost,,2026-08-12 10:56,2026-08-25 09:59,2026-08-25 09:59,44lGhR8hT8R5iddxXycR,Dra Luana Freitas,,+554797522993,1Ft1gE5HxhbmDxM8Y372
B_saiu_humano_mudanca_etapa_em_agosto,Sim,Data em que SAIU de Atendimento Humano (foi para a etapa atual). Passou por humano em agosto.,Jq4FhZ3oTRVCGLXAN1A3,Brunella De Oliveira Silva,Vendas,Análise de crédito,Hakon,,4d5ec528-ca3b-4aa3-b51c-f0686751215e,open,89605.3,2026-08-25 11:29,2026-08-25 11:29,2026-08-25 11:29,6dBUAEXf5JfcDXWsXfOd,BRUNELLA DE OLIVEIRA SILVA,bosilva.bos@gmail.com,+5527998310405,BadP83SqCkMIcyU9snIg
B_saiu_humano_mudanca_etapa_em_agosto,Sim,Data em que SAIU de Atendimento Humano (foi para a etapa atual). Passou por humano em agosto.,iuJYuxZaH3cX5rTgi5Uw,Daiane Machado 62995590236,Vendas,Análise de crédito,Hakon,,4d5ec528-ca3b-4aa3-b51c-f0686751215e,open,,2026-07-28 16:58,2026-08-25 12:11,2026-08-25 12:11,V6V6cmV4L5znBmX3AiXc,Daiane Machado,daianemachado017@gmail.com,+5562995590236,1Ft1gE5HxhbmDxM8Y372
A_em_humano_entrada_ate_31ago,Sim,Data em que ENTROU ou REENTROU em Atendimento Humano (ex.: voltou de Perdido). Passou por humano em agosto.,tfXvfEZeGvDCHngB97XY,Dra Ana Paula de Mello 66996678685,Vendas,Atendimento Humano,Hegon,,2fc3880f-055e-4271-8ca2-0d1e624fa4ef,open,,2026-08-25 14:02,2026-08-25 14:02,2026-08-25 14:02,UOY6cMMy5g1gb1SkxR4k,Dra Ana Paula de Mello,ana.adcos.sinop@hotmail.com,+5566996678685,BadP83SqCkMIcyU9snIg
A_em_humano_entrada_ate_31ago,Sim,Data em que ENTROU ou REENTROU em Atendimento Humano (ex.: voltou de Perdido). Passou por humano em agosto.,bIxRjqUyU2wk2sBuymsd,Natany Costa 32984866396,Vendas,Atendimento Humano,Hakon,,2fc3880f-055e-4271-8ca2-0d1e624fa4ef,open,,2026-08-25 14:06,2026-08-25 14:06,2026-08-25 14:06,wRxISJKi3B8mtKpIQUAn,Natany Costa,natanycosta@yahoo.com,+5532984866396,RLFBFjdepFmmmouejXz7
A_em_humano_entrada_ate_31ago,Sim,Data em que ENTROU ou REENTROU em Atendimento Humano (ex.: voltou de Perdido). Passou por humano em agosto.,TAg95xgwDoOWAyrnb5c4,Milena Mechi 17996312345,Vendas,Atendimento Humano,Hakon,,2fc3880f-055e-4271-8ca2-0d1e624fa4ef,open,,2026-08-25 14:35,2026-08-25 14:35,2026-08-25 16:54,Kv5DewhJa81s0Sv3Fgfz,Milena Mechi | Constelação Familiar | Depilação a Laser,mikabeneduzzi@hotmail.com,+5517996312345,rho3es8TSsZGEXvZ2Zsq
A_em_humano_entrada_ate_31ago,Sim,Data em que ENTROU ou REENTROU em Atendimento Humano (ex.: voltou de Perdido). Passou por humano em agosto.,fZHa59j2oCGFImfr7nQu,Leandra Oliveira 64992922076,Vendas,Atendimento Humano,Omer Smart,,2fc3880f-055e-4271-8ca2-0d1e624fa4ef,open,,2026-08-25 15:46,2026-08-25 15:46,2026-08-25 15:46,pVTJQvmnjmOLhPfkAZsI,Leandra Oliveira,leandraoliveirarv03@gmail.com,+5564992922076,HcJsCFZY6ZVs0eeXH2lq
B_saiu_humano_mudanca_etapa_em_agosto,Sim,Data em que SAIU de Atendimento Humano (foi para a etapa atual). Passou por humano em agosto.,BC6cBrMadmzoygDuFwfu,Jéssica Alves 19989675454,Vendas,Em negociação,Hakon,,e6db12f0-1dc7-4eb4-bb85-d6b3d3070bce,open,,2026-08-24 16:49,2026-08-25 17:06,2026-08-25 17:06,uiYrLp1cyaV1w4Y7Ko8X,Jéssica Alves,je.allvez@hotmail.com,+5519989675454,uQNgnn5W2rlgD4UEckTk
B_saiu_humano_mudanca_etapa_em_agosto,Sim,Data em que SAIU de Atendimento Humano (foi para a etapa atual). Passou por humano em agosto.,6fIW68BpH3mypeGdSqG5,Frank Ueber Targa 17997776777,Vendas,Em negociação,Mpt,,e6db12f0-1dc7-4eb4-bb85-d6b3d3070bce,open,,2026-08-24 15:14,2026-08-25 17:11,2026-08-25 17:11,iCw6CkmFE8CDana1hLaH,Frank Ueber Targa,frank_targa@hotmail.com,+5517997776777,uQNgnn5W2rlgD4UEckTk
B_saiu_humano_mudanca_etapa_em_agosto,Sim,Data em que SAIU de Atendimento Humano (foi para a etapa atual). Passou por humano em agosto.,Z2CqeBlyIBsEI76Pdi98,Izabel Oliveira 21993689208,Vendas,Em negociação,Omer Smart,LaserDay,e6db12f0-1dc7-4eb4-bb85-d6b3d3070bce,open,,2026-08-24 10:34,2026-08-25 17:18,2026-08-25 17:18,5g5m8EZkLOmeo2N65hCl,Izabel Oliveira,,+5521993689208,uQNgnn5W2rlgD4UEckTk
B_saiu_humano_mudanca_etapa_em_agosto,Sim,Data em que SAIU de Atendimento Humano (foi para a etapa atual). Passou por humano em agosto.,X865ivlo1chGBR3yokXW,Camila Antonucci | Estética Avançada & Tricologia,Vendas,Em negociação,Mpt,,e6db12f0-1dc7-4eb4-bb85-d6b3d3070bce,open,,2026-08-21 10:12,2026-08-25 17:27,2026-08-25 17:27,SxGqo6UI8rb77qmNnNDo,Camila Antonucci | Estética Avançada & Tricologia,antonucci@elion.clinic,+5518997674389,uQNgnn5W2rlgD4UEckTk
A_em_humano_entrada_ate_31ago,Sim,Data em que ENTROU ou REENTROU em Atendimento Humano (ex.: voltou de Perdido). Passou por humano em agosto.,fRbwBbWq9xMTWXBPZssc,Maria Salmon Llano 55999898774,Vendas,Atendimento Humano,Hegon,,2fc3880f-055e-4271-8ca2-0d1e624fa4ef,open,,2026-07-08 09:00,2026-08-25 17:27,2026-08-26 11:46,yNndhLGjqT7XpVRyBgXe,Maria Salmón LLano,dramariaasalmon@gmail.com,+5555999898774,zmYKEchnhQE7052CtHqP
B_saiu_humano_mudanca_etapa_em_agosto,Sim,Data em que SAIU de Atendimento Humano (foi para a etapa atual). Passou por humano em agosto.,yxOkTUqkSB1ZaY7XvTds,Jonas Roberto Kumineck 47997210404,Vendas,Em negociação,Omer Smart,,e6db12f0-1dc7-4eb4-bb85-d6b3d3070bce,open,,2026-08-20 17:57,2026-08-25 17:30,2026-08-25 17:30,G9vtwQxRkbu00dVx3njX,Jonas Roberto Kumineck,jonasrobertok@gmail.com,+5547997210404,uQNgnn5W2rlgD4UEckTk
A_em_humano_entrada_ate_31ago,Sim,Data em que ENTROU ou REENTROU em Atendimento Humano (ex.: voltou de Perdido). Passou por humano em agosto.,owxFnPlkPdhuXRp6pwyn,Cynthia Pádua 11997118745,Vendas,Atendimento Humano,,Ultramed 9D,2fc3880f-055e-4271-8ca2-0d1e624fa4ef,open,,2026-08-25 17:49,2026-08-25 17:49,2026-08-25 17:53,Zzq5pgek2XcLiWULnTbz,Cynthia Pádua,cynthiateixeira2009@hotmail.com,+5511997118745,MQwUeTPdGWQQ0VwsaAVr
B_saiu_humano_mudanca_etapa_em_agosto,Sim,Data em que SAIU de Atendimento Humano (foi para a etapa atual). Passou por humano em agosto.,YmyxcVX87CJLdkSKAEjL,Adriana Soares 61985043369,Vendas,Perdido,Hakon,,7af9e26d-c305-4dec-8499-2816cb5c7635,lost,,2026-08-13 15:38,2026-08-25 17:52,2026-08-25 17:52,hdJv1PzAtaaY9NVcvDtN,Adriana Soares,adrianasoares88@gmail.com,+5561985043369,uQNgnn5W2rlgD4UEckTk
B_saiu_humano_mudanca_etapa_em_agosto,Sim,Data em que SAIU de Atendimento Humano (foi para a etapa atual). Passou por humano em agosto.,GgnlnGHRjTn2dIY7JYAq,Thais Guedes Freitas 24992305358,Vendas,Perdido,Hifu,,7af9e26d-c305-4dec-8499-2816cb5c7635,lost,,2026-08-12 14:39,2026-08-25 18:05,2026-08-25 18:05,fDdBK13wHmBj8RYgv5TM,Thais Guedes Freitas,thaisguedes.f@hotmail.com,+5524992305358,uQNgnn5W2rlgD4UEckTk
B_saiu_humano_mudanca_etapa_em_agosto,Sim,Data em que SAIU de Atendimento Humano (foi para a etapa atual). Passou por humano em agosto.,ghYQavdkuvDJsXbqWHQF,Mariana Ramos Costa (Costa Clinic) 16992533249,Vendas,Em negociação,Hakon,,e6db12f0-1dc7-4eb4-bb85-d6b3d3070bce,open,,2026-08-10 22:08,2026-08-25 18:07,2026-08-25 18:07,3smV4x6ipnrGXZtxYWpd,Mariana Ramos costa,marianacostafisioterapeuta@gmail.com,+5516992533249,uQNgnn5W2rlgD4UEckTk
B_saiu_humano_mudanca_etapa_em_agosto,Sim,Data em que SAIU de Atendimento Humano (foi para a etapa atual). Passou por humano em agosto.,Oa1SEkQkd6YoCuNcRtd2,Christiane Melo Grandinetti 32988227591,Vendas,Em negociação,Hifu,,e6db12f0-1dc7-4eb4-bb85-d6b3d3070bce,open,,2026-08-10 10:10,2026-08-25 18:09,2026-08-25 18:09,MsDa8MdIZAHdD1KLgqhL,Christiane Melo Grandinetti,,+5532988227591,uQNgnn5W2rlgD4UEckTk
B_saiu_humano_mudanca_etapa_em_agosto,Sim,Data em que SAIU de Atendimento Humano (foi para a etapa atual). Passou por humano em agosto.,f7X8ACKLxCcmuX710Rcg,Geisa Nascimento 13996104899,Vendas,Perdido,,,7af9e26d-c305-4dec-8499-2816cb5c7635,lost,,2026-08-06 11:35,2026-08-25 18:32,2026-08-25 18:32,lXNH7bs0fu0pWVmndxH7,Geisa Nascimento,geisanascimento@terra.com.br,+5513996104899,uQNgnn5W2rlgD4UEckTk
B_saiu_humano_mudanca_etapa_em_agosto,Sim,Data em que SAIU de Atendimento Humano (foi para a etapa atual). Passou por humano em agosto.,gPFzRVtwK5W16SX1ZZhd,Juliana Meire JM Studio Beauty | Unhas • Cílios • Bronze 11961916078,Vendas,Perdido,Hakon,,7af9e26d-c305-4dec-8499-2816cb5c7635,lost,,2026-08-05 14:32,2026-08-25 18:43,2026-08-25 18:43,8yRTmM48dGAtlj3JYgDp,Juliana Meire JM Studio Beauty | Unhas • Cílios • Bronze,juliana-meire@hotmail.com,+5511961916078,uQNgnn5W2rlgD4UEckTk
A_em_humano_entrada_ate_31ago,Sim,Data em que ENTROU ou REENTROU em Atendimento Humano (ex.: voltou de Perdido). Passou por humano em agosto.,wing65UHtHHiCFFWSI8x,Helen Machado | Especialista Depilação Iguaba Grande 22981782882,Vendas,Atendimento Humano,Hakon,,2fc3880f-055e-4271-8ca2-0d1e624fa4ef,open,,2026-08-25 20:19,2026-08-25 20:19,2026-08-25 20:19,ORprnYBiKFlkitgw0mXk,Helen Machado | Especialista Depilação Iguaba Grande,helenkik@gmail.com,+5522981782882,BadP83SqCkMIcyU9snIg
A_em_humano_entrada_ate_31ago,Sim,Data em que ENTROU ou REENTROU em Atendimento Humano (ex.: voltou de Perdido). Passou por humano em agosto.,RSiUJh5PyFZ2FSFUXd8x,Deise Laura 41995284284,Vendas,Atendimento Humano,,Dermovac 2.1,2fc3880f-055e-4271-8ca2-0d1e624fa4ef,open,,2026-06-10 17:30,2026-08-25 20:37,2026-08-25 20:41,bUDWGzSC1OPZzJcLAUEa,Deise Laura,,+5541995284284,zmYKEchnhQE7052CtHqP
A_em_humano_entrada_ate_31ago,Sim,Data em que ENTROU ou REENTROU em Atendimento Humano (ex.: voltou de Perdido). Passou por humano em agosto.,DF3gbVKWoznxHhuc1Ylh,Renata Theresa Monforte Baldo 65996386725,Vendas,Atendimento Humano,Hegon,,2fc3880f-055e-4271-8ca2-0d1e624fa4ef,open,,2026-08-26 10:22,2026-08-26 10:22,2026-08-26 10:22,NHRsel2rHwRrD4dtnGvk,Renata Theresa Monforte Baldo,renatita241@hotmail.com,+5565996386725,BadP83SqCkMIcyU9snIg
A_em_humano_entrada_ate_31ago,Sim,Data em que ENTROU ou REENTROU em Atendimento Humano (ex.: voltou de Perdido). Passou por humano em agosto.,GAjelaudeCp8lbuln19E,Raifa Nassif Estética 11975515355,Vendas,Atendimento Humano,Hakon,,2fc3880f-055e-4271-8ca2-0d1e624fa4ef,open,,2026-08-26 10:25,2026-08-26 10:25,2026-08-26 10:25,mliSTS314v2u0Sc7fXa0,Raifa Nassif Estética,raifanassif23@hotmail.com,+5511975515355,RLFBFjdepFmmmouejXz7
A_em_humano_entrada_ate_31ago,Sim,Data em que ENTROU ou REENTROU em Atendimento Humano (ex.: voltou de Perdido). Passou por humano em agosto.,61034SEqv1yeSu5Ucbm4,Sandra Maria Estetica 16992427181,Vendas,Atendimento Humano,Hakon,,2fc3880f-055e-4271-8ca2-0d1e624fa4ef,open,,2026-08-26 10:34,2026-08-26 10:34,2026-08-26 10:34,GFSW2ZA7LP8zMANkpkye,Sandra Maria Estetica,trasbrito@outlook.com,+5516992427181,uQNgnn5W2rlgD4UEckTk
A_em_humano_entrada_ate_31ago,Sim,Data em que ENTROU ou REENTROU em Atendimento Humano (ex.: voltou de Perdido). Passou por humano em agosto.,CwLHtiwYCVhAwYt7yXuM,Michele Teixeira  Denis 21975269298,Vendas,Atendimento Humano,Mpt,,2fc3880f-055e-4271-8ca2-0d1e624fa4ef,open,,2026-08-26 11:36,2026-08-26 11:36,2026-08-26 11:37,ASDOiDTKBUSsMy83wUCk,Michele Teixeira Denis,micheledenis@gmail.com,+5521975269298,1Ft1gE5HxhbmDxM8Y372
A_em_humano_entrada_ate_31ago,Sim,Data em que ENTROU ou REENTROU em Atendimento Humano (ex.: voltou de Perdido). Passou por humano em agosto.,XNeKA8wxCGyEY6eXYAQ5,Catherine Bedeschi 32999590942,Vendas,Atendimento Humano,Hakon,,2fc3880f-055e-4271-8ca2-0d1e624fa4ef,open,,2026-07-27 14:57,2026-08-26 11:41,2026-08-26 12:06,u4gTHx9711WOguJuRN66,Catherine Bedeschi,catherine.bedesque@yahoo.com,+5532999590942,tOCTm6XWnrsTULwxhiav
A_em_humano_entrada_ate_31ago,Sim,Data em que ENTROU ou REENTROU em Atendimento Humano (ex.: voltou de Perdido). Passou por humano em agosto.,uwW3iPrXfEmOUn3jV3hS,Tailaine Araújo 38998436683,Vendas,Atendimento Humano,Hakon,,2fc3880f-055e-4271-8ca2-0d1e624fa4ef,open,,2026-08-26 11:53,2026-08-26 11:53,2026-08-26 11:53,T28q19FhDsxP523FPZDx,Tailaine Araújo,tailainearaujo065@gmail.com,+5538998436683,1Ft1gE5HxhbmDxM8Y372
A_em_humano_entrada_ate_31ago,Sim,Data em que ENTROU ou REENTROU em Atendimento Humano (ex.: voltou de Perdido). Passou por humano em agosto.,eEOmoKYhF8NChP8XjSEj,Regina Soares 11994915525,Vendas,Atendimento Humano,Mpt,,2fc3880f-055e-4271-8ca2-0d1e624fa4ef,open,,2026-08-26 12:14,2026-08-26 12:14,2026-08-26 12:14,jrMSga5knaN2KqwpNTcb,Regina Soares,reantonioli@hotmail.com,+5511994915525,BadP83SqCkMIcyU9snIg
B_saiu_humano_mudanca_etapa_em_agosto,Sim,Data em que SAIU de Atendimento Humano (foi para a etapa atual). Passou por humano em agosto.,knI9RCc0I56zUClqOuqL,Camila 5199884614,Vendas,Em negociação,"Hifu, Hegon",,e6db12f0-1dc7-4eb4-bb85-d6b3d3070bce,open,,2026-08-26 12:18,2026-08-26 12:20,2026-08-26 12:20,51rvYYtCaSt6g5K496Mv,CAMILA,,+555199884614,uQNgnn5W2rlgD4UEckTk
A_em_humano_entrada_ate_31ago,Sim,Data em que ENTROU ou REENTROU em Atendimento Humano (ex.: voltou de Perdido). Passou por humano em agosto.,zM8WHpTRsHH8dxV4x9St,Marco Túlio,Vendas,Atendimento Humano,Hakon,,2fc3880f-055e-4271-8ca2-0d1e624fa4ef,open,,2026-08-26 13:11,2026-08-26 13:11,2026-08-26 13:11,Jat7BuvGhynv1A3p52z8,Marco Túlio,mtulio5@hotmail.com,+5531988567341,tOCTm6XWnrsTULwxhiav
B_saiu_humano_mudanca_etapa_em_agosto,Sim,Data em que SAIU de Atendimento Humano (foi para a etapa atual). Passou por humano em agosto.,U4dk7tLxN4IoiAJIpGkQ,Frederico Almeida 11949019781,Vendas,Perdido,Mpt,,7af9e26d-c305-4dec-8499-2816cb5c7635,lost,,2026-08-24 16:32,2026-08-26 15:52,2026-08-28 12:38,wYVAGXOdj3RdR6hfqEBC,Frederico Almeida,,+5511949019781,1Ft1gE5HxhbmDxM8Y372
B_saiu_humano_mudanca_etapa_em_agosto,Sim,Data em que SAIU de Atendimento Humano (foi para a etapa atual). Passou por humano em agosto.,YYJkcJt1QWjivLfsjPrZ,Nick Duarte 27988065681,Vendas,Perdido,Hegon,,7af9e26d-c305-4dec-8499-2816cb5c7635,lost,,2026-08-21 10:41,2026-08-26 16:16,2026-08-26 16:16,NGI4Di5a1EvPldQTmZTo,Nick Duarte,steohani058@gmail.com,+5527988065681,1Ft1gE5HxhbmDxM8Y372
A_em_humano_entrada_ate_31ago,Sim,Data em que ENTROU ou REENTROU em Atendimento Humano (ex.: voltou de Perdido). Passou por humano em agosto.,U6J1aI6HHve5NUfwVeun,Helton Menezes 33999913974,Vendas,Atendimento Humano,Hakon,,2fc3880f-055e-4271-8ca2-0d1e624fa4ef,open,,2026-08-26 16:42,2026-08-26 16:42,2026-08-26 16:42,dZ9DZUSrujJagJIj5tCf,Helton Menezes,heltonricardomenezes@hotmail.com,+5533999913974,uQNgnn5W2rlgD4UEckTk
B_saiu_humano_mudanca_etapa_em_agosto,Sim,Data em que SAIU de Atendimento Humano (foi para a etapa atual). Passou por humano em agosto.,K9bpFez78iPF0YKhmDr7,Carlos Eduardo Gonçalves 14999085805,Vendas,Perdido,Hakon,,7af9e26d-c305-4dec-8499-2816cb5c7635,lost,,2026-07-27 14:57,2026-08-26 17:18,2026-08-26 17:18,YzYqIu3F64lYfCEQcsya,Carlos Eduardo Gonçalves,carlosceg31@gmail.com,+5514999085805,uQNgnn5W2rlgD4UEckTk
A_em_humano_entrada_ate_31ago,Sim,Data em que ENTROU ou REENTROU em Atendimento Humano (ex.: voltou de Perdido). Passou por humano em agosto.,sdwJJ9qX8m6bfdSpLmxX,Daniela Gomes Desiderio 11983607287,Vendas,Atendimento Humano,Mpt,,2fc3880f-055e-4271-8ca2-0d1e624fa4ef,open,,2026-08-26 17:59,2026-08-26 17:59,2026-08-26 18:02,bMIM4zkXNfuCzbwaCFjC,Daniela Gomes Desiderio,danieladesiderio66@gmail.com,+5511983607287,zmYKEchnhQE7052CtHqP
A_em_humano_entrada_ate_31ago,Sim,Data em que ENTROU ou REENTROU em Atendimento Humano (ex.: voltou de Perdido). Passou por humano em agosto.,bmtn2dM6fW70XmVHs5Gx,Katrin Faseru 11949502691,Vendas,Atendimento Humano,,Aplicador G da criodermis,2fc3880f-055e-4271-8ca2-0d1e624fa4ef,open,,2026-08-26 19:12,2026-08-26 19:12,2026-08-26 19:12,b1Ky3jwqIpdp3A5c0IbY,Katrin Faseru,,+5511949502691,MQwUeTPdGWQQ0VwsaAVr
A_em_humano_entrada_ate_31ago,Sim,Data em que ENTROU ou REENTROU em Atendimento Humano (ex.: voltou de Perdido). Passou por humano em agosto.,KqLloS1VJLZkBg8NBfJm,Josiane Gomes 11951581213,Vendas,Atendimento Humano,Hakon,,2fc3880f-055e-4271-8ca2-0d1e624fa4ef,open,,2026-08-27 06:55,2026-08-27 07:30,2026-08-27 08:56,IuXdksCdK9FgZh5uXcLY,Josiane Gomes,josi_pepi@yahoo.com.br,+5511951581213,tOCTm6XWnrsTULwxhiav
A_em_humano_entrada_ate_31ago,Sim,Data em que ENTROU ou REENTROU em Atendimento Humano (ex.: voltou de Perdido). Passou por humano em agosto.,2szO9qT3MkA2hOL2XwW1,Dra Daniele Ferreira 24999530806,Vendas,Atendimento Humano,Hegon,,2fc3880f-055e-4271-8ca2-0d1e624fa4ef,open,,2026-08-27 09:03,2026-08-27 09:03,2026-08-27 09:04,DzflbZJHBUxRYxJz85R4,Dra Daniele Ferreira,dradanielefferreira@gmail.com,+5524999530806,BadP83SqCkMIcyU9snIg
B_saiu_humano_mudanca_etapa_em_agosto,Sim,Data em que SAIU de Atendimento Humano (foi para a etapa atual). Passou por humano em agosto.,W7cBFnYZD4N4SDrIzruu,Dr Paulo Ricardo 61999291945,Vendas,Análise de crédito,Hakon,,4d5ec528-ca3b-4aa3-b51c-f0686751215e,open,,2026-08-24 09:37,2026-08-27 10:46,2026-08-27 10:46,JqbyXvopXxFGa1PQNpDM,Dr Paulo Ricardo,prol335@gmail.com,+5561999291945,HcJsCFZY6ZVs0eeXH2lq
B_saiu_humano_mudanca_etapa_em_agosto,Sim,Data em que SAIU de Atendimento Humano (foi para a etapa atual). Passou por humano em agosto.,dUJlRPSdAaoAYZAcsGjm,Taize Cavalcante 47996547915,Vendas,Perdido,Hakon,,7af9e26d-c305-4dec-8499-2816cb5c7635,lost,,2026-08-21 08:52,2026-08-27 10:54,2026-08-27 10:54,G37ZHl847MRdyf4x82KP,Taize Cavalcante,taizecavalcante@hotmail.com,+5547996547915,tOCTm6XWnrsTULwxhiav
B_saiu_humano_mudanca_etapa_em_agosto,Sim,Data em que SAIU de Atendimento Humano (foi para a etapa atual). Passou por humano em agosto.,93Y4F42NQ6FladzfplhV,Nayara Lima,Vendas,Perdido,,Effect,7af9e26d-c305-4dec-8499-2816cb5c7635,lost,,2026-08-24 20:30,2026-08-27 11:02,2026-08-27 11:30,qypWbbWFEYBxwZSSR9yQ,Nayara Lima,,+5521974393485,GYuOrs7GqrmDAUNjK0vm
A_em_humano_entrada_ate_31ago,Sim,Data em que ENTROU ou REENTROU em Atendimento Humano (ex.: voltou de Perdido). Passou por humano em agosto.,rXICeRNaUvf2HaJM9NJb,Marcia Araújo Dadall 35988104602,Vendas,Atendimento Humano,Mpt,,2fc3880f-055e-4271-8ca2-0d1e624fa4ef,open,,2026-08-27 11:16,2026-08-27 11:16,2026-08-27 11:17,wZzP57yOCdg2lnZcxTYs,Marcia Araújo Dadall,marci_smi@hotmail.com,+5535988104602,zmYKEchnhQE7052CtHqP
A_em_humano_entrada_ate_31ago,Sim,Data em que ENTROU ou REENTROU em Atendimento Humano (ex.: voltou de Perdido). Passou por humano em agosto.,fvuGRXeILbpgbhj9ukdh,Mayara Soeiro Scatena 15996911441,Vendas,Atendimento Humano,,Radiofrequência e ozonioterapia,2fc3880f-055e-4271-8ca2-0d1e624fa4ef,open,,2026-08-07 15:20,2026-08-27 11:20,2026-08-27 11:20,IKtcYb4fdtIxBItTf4ao,Mayara Soeiro Scatena,mayssestetica@gmail.com,+5515996911441,MQwUeTPdGWQQ0VwsaAVr
B_saiu_humano_mudanca_etapa_em_agosto,Sim,Data em que SAIU de Atendimento Humano (foi para a etapa atual). Passou por humano em agosto.,2xThUKI7FGOek7DjDUAN,Thielli 4991245685,Vendas,Perdido,Hakon,,7af9e26d-c305-4dec-8499-2816cb5c7635,lost,,2026-06-26 11:51,2026-08-27 11:42,2026-08-27 11:42,SE6Md5mPIOMPMLBsbn66,Thielli,,+554991245685,1Ft1gE5HxhbmDxM8Y372
A_em_humano_entrada_ate_31ago,Sim,Data em que ENTROU ou REENTROU em Atendimento Humano (ex.: voltou de Perdido). Passou por humano em agosto.,7x36VrtAhsEGSYIVmUhE,Regiany Eulália Dias 67981014521,Vendas,Atendimento Humano,Hakon,,2fc3880f-055e-4271-8ca2-0d1e624fa4ef,open,,2026-08-27 12:11,2026-08-27 12:15,2026-08-27 12:21,mTwmK93jjjJHHBmBuELu,Regiany Eulália Dias,regianyeulalia@hotmail.com,+5567981014521,RLFBFjdepFmmmouejXz7
B_saiu_humano_mudanca_etapa_em_agosto,Sim,Data em que SAIU de Atendimento Humano (foi para a etapa atual). Passou por humano em agosto.,gn8kjDp6kkxmTP3ECTzo,Swemilly Garcia,Vendas,Perdido,Hakon,,7af9e26d-c305-4dec-8499-2816cb5c7635,lost,,2026-08-14 10:42,2026-08-27 12:39,2026-08-27 12:39,o6DcleCTAB2Aooj2d7eW,Swemilly Garcia,swem-illy@hotmail.com,+5522998051609,tOCTm6XWnrsTULwxhiav
B_saiu_humano_mudanca_etapa_em_agosto,Sim,Data em que SAIU de Atendimento Humano (foi para a etapa atual). Passou por humano em agosto.,nLCUM6ZRE1UV6XEQJw0v,claudia suita 21965813622,Vendas,Perdido,Omer Smart,,7af9e26d-c305-4dec-8499-2816cb5c7635,lost,,2026-08-14 17:09,2026-08-27 12:40,2026-08-27 12:40,2rKhwmdNgFgqOn8rIofk,claudia suita,suitaclaudia@gmail.com,+5521965813622,tOCTm6XWnrsTULwxhiav
B_saiu_humano_mudanca_etapa_em_agosto,Sim,Data em que SAIU de Atendimento Humano (foi para a etapa atual). Passou por humano em agosto.,KEDVQAusG5Qq2IiQFD1m,Paulo Abba-tur 31986829559,Vendas,Perdido,Omer Smart,,7af9e26d-c305-4dec-8499-2816cb5c7635,abandoned,,2026-08-13 17:14,2026-08-27 12:51,2026-08-27 12:51,KZlg7TmnGjKIqsJM0GW1,Paulo Abba-tur,paulove001@yahoo.com.br,+5531986829559,tOCTm6XWnrsTULwxhiav
B_saiu_humano_mudanca_etapa_em_agosto,Sim,Data em que SAIU de Atendimento Humano (foi para a etapa atual). Passou por humano em agosto.,ra4F815vutorr6GnomeE,Fernanda Moura 6184482529,Vendas,Perdido,Hakon,,7af9e26d-c305-4dec-8499-2816cb5c7635,lost,,2026-08-13 09:49,2026-08-27 13:11,2026-08-27 13:11,Yp4KJrt9Bx52kdcrlUUF,Fernanda Moura,ferrmoura18@gmail.com,+556184482529,tOCTm6XWnrsTULwxhiav
A_em_humano_entrada_ate_31ago,Sim,Data em que ENTROU ou REENTROU em Atendimento Humano (ex.: voltou de Perdido). Passou por humano em agosto.,LPpVaUGqlyMTEPM01Gy5,Claudia Castilho 11974665564,Vendas,Atendimento Humano,Mpt,,2fc3880f-055e-4271-8ca2-0d1e624fa4ef,open,,2026-08-27 14:19,2026-08-27 14:19,2026-08-27 14:24,Xjwh36F9kiDyh1YnC1QA,Claudia Castilho,clauhcastilho@hotmail.com,+5511974665564,RLFBFjdepFmmmouejXz7
B_saiu_humano_mudanca_etapa_em_agosto,Sim,Data em que SAIU de Atendimento Humano (foi para a etapa atual). Passou por humano em agosto.,nzOhrsRJS0B8GzamZHOG,Ludmylla Caliente Gonçalves 11966930410,Vendas,Perdido,Hegon,,7af9e26d-c305-4dec-8499-2816cb5c7635,lost,,2026-08-06 22:11,2026-08-27 14:41,2026-08-27 14:41,VRwJmXUUmB1sWGbkYSCg,Ludmylla Caliente Gonçalves,calientelud@icloud.com,+5511966930410,tOCTm6XWnrsTULwxhiav
B_saiu_humano_mudanca_etapa_em_agosto,Sim,Data em que SAIU de Atendimento Humano (foi para a etapa atual). Passou por humano em agosto.,DLEXaCckJZjb2j8hXXa4,Simone Francieli marques 4298054359,Vendas,Análise de crédito,Omer Smart,,4d5ec528-ca3b-4aa3-b51c-f0686751215e,open,,2026-08-12 20:58,2026-08-27 15:45,2026-08-27 15:45,NccEMxa67J29UgJqCLvJ,Simone Francieli marques,simone.f.marques@hotmail.com,+554298054359,1Ft1gE5HxhbmDxM8Y372
B_saiu_humano_mudanca_etapa_em_agosto,Sim,Data em que SAIU de Atendimento Humano (foi para a etapa atual). Passou por humano em agosto.,T2sQTF1dn8bHQTOLvHB0,Thais Melin 11991964992,Vendas,Perdido,Mpt,,7af9e26d-c305-4dec-8499-2816cb5c7635,lost,,2026-08-12 11:18,2026-08-27 15:59,2026-08-27 15:59,UL2STb2zX9F1t7vOw1FX,Thais Melin,,+5511991964992,tOCTm6XWnrsTULwxhiav
B_saiu_humano_mudanca_etapa_em_agosto,Sim,Data em que SAIU de Atendimento Humano (foi para a etapa atual). Passou por humano em agosto.,sG2OMWYEX0GzQXsDuXus,Juliano Borges 27999216710,Vendas,Perdido,Hegon,,7af9e26d-c305-4dec-8499-2816cb5c7635,lost,,2026-07-21 10:12,2026-08-27 16:05,2026-08-27 16:05,KiUCz25yMtKt4IHzaE7N,Juliano Borges | Cirurgia Capilar,vebdjdmrnr@hotmail.com,+5527999216710,GYuOrs7GqrmDAUNjK0vm
B_saiu_humano_mudanca_etapa_em_agosto,Sim,Data em que SAIU de Atendimento Humano (foi para a etapa atual). Passou por humano em agosto.,hbTopRpJCQ2YQmHwvHI4,Renato Alas 35998140963,Vendas,Perdido,Hegon,,7af9e26d-c305-4dec-8499-2816cb5c7635,lost,,2026-07-17 11:19,2026-08-27 16:06,2026-08-27 16:06,B0GV50T5axtZVtPGndNN,Renato Alas,renatoalas@gmail.com,+5535998140963,GYuOrs7GqrmDAUNjK0vm
A_em_humano_entrada_ate_31ago,Sim,Data em que ENTROU ou REENTROU em Atendimento Humano (ex.: voltou de Perdido). Passou por humano em agosto.,KbqbYq9ZIYwpz9gkX4Me,Josiane Karsburg 51996356528,Vendas,Atendimento Humano,Hegon,,2fc3880f-055e-4271-8ca2-0d1e624fa4ef,open,,2026-08-27 16:50,2026-08-27 16:50,2026-08-27 16:50,qUhmg4kFvZdsAQOGCVxt,Josiane Karsburg,josianerodrigueskarsburg05@gmail.com,+5551996356528,BadP83SqCkMIcyU9snIg
B_saiu_humano_mudanca_etapa_em_agosto,Sim,Data em que SAIU de Atendimento Humano (foi para a etapa atual). Passou por humano em agosto.,ImmPp7UvWScztdqVQ5qe,Marluce 21986161703,Vendas,Perdido,Omer Smart,,7af9e26d-c305-4dec-8499-2816cb5c7635,lost,,2026-07-09 17:58,2026-08-27 16:57,2026-08-27 16:57,vjDz2AK8PGeAbtfPBYVm,Marluce,,+5521986161703,GYuOrs7GqrmDAUNjK0vm
A_em_humano_entrada_ate_31ago,Sim,Data em que ENTROU ou REENTROU em Atendimento Humano (ex.: voltou de Perdido). Passou por humano em agosto.,MeMqtHT51MC6VaEBEdyr,Nathalha Marchi 6796742355,Vendas,Atendimento Humano,Omer Smart,,2fc3880f-055e-4271-8ca2-0d1e624fa4ef,open,,2026-07-28 12:58,2026-08-27 18:23,2026-08-27 18:23,11a1izTR4MrxXjPUAOLl,Nathalha Marchi,,+556796742355,uQNgnn5W2rlgD4UEckTk
A_em_humano_entrada_ate_31ago,Sim,Data em que ENTROU ou REENTROU em Atendimento Humano (ex.: voltou de Perdido). Passou por humano em agosto.,e0xjKhezdJPPg3NP6cHv,Aline Menezes 51993169688,Vendas,Atendimento Humano,Hifu,,2fc3880f-055e-4271-8ca2-0d1e624fa4ef,open,,2026-07-28 16:58,2026-08-27 19:13,2026-08-27 19:13,saSDeUgJSk6UYsf18JDL,Aline Menezes,aline_infinity@hotmail.com,+5551993169688,uQNgnn5W2rlgD4UEckTk
A_em_humano_entrada_ate_31ago,Sim,Data em que ENTROU ou REENTROU em Atendimento Humano (ex.: voltou de Perdido). Passou por humano em agosto.,AdvnQs7dUhjONZThmpP1,Ana Lara Filipini 35991195145,Vendas,Atendimento Humano,Hakon,,2fc3880f-055e-4271-8ca2-0d1e624fa4ef,open,,2026-07-20 14:22,2026-08-27 19:26,2026-08-27 19:26,9kiHPznVPLGkljql1MP1,Ana Lara,analarafilipini@gmail.com,+5535991195145,uQNgnn5W2rlgD4UEckTk
A_em_humano_entrada_ate_31ago,Sim,Data em que ENTROU ou REENTROU em Atendimento Humano (ex.: voltou de Perdido). Passou por humano em agosto.,c0s5M8eBlNfqzEuKJZIc,Dra Lindinêz Cecílio 8192312000,Vendas,Atendimento Humano,Hegon,,2fc3880f-055e-4271-8ca2-0d1e624fa4ef,open,,2026-08-27 19:36,2026-08-27 19:36,2026-08-27 19:44,eBYPmiPpDIF7ecUIz9jt,Dra Lindinêz Cecílio,ninacecilio@hotmail.com,+558192312000,tOCTm6XWnrsTULwxhiav
A_em_humano_entrada_ate_31ago,Sim,Data em que ENTROU ou REENTROU em Atendimento Humano (ex.: voltou de Perdido). Passou por humano em agosto.,yNzgyYXSuT9iNdPd3WHf,Ariane Sia 19997324842,Vendas,Atendimento Humano,Hegon,,2fc3880f-055e-4271-8ca2-0d1e624fa4ef,open,,2026-08-27 22:01,2026-08-28 08:51,2026-08-28 08:51,Yrde3ND6G2hR85qMOGE8,Ariane Sia,arianesia@gmail.com,+5519997324842,BadP83SqCkMIcyU9snIg
A_em_humano_entrada_ate_31ago,Sim,Data em que ENTROU ou REENTROU em Atendimento Humano (ex.: voltou de Perdido). Passou por humano em agosto.,TUxigOjVuardZ5pdJ5jV,Dra Silvana Ferreira 11993572836,Vendas,Atendimento Humano,Hakon,,2fc3880f-055e-4271-8ca2-0d1e624fa4ef,open,,2026-07-27 14:57,2026-08-28 09:00,2026-08-28 09:00,JAK0CDsizDN6K7Tz6xKa,Dra Silvana Ferreira,peleinstitutocomercial@gmail.com,+5511993572836,uQNgnn5W2rlgD4UEckTk
A_em_humano_entrada_ate_31ago,Sim,Data em que ENTROU ou REENTROU em Atendimento Humano (ex.: voltou de Perdido). Passou por humano em agosto.,yqgVI0lNzFcUKe0oDB0S,Alex Del Colli 62999373008,Vendas,Atendimento Humano,Hegon,,2fc3880f-055e-4271-8ca2-0d1e624fa4ef,open,,2026-08-28 09:45,2026-08-28 09:45,2026-08-28 09:45,BveJcDFUEg07H7KXpVYW,Alex Del Colli,alex.del.colli@gmail.com,+5562999373008,zmYKEchnhQE7052CtHqP
A_em_humano_entrada_ate_31ago,Sim,Data em que ENTROU ou REENTROU em Atendimento Humano (ex.: voltou de Perdido). Passou por humano em agosto.,rH5KrBu0wFFBPuyt1FWl,Deise Leite 11945080303,Vendas,Atendimento Humano,Mpt,,2fc3880f-055e-4271-8ca2-0d1e624fa4ef,open,,2026-08-28 09:54,2026-08-28 09:54,2026-08-28 09:54,zDkL1d3NwxYpMBCiy5Or,Deise Leite,,+5511945080303,RLFBFjdepFmmmouejXz7
B_saiu_humano_mudanca_etapa_em_agosto,Sim,Data em que SAIU de Atendimento Humano (foi para a etapa atual). Passou por humano em agosto.,T381b5CXy0X5ep7s0zBL,Maria Carla Evangelista 11958686338,Vendas,Em negociação,Hakon,,e6db12f0-1dc7-4eb4-bb85-d6b3d3070bce,open,,2026-08-27 08:57,2026-08-28 10:52,2026-08-28 10:52,OWLFzNQwVxdCs6DO4IHB,Maria Carla Evangelista,mcarlae13@gmail.com,+5511958686338,1Ft1gE5HxhbmDxM8Y372
B_saiu_humano_mudanca_etapa_em_agosto,Sim,Data em que SAIU de Atendimento Humano (foi para a etapa atual). Passou por humano em agosto.,c8HppkILawfcKBbQ7hzx,Mayara Esteticista 21975822229,Vendas,Perdido,,LaserDay,7af9e26d-c305-4dec-8499-2816cb5c7635,lost,,2026-08-10 12:29,2026-08-28 10:59,2026-08-28 10:59,I45bOeKYnL8gW8YfuOPi,Mayara Esteticista,,+5521975822229,1Ft1gE5HxhbmDxM8Y372
A_em_humano_entrada_ate_31ago,Sim,Data em que ENTROU ou REENTROU em Atendimento Humano (ex.: voltou de Perdido). Passou por humano em agosto.,l68d5G1OLI10Zo55bXVz,Larissa Petri Fraga 11939495906,Vendas,Atendimento Humano,Criodermis,,2fc3880f-055e-4271-8ca2-0d1e624fa4ef,open,,2026-08-28 11:14,2026-08-28 11:14,2026-08-28 11:14,yLRMVQouVoxG130ci8rt,Larissa Petri Fraga,larissapfraga@hotmail.com,+5511939495906,HcJsCFZY6ZVs0eeXH2lq
A_em_humano_entrada_ate_31ago,Sim,Data em que ENTROU ou REENTROU em Atendimento Humano (ex.: voltou de Perdido). Passou por humano em agosto.,vwFhxLw5KwPEgLv2ecEg,Karina Timm 5191446617,Vendas,Atendimento Humano,Omer Smart,,2fc3880f-055e-4271-8ca2-0d1e624fa4ef,open,,2026-06-23 16:11,2026-08-28 11:55,2026-08-28 11:56,UFZnQOyDgBTz7vMK0Adh,Karina Timm,karina.guimaraes22@gmail.com,+555191446617,1Ft1gE5HxhbmDxM8Y372
A_em_humano_entrada_ate_31ago,Sim,Data em que ENTROU ou REENTROU em Atendimento Humano (ex.: voltou de Perdido). Passou por humano em agosto.,tKIHngpDBxzbHOIPokkE,Lary Souza 11932968606,Vendas,Atendimento Humano,Hakon,,2fc3880f-055e-4271-8ca2-0d1e624fa4ef,open,,2026-08-28 14:06,2026-08-28 14:06,2026-08-28 14:06,iz1krL8rRdQbFvjwSjvP,Lary Souza,larissa.sousa121108@gmail.com,+5511932968606,RLFBFjdepFmmmouejXz7
A_em_humano_entrada_ate_31ago,Sim,Data em que ENTROU ou REENTROU em Atendimento Humano (ex.: voltou de Perdido). Passou por humano em agosto.,TfqhgntVPSa03AJJt5VW,Adriana Contassot  49999070100,Vendas,Atendimento Humano,Hegon,,2fc3880f-055e-4271-8ca2-0d1e624fa4ef,open,,2026-08-28 14:01,2026-08-28 14:09,2026-08-28 14:09,lT9aOy1qUno7GMwzpsMB,Adriana Contassot,adrianacontassot@gmail.com,+5549999070100,tOCTm6XWnrsTULwxhiav
A_em_humano_entrada_ate_31ago,Sim,Data em que ENTROU ou REENTROU em Atendimento Humano (ex.: voltou de Perdido). Passou por humano em agosto.,4g7LsRDbxd7MSWRUfjzv,Larissa Fonseca 21997096374,Vendas,Atendimento Humano,Omer Smart,,2fc3880f-055e-4271-8ca2-0d1e624fa4ef,open,,2026-06-19 12:44,2026-08-28 16:04,2026-08-28 16:04,TDAdCW1qSlnBrgsIP0sL,Larissa Fonseca,studiolarissafonseca@gmail.com,+5521997096374,uQNgnn5W2rlgD4UEckTk
B_saiu_humano_mudanca_etapa_em_agosto,Sim,Data em que SAIU de Atendimento Humano (foi para a etapa atual). Passou por humano em agosto.,pXX7l7xUVo7sM346nt6H,Debora Moreno R De Freitas 38999995736,Vendas,Análise de crédito,Omer Smart,,4d5ec528-ca3b-4aa3-b51c-f0686751215e,open,,2026-08-11 18:52,2026-08-28 16:43,2026-08-28 16:43,Y6sTibE3jsvDQSGCGhNU,Débora Moreno R de Freitas,ads.dehmoreno@gmail.com,+5538999995736,1Ft1gE5HxhbmDxM8Y372
A_em_humano_entrada_ate_31ago,Sim,Data em que ENTROU ou REENTROU em Atendimento Humano (ex.: voltou de Perdido). Passou por humano em agosto.,864dOJm7BO5vp2wEVyCw,Leia Borges 49988311727,Vendas,Atendimento Humano,Hifu,,2fc3880f-055e-4271-8ca2-0d1e624fa4ef,open,,2026-07-17 16:56,2026-08-28 16:57,2026-08-28 16:57,tbFAdLQ055kqSSvZ99fI,Léia borges,liadassumpo@yahoo.com.br,+5549988311727,tOCTm6XWnrsTULwxhiav
A_em_humano_entrada_ate_31ago,Sim,Data em que ENTROU ou REENTROU em Atendimento Humano (ex.: voltou de Perdido). Passou por humano em agosto.,FkH2QcFFSxadeW0eoEYF,Lucimara Alves Cordeiro 17997219438,Vendas,Atendimento Humano,Hakon,,2fc3880f-055e-4271-8ca2-0d1e624fa4ef,open,,2026-08-03 09:21,2026-08-28 17:11,2026-08-28 17:11,d0CfpINn1hrU8kgDl5AQ,Lucimara Alves Cordeiro,lucimara_cordeiro24@hotmail.com,+5517997219438,zmYKEchnhQE7052CtHqP
B_saiu_humano_mudanca_etapa_em_agosto,Sim,Data em que SAIU de Atendimento Humano (foi para a etapa atual). Passou por humano em agosto.,vVBQnpvkqm9v3Br7MHge,Manu Fonseca,Vendas,Ganho,Hakon,,4a4f4cfd-fa71-4252-bbf6-baf3c5b4dc80,won,89605.3,2026-08-24 22:27,2026-08-31 08:26,2026-08-31 08:26,xe4lWZMbcUlS50LwRCrB,Manu Fonseca,emanuelle.santos14@icloud.com,+5521980331706,tOCTm6XWnrsTULwxhiav
A_em_humano_entrada_ate_31ago,Sim,Data em que ENTROU ou REENTROU em Atendimento Humano (ex.: voltou de Perdido). Passou por humano em agosto.,ejIIYfrvKYnrKuHJs4oi,Isabella Guerra 11993090428,Vendas,Atendimento Humano,Hakon,,2fc3880f-055e-4271-8ca2-0d1e624fa4ef,open,,2026-08-31 08:57,2026-08-31 08:57,2026-08-31 08:57,UCRK7MZkWCDoBd4t8KSu,Isabella Guerra,centerpinkconcept@gmail.com,+5511993090428,RLFBFjdepFmmmouejXz7
A_em_humano_entrada_ate_31ago,Sim,Data em que ENTROU ou REENTROU em Atendimento Humano (ex.: voltou de Perdido). Passou por humano em agosto.,gcA1ysPhEhbPx8kLi95K,Dimas Thalys De Moura Bezerra 81982999999,Vendas,Atendimento Humano,Hakon,,2fc3880f-055e-4271-8ca2-0d1e624fa4ef,open,,2026-08-31 09:06,2026-08-31 09:57,2026-08-31 09:57,gFXIu8Ys2ELGDEhZAubf,Dimas Thalys de Moura Bezerra,contato@drdimas.med.br,+5581982999999,BadP83SqCkMIcyU9snIg
A_em_humano_entrada_ate_31ago,Sim,Data em que ENTROU ou REENTROU em Atendimento Humano (ex.: voltou de Perdido). Passou por humano em agosto.,CFxyDby4ukG8ygOUkAZV,Thalia Souza 44998044623,Vendas,Atendimento Humano,"Hegon, Pisom",,2fc3880f-055e-4271-8ca2-0d1e624fa4ef,open,,2026-08-29 19:15,2026-08-31 10:16,2026-08-31 10:27,enqH2ukdIKRSXeIohNV8,Thalia Souza,thaliaviana2020@gmail.com,+5544998044623,tOCTm6XWnrsTULwxhiav
B_saiu_humano_mudanca_etapa_em_agosto,Sim,Data em que SAIU de Atendimento Humano (foi para a etapa atual). Passou por humano em agosto.,B1wn9LnXsfsuJr7yHUIy,Alex Monserrat 35999017142,Vendas,Perdido,Omer Smart,,7af9e26d-c305-4dec-8499-2816cb5c7635,lost,,2026-07-24 08:53,2026-08-31 10:19,2026-08-31 10:19,OPxOczwudFFFbT7iTKpL,ALEX MONSERRAT,sr.monserrat@outlook.com,+5535999017142,tOCTm6XWnrsTULwxhiav
A_em_humano_entrada_ate_31ago,Sim,Data em que ENTROU ou REENTROU em Atendimento Humano (ex.: voltou de Perdido). Passou por humano em agosto.,GBRV4HMezoPklQBboTIG,Naiade Santos de Carvalho 63999440562,Vendas,Atendimento Humano,Hakon,,2fc3880f-055e-4271-8ca2-0d1e624fa4ef,open,,2026-08-31 10:32,2026-08-31 10:32,2026-08-31 10:32,HVCTVdYMFHob9z8zuE25,Naiade Santos de Carvalho,maninha.tce14@gmail.com,+5563999440562,uQNgnn5W2rlgD4UEckTk
A_em_humano_entrada_ate_31ago,Sim,Data em que ENTROU ou REENTROU em Atendimento Humano (ex.: voltou de Perdido). Passou por humano em agosto.,efGtSEOkt9WijyOe5xfM,Gisele Renault 31988853163,Vendas,Atendimento Humano,Hakon,,2fc3880f-055e-4271-8ca2-0d1e624fa4ef,open,,2026-08-31 10:35,2026-08-31 10:35,2026-08-31 10:39,NOeDXfXr6yD1Pu2XCjD9,Gisele Renault,gisele.renault58@gmail.com,+5531988853163,HcJsCFZY6ZVs0eeXH2lq
B_saiu_humano_mudanca_etapa_em_agosto,Sim,Data em que SAIU de Atendimento Humano (foi para a etapa atual). Passou por humano em agosto.,bSB1HvNzKRt84EaG1cAO,Antonio Noel Ferreira De Lima,Vendas,Ganho,Liftendo,,4a4f4cfd-fa71-4252-bbf6-baf3c5b4dc80,won,94008.49,2026-08-31 10:46,2026-08-31 10:47,2026-08-31 10:48,uxRcFmZZ2APbg7i1tQfO,ANTONIO NOEL FERREIRA DE LIMA,tuca1lima@gmail.com,+5521974499077,zmYKEchnhQE7052CtHqP
A_em_humano_entrada_ate_31ago,Sim,Data em que ENTROU ou REENTROU em Atendimento Humano (ex.: voltou de Perdido). Passou por humano em agosto.,Ehqoqci9FHY0HAXCWw4I,Lucimara Kimura / Dentista Hof 11980766877,Vendas,Atendimento Humano,Mpt,,2fc3880f-055e-4271-8ca2-0d1e624fa4ef,open,,2026-08-05 14:32,2026-08-31 10:49,2026-08-31 10:49,flq0n2ffEfhUak0ePQ17,Lucimara Kimura / Dentista Hof,jkodonto@ig.com.br,+5511980766877,zmYKEchnhQE7052CtHqP
A_em_humano_entrada_ate_31ago,Sim,Data em que ENTROU ou REENTROU em Atendimento Humano (ex.: voltou de Perdido). Passou por humano em agosto.,CMAkK0clBlUH3j39Ks7N,Dra Cristina Ballestero 21991242506,Vendas,Atendimento Humano,Mpt,,2fc3880f-055e-4271-8ca2-0d1e624fa4ef,open,,2026-06-22 13:05,2026-08-31 10:52,2026-08-31 10:52,docKE5V4tZV7u9d61quV,Dra Cristina Ballestero,crisballestero@gmail.com,+5521991242506,zmYKEchnhQE7052CtHqP
A_em_humano_entrada_ate_31ago,Sim,Data em que ENTROU ou REENTROU em Atendimento Humano (ex.: voltou de Perdido). Passou por humano em agosto.,WWpuQUii9KqK3NodGZR6,Meire 19999557070,Vendas,Atendimento Humano,Mpt,,2fc3880f-055e-4271-8ca2-0d1e624fa4ef,open,,2026-08-31 10:53,2026-08-31 10:53,2026-08-31 10:53,w0SC8iV2szu6mmv7JC6l,Meire,rosesocialmedias@gmail.com,+5519999557070,zmYKEchnhQE7052CtHqP
A_em_humano_entrada_ate_31ago,Sim,Data em que ENTROU ou REENTROU em Atendimento Humano (ex.: voltou de Perdido). Passou por humano em agosto.,9BcsJBY0n74auiuER1fT,Daniela 11924932532,Vendas,Atendimento Humano,Mpt,,2fc3880f-055e-4271-8ca2-0d1e624fa4ef,open,,2026-08-31 10:58,2026-08-31 10:58,2026-08-31 10:58,jMC28wgT8bMMiA1q2wKn,Daniela,danisilva01outlook@gmail.com,+5511924932532,1Ft1gE5HxhbmDxM8Y372
A_em_humano_entrada_ate_31ago,Sim,Data em que ENTROU ou REENTROU em Atendimento Humano (ex.: voltou de Perdido). Passou por humano em agosto.,IQmOs10kNosPjMbySr0o,Jessé Cardona 51986400095,Vendas,Atendimento Humano,Omer Smart,,2fc3880f-055e-4271-8ca2-0d1e624fa4ef,open,,2026-08-25 08:01,2026-08-31 11:00,2026-08-31 11:00,B3PKpsBpyrCKLIT6qoEm,Jessé Cardona,jessedesouzamacielcardona@gmail.com,+5551986400095,uQNgnn5W2rlgD4UEckTk
A_em_humano_entrada_ate_31ago,Sim,Data em que ENTROU ou REENTROU em Atendimento Humano (ex.: voltou de Perdido). Passou por humano em agosto.,VMhPWYaKZO3bFeR9UZQQ,Ericka Teodoro 16991229191,Vendas,Atendimento Humano,Hakon,,2fc3880f-055e-4271-8ca2-0d1e624fa4ef,open,,2026-08-31 11:08,2026-08-31 11:08,2026-08-31 11:08,ONcbN3sWtj1TclZpXikH,Ericka Teodoro| Limpeza de pele em Ituverava,ericka-oliveira51@hotmail.com,+5516991229191,tOCTm6XWnrsTULwxhiav
A_em_humano_entrada_ate_31ago,Sim,Data em que ENTROU ou REENTROU em Atendimento Humano (ex.: voltou de Perdido). Passou por humano em agosto.,wYLL2Vzx9vhcPZGadJrt,Isaac 21988927085,Vendas,Atendimento Humano,Hegon,,2fc3880f-055e-4271-8ca2-0d1e624fa4ef,open,,2026-08-31 13:03,2026-08-31 13:22,2026-08-31 13:22,Dj0C6Ba6fJrTFNPylDMa,Isaac,anestesia.isaac@gmail.com,+5521988927085,BadP83SqCkMIcyU9snIg
A_em_humano_entrada_ate_31ago,Sim,Data em que ENTROU ou REENTROU em Atendimento Humano (ex.: voltou de Perdido). Passou por humano em agosto.,CMD2ze31Wpm5uRJ6DXHg,Roberta Vermeulen 21975226565,Vendas,Atendimento Humano,Hegon,,2fc3880f-055e-4271-8ca2-0d1e624fa4ef,open,,2026-08-31 13:29,2026-08-31 13:29,2026-08-31 13:29,yKgp1PjzqGxKWjtqKDYy,Roberta Vermeulen,robertavermeulen@gmail.com,+5521975226565,uQNgnn5W2rlgD4UEckTk
A_em_humano_entrada_ate_31ago,Sim,Data em que ENTROU ou REENTROU em Atendimento Humano (ex.: voltou de Perdido). Passou por humano em agosto.,qKGJzWTnYcseAVL4Wa52,Rosaura Bordinhão 5199589122,Vendas,Atendimento Humano,Hegon,,2fc3880f-055e-4271-8ca2-0d1e624fa4ef,open,,2026-08-31 13:44,2026-08-31 13:44,2026-08-31 13:44,1owInmcErnwhDoktv4q0,Rosaura Bordinhão | Enfermeira Esteta,rosaurabordinhao@gmail.com,+555199589122,BadP83SqCkMIcyU9snIg
B_saiu_humano_mudanca_etapa_em_agosto,Sim,Data em que SAIU de Atendimento Humano (foi para a etapa atual). Passou por humano em agosto.,AdicegrNyPfTP8t3efqW,Elis Mello 55997113733,Vendas,Em negociação,Hegon,,e6db12f0-1dc7-4eb4-bb85-d6b3d3070bce,open,,2026-08-31 13:58,2026-08-31 13:58,2026-08-31 13:58,iin4HulprheHsUEQaqQt,elis mello,,+5555997113733,uQNgnn5W2rlgD4UEckTk
A_em_humano_entrada_ate_31ago,Sim,Data em que ENTROU ou REENTROU em Atendimento Humano (ex.: voltou de Perdido). Passou por humano em agosto.,P9eOtDRBEoiXhP5HUMGy,Francisco Leite 41996520412,Vendas,Atendimento Humano,Hegon,,2fc3880f-055e-4271-8ca2-0d1e624fa4ef,open,,2026-08-31 13:58,2026-08-31 13:58,2026-08-31 13:59,8MDZCo89nJg94FPhvKWr,Francisco Leite,francisco.leite.ntt@gmail.com,+5541996520412,BadP83SqCkMIcyU9snIg
A_em_humano_entrada_ate_31ago,Sim,Data em que ENTROU ou REENTROU em Atendimento Humano (ex.: voltou de Perdido). Passou por humano em agosto.,pgBq5HN5qOLeuVfP1EKM,Dr Hugo França 34991318379,Vendas,Atendimento Humano,Mpt,,2fc3880f-055e-4271-8ca2-0d1e624fa4ef,open,,2026-08-31 14:10,2026-08-31 14:10,2026-08-31 14:11,BvRzuGliUzxLJcXYtyBx,Dr. Hugo França | Emagrecimento & Hipertrofia,hugo_fq@hotmail.com,+5534991318379,BadP83SqCkMIcyU9snIg
A_em_humano_entrada_ate_31ago,Sim,Data em que ENTROU ou REENTROU em Atendimento Humano (ex.: voltou de Perdido). Passou por humano em agosto.,dGbsSfOrB0DD6uNAcM0Y,Edilaine Fventura 21988743306,Vendas,Atendimento Humano,Hakon,,2fc3880f-055e-4271-8ca2-0d1e624fa4ef,open,,2026-08-31 14:53,2026-08-31 14:53,2026-08-31 14:53,Tco8AjDFXgPxSNHf82r7,Edilaine Fventura,edilineventura@yahoo.com.br,+5521988743306,HcJsCFZY6ZVs0eeXH2lq
A_em_humano_entrada_ate_31ago,Sim,Data em que ENTROU ou REENTROU em Atendimento Humano (ex.: voltou de Perdido). Passou por humano em agosto.,Ttrewg0bceaRDk9L3f1Q,Erica Felipe Soares (AYUNI SPA e Beleza Terapêutica) 11998780259,Vendas,Atendimento Humano,,Hertix,2fc3880f-055e-4271-8ca2-0d1e624fa4ef,open,,2026-08-31 15:06,2026-08-31 15:06,2026-08-31 15:07,NC6aLR5aQ1qtfmlW7fhR,Erica Felipe Soares (AYUNI SPA e Beleza Terapêutica),,+5511998780259,MQwUeTPdGWQQ0VwsaAVr
A_em_humano_entrada_ate_31ago,Sim,Data em que ENTROU ou REENTROU em Atendimento Humano (ex.: voltou de Perdido). Passou por humano em agosto.,jAmavtPUBR0AXk8YVjXO,Adenilza Ferreira Pires 44984061143,Vendas,Atendimento Humano,"Hegon, Liftendo",,2fc3880f-055e-4271-8ca2-0d1e624fa4ef,open,,2026-08-12 10:59,2026-08-31 15:46,2026-08-31 15:46,sNXyMHERWngLAoXczfM1,Adenilza Ferreira Pires,adenilza_ferreira@hotmail.com,+5544984061143,zmYKEchnhQE7052CtHqP
B_saiu_humano_mudanca_etapa_em_agosto,Sim,Data em que SAIU de Atendimento Humano (foi para a etapa atual). Passou por humano em agosto.,O2U0UgcOhXZ3FpTgqg8D,Sophia Coltro 17991270847,Vendas,Em negociação,Hegon,,e6db12f0-1dc7-4eb4-bb85-d6b3d3070bce,open,,2026-08-31 09:53,2026-08-31 15:47,2026-08-31 15:47,GE8hHErDbYicNHhWDPJo,Sophia Coltro,sophcoltro@gmail.com,+5517991270847,zmYKEchnhQE7052CtHqP
B_saiu_humano_mudanca_etapa_em_agosto,Sim,Data em que SAIU de Atendimento Humano (foi para a etapa atual). Passou por humano em agosto.,5ud8KiN1vyCoVAT3cu1e,Aline Bernardina 27981336565,Vendas,Perdido,Hegon,,7af9e26d-c305-4dec-8499-2816cb5c7635,lost,,2026-08-26 17:49,2026-08-31 16:39,2026-08-31 16:39,ecU9wWSla2HnMOb5Vi0b,Aline Bernardina,alinebernardina@gmail.com,+5527981336565,zmYKEchnhQE7052CtHqP
A_em_humano_entrada_ate_31ago,Sim,Data em que ENTROU ou REENTROU em Atendimento Humano (ex.: voltou de Perdido). Passou por humano em agosto.,T1vOynt9fXpIxVHcCDzA,Maria Aparecida de Fátima Siqueira Siqueira 37999091010,Vendas,Atendimento Humano,Hakon,,2fc3880f-055e-4271-8ca2-0d1e624fa4ef,open,,2026-08-31 17:14,2026-08-31 17:25,2026-08-31 17:25,fX04meuqvzymjbxJFbwB,Maria Aparecida de Fátima Siqueira Siqueira,cidacabeleleirapro@gmail.com,+5537999091010,RLFBFjdepFmmmouejXz7
A_em_humano_entrada_ate_31ago,Sim,Data em que ENTROU ou REENTROU em Atendimento Humano (ex.: voltou de Perdido). Passou por humano em agosto.,g7G7UAFoQVUdNn8V2JNS,Juliana Versiani,Workshop,Atendimento Humano,,,05944105-d9ed-4f8e-bf65-45f0404f1b29,open,,2026-08-03 20:27,2026-08-03 20:27,2026-08-03 20:27,v1cwV8kGewtaf3gGyVPj,Juliana Aparecida Versiani de Souza,julianaversiani29@gmail.com,+5594992621143,GYuOrs7GqrmDAUNjK0vm
A_em_humano_entrada_ate_31ago,Sim,Data em que ENTROU ou REENTROU em Atendimento Humano (ex.: voltou de Perdido). Passou por humano em agosto.,7SD9Pn2GHAWRrTR8t5si,Carina Daniela,Workshop,Atendimento Humano,,,05944105-d9ed-4f8e-bf65-45f0404f1b29,open,,2026-08-05 14:06,2026-08-05 14:06,2026-08-05 14:06,kwVIBup2LU0npWXhtPez,Carina Daniela,,+555194406252,
A_em_humano_entrada_ate_31ago,Sim,Data em que ENTROU ou REENTROU em Atendimento Humano (ex.: voltou de Perdido). Passou por humano em agosto.,nPWWQBRxGoyf3edFIpjm,Pati🤍,Workshop,Atendimento Humano,,,05944105-d9ed-4f8e-bf65-45f0404f1b29,open,,2026-08-08 00:47,2026-08-08 00:47,2026-08-08 00:47,0sYU6KceP0eNSSFBS4TH,Pati🤍,,+5521992237761,
A_em_humano_entrada_ate_31ago,Sim,Data em que ENTROU ou REENTROU em Atendimento Humano (ex.: voltou de Perdido). Passou por humano em agosto.,5Ed9WJDNElMsbfNhr7EH,Georgia Siman,Workshop,Atendimento Humano,,,05944105-d9ed-4f8e-bf65-45f0404f1b29,open,,2026-08-08 07:53,2026-08-08 07:53,2026-08-08 07:53,oVw25LlQpsB5E5E0d61g,Georgia Siman,,+5524974016436,
A_em_humano_entrada_ate_31ago,Sim,Data em que ENTROU ou REENTROU em Atendimento Humano (ex.: voltou de Perdido). Passou por humano em agosto.,ucWFfhVCHDkQNxdD7Ery,Dra Luany Lopes,Workshop,Atendimento Humano,,,05944105-d9ed-4f8e-bf65-45f0404f1b29,open,,2026-08-08 07:57,2026-08-08 07:57,2026-08-08 07:57,fSO9Laf1TwDnNxhvbzj8,Dra Luany Lopes,,+556294106364,
A_em_humano_entrada_ate_31ago,Sim,Data em que ENTROU ou REENTROU em Atendimento Humano (ex.: voltou de Perdido). Passou por humano em agosto.,4ZDy6skh9KjhVD7272Xx,Daniele,Workshop,Atendimento Humano,,,05944105-d9ed-4f8e-bf65-45f0404f1b29,open,,2026-08-08 13:05,2026-08-08 13:05,2026-08-08 13:05,3B6R3Ms2fUXEtKBvDRZG,Daniele,,+5521979866964,
A_em_humano_entrada_ate_31ago,Sim,Data em que ENTROU ou REENTROU em Atendimento Humano (ex.: voltou de Perdido). Passou por humano em agosto.,74NgChIso2cX0BtriAag,Vanessa,Workshop,Atendimento Humano,,,05944105-d9ed-4f8e-bf65-45f0404f1b29,open,,2026-08-08 16:49,2026-08-08 16:49,2026-08-08 16:49,A9zD6AxCDzgjuxZifuRp,Vanessa,,+5521997627649,
A_em_humano_entrada_ate_31ago,Sim,Data em que ENTROU ou REENTROU em Atendimento Humano (ex.: voltou de Perdido). Passou por humano em agosto.,EqUwWtr9OHIOmEp4BmbU,Natalia Guimarães,Workshop,Atendimento Humano,,,05944105-d9ed-4f8e-bf65-45f0404f1b29,open,,2026-08-08 17:21,2026-08-08 17:21,2026-08-08 17:21,NIrhElUC3G7Ie3YXness,Natalia Guimarães,,+5521964131385,
A_em_humano_entrada_ate_31ago,Sim,Data em que ENTROU ou REENTROU em Atendimento Humano (ex.: voltou de Perdido). Passou por humano em agosto.,IkegaEeKlCJpqSQo0LpK,Priscila Oliveira,Workshop,Atendimento Humano,,,05944105-d9ed-4f8e-bf65-45f0404f1b29,open,,2026-08-08 17:46,2026-08-08 17:46,2026-08-08 17:46,W7NprFBuxrVTE3tcmq9w,Priscila Oliveira,,+5521987328695,
A_em_humano_entrada_ate_31ago,Sim,Data em que ENTROU ou REENTROU em Atendimento Humano (ex.: voltou de Perdido). Passou por humano em agosto.,726nJ09imXpuYpdBS0Mn,Dra Sandra Princisval 21993608620,Workshop,Atendimento Humano,Mpt,,05944105-d9ed-4f8e-bf65-45f0404f1b29,open,,2026-08-08 18:12,2026-08-08 18:12,2026-08-28 16:20,UR1xHb0tfqTsHpclPQUL,Sandra Regina Moço Princisval Vieira,,+5521993608620,7I7kjU5c2z6JhoCpoC2L
A_em_humano_entrada_ate_31ago,Sim,Data em que ENTROU ou REENTROU em Atendimento Humano (ex.: voltou de Perdido). Passou por humano em agosto.,ms6LpiGMAWIKOXdtdhqr,Fernanda Melo,Workshop,Atendimento Humano,,,05944105-d9ed-4f8e-bf65-45f0404f1b29,open,,2026-08-08 21:53,2026-08-08 21:53,2026-08-08 21:53,2RqXc73gYmQMzftHGKfK,Fernanda Melo,,+5521993728782,
A_em_humano_entrada_ate_31ago,Sim,Data em que ENTROU ou REENTROU em Atendimento Humano (ex.: voltou de Perdido). Passou por humano em agosto.,1ApTUlBC0ZiOFEmGnoVG,Camilla Andrade,Workshop,Atendimento Humano,,,05944105-d9ed-4f8e-bf65-45f0404f1b29,open,,2026-08-08 23:18,2026-08-08 23:18,2026-08-08 23:18,18XmGqtJ0PEGSDQ6L0Dy,Camilla Andrade,,+5521985272773,
A_em_humano_entrada_ate_31ago,Sim,Data em que ENTROU ou REENTROU em Atendimento Humano (ex.: voltou de Perdido). Passou por humano em agosto.,k8rVnrzGXLcqVwSFj1zj,Dândara Guimarães - Osteopatia E Pós Operatório,Workshop,Atendimento Humano,,,05944105-d9ed-4f8e-bf65-45f0404f1b29,open,,2026-08-09 00:52,2026-08-09 00:52,2026-08-09 00:52,I44RLSA6okFz5WlG4dV0,Dândara Guimarães - Osteopatia e Pós Operatório,,+5524998273074,
A_em_humano_entrada_ate_31ago,Sim,Data em que ENTROU ou REENTROU em Atendimento Humano (ex.: voltou de Perdido). Passou por humano em agosto.,yTQWFbAJWV6yB4onXLUn,@amais.estetica🩺👩‍⚕️💉,Workshop,Atendimento Humano,,,05944105-d9ed-4f8e-bf65-45f0404f1b29,open,,2026-08-09 01:40,2026-08-09 01:40,2026-08-09 01:40,G3R8rQOWyJgbVwXNGVYX,@amais.estetica🩺👩‍⚕️💉,,+5521964169544,
A_em_humano_entrada_ate_31ago,Sim,Data em que ENTROU ou REENTROU em Atendimento Humano (ex.: voltou de Perdido). Passou por humano em agosto.,xvtYqLbmBp4TvKEXBsbH,Ana Alice,Workshop,Atendimento Humano,,,05944105-d9ed-4f8e-bf65-45f0404f1b29,open,,2026-08-09 07:36,2026-08-09 07:36,2026-08-09 07:36,yd6R8h1T0qjuRXS1eKd0,Ana Alice,,+5521969049812,
A_em_humano_entrada_ate_31ago,Sim,Data em que ENTROU ou REENTROU em Atendimento Humano (ex.: voltou de Perdido). Passou por humano em agosto.,KVkzuB5JVdZOO30J57I7,Maísa,Workshop,Atendimento Humano,,,05944105-d9ed-4f8e-bf65-45f0404f1b29,open,,2026-08-09 10:19,2026-08-09 10:19,2026-08-09 10:19,qls1r1oqhphpeAFESIAv,Maísa,,+5521968883994,
A_em_humano_entrada_ate_31ago,Sim,Data em que ENTROU ou REENTROU em Atendimento Humano (ex.: voltou de Perdido). Passou por humano em agosto.,yXTqKTs5LyNyhfPTR8O6,Karla Bianca Fontes,Workshop,Atendimento Humano,,,05944105-d9ed-4f8e-bf65-45f0404f1b29,open,,2026-08-09 11:33,2026-08-09 11:33,2026-08-09 11:33,jHPIqzpzsPPRLkejTgDJ,Karla Bianca Fontes,,+5521981316447,
A_em_humano_entrada_ate_31ago,Sim,Data em que ENTROU ou REENTROU em Atendimento Humano (ex.: voltou de Perdido). Passou por humano em agosto.,C9qz9bR87fI3RN8a8yc6,Studio Dejanine Koppe,Workshop,Atendimento Humano,,,05944105-d9ed-4f8e-bf65-45f0404f1b29,open,,2026-08-09 14:29,2026-08-09 14:29,2026-08-09 14:29,9Ew50kbTqVwU30H7J3mv,Studio Dejanine Koppe,,+5521986666168,
A_em_humano_entrada_ate_31ago,Sim,Data em que ENTROU ou REENTROU em Atendimento Humano (ex.: voltou de Perdido). Passou por humano em agosto.,sZSsVQvAJ8rx0ek2ffPs,Estética & Bem-Estar,Workshop,Atendimento Humano,,,05944105-d9ed-4f8e-bf65-45f0404f1b29,open,,2026-08-09 14:58,2026-08-09 14:58,2026-08-09 14:58,14sffUrMDQCNWVgOzMs6,Estética & Bem-estar,,+5521972195958,
A_em_humano_entrada_ate_31ago,Sim,Data em que ENTROU ou REENTROU em Atendimento Humano (ex.: voltou de Perdido). Passou por humano em agosto.,d5TrVu21dYwYm1UzGHPA,Morais,Workshop,Atendimento Humano,,,05944105-d9ed-4f8e-bf65-45f0404f1b29,open,,2026-08-09 17:50,2026-08-09 17:50,2026-08-09 17:50,0KQYZKePgoR7ucQjnbTd,Morais,,+5524993305318,
A_em_humano_entrada_ate_31ago,Sim,Data em que ENTROU ou REENTROU em Atendimento Humano (ex.: voltou de Perdido). Passou por humano em agosto.,EHA0yg1VFXnFrDEBs5ID,Lorenna Araujo Cuidado E Beleza,Workshop,Atendimento Humano,,,05944105-d9ed-4f8e-bf65-45f0404f1b29,open,,2026-08-09 23:35,2026-08-09 23:35,2026-08-09 23:35,XCsm02uvsh2rKz4DLZWK,Lorenna Araujo Cuidado e Beleza,,+5521987613618,
A_em_humano_entrada_ate_31ago,Sim,Data em que ENTROU ou REENTROU em Atendimento Humano (ex.: voltou de Perdido). Passou por humano em agosto.,4JDcxgPllQyg44ezTMXz,Josiane Perez,Workshop,Atendimento Humano,,,05944105-d9ed-4f8e-bf65-45f0404f1b29,open,,2026-08-10 08:46,2026-08-10 08:46,2026-08-10 08:46,Vx5RMUe7bNmqLZKxgoU8,Josiane Perez,,+5521999767408,
A_em_humano_entrada_ate_31ago,Sim,Data em que ENTROU ou REENTROU em Atendimento Humano (ex.: voltou de Perdido). Passou por humano em agosto.,GVIxYwbBwXVAdWWI4MMT,Thaise,Workshop,Atendimento Humano,,,05944105-d9ed-4f8e-bf65-45f0404f1b29,open,,2026-08-10 10:39,2026-08-10 10:39,2026-08-10 10:39,D7YdQr7yBAzplbs5yqFR,Thaise,,+5521997966512,
A_em_humano_entrada_ate_31ago,Sim,Data em que ENTROU ou REENTROU em Atendimento Humano (ex.: voltou de Perdido). Passou por humano em agosto.,mSSc6pPskyjL8GPu0wYV,Natali,Workshop,Atendimento Humano,,,05944105-d9ed-4f8e-bf65-45f0404f1b29,open,,2026-08-10 11:51,2026-08-10 11:51,2026-08-10 11:51,UhLZsGiUbJ5q4cJujBiI,Natali,,+5521979908760,
A_em_humano_entrada_ate_31ago,Sim,Data em que ENTROU ou REENTROU em Atendimento Humano (ex.: voltou de Perdido). Passou por humano em agosto.,TW8B0cTKdIgsdY3HzkqS,Tatiane Narciso,Workshop,Atendimento Humano,,,05944105-d9ed-4f8e-bf65-45f0404f1b29,open,,2026-08-10 11:53,2026-08-10 11:53,2026-08-10 11:53,Z1Ak2xT3tlE4qRuNKiR1,Tatiane Narciso,,+5521964386619,
A_em_humano_entrada_ate_31ago,Sim,Data em que ENTROU ou REENTROU em Atendimento Humano (ex.: voltou de Perdido). Passou por humano em agosto.,DcxQG2vfM4jwl6NufWBX,Biolocation,Workshop,Atendimento Humano,,,05944105-d9ed-4f8e-bf65-45f0404f1b29,open,,2026-08-10 12:02,2026-08-10 12:02,2026-08-10 12:02,1HKu6k6vNzcZsJSvmMGx,Biolocation,,+5521988835648,
A_em_humano_entrada_ate_31ago,Sim,Data em que ENTROU ou REENTROU em Atendimento Humano (ex.: voltou de Perdido). Passou por humano em agosto.,td7FimG1fORqBnTQAjIL,Daniella Bomtempo,Workshop,Atendimento Humano,,,05944105-d9ed-4f8e-bf65-45f0404f1b29,open,,2026-08-10 12:09,2026-08-10 12:09,2026-08-10 12:09,PXxq24EQtCauFpnZ3ye6,Daniella Bomtempo,,+5521982249347,
A_em_humano_entrada_ate_31ago,Sim,Data em que ENTROU ou REENTROU em Atendimento Humano (ex.: voltou de Perdido). Passou por humano em agosto.,VxcjnMpNwa2T5pRmfk2J,Elisangela Galito,Workshop,Atendimento Humano,,,05944105-d9ed-4f8e-bf65-45f0404f1b29,open,,2026-08-10 12:17,2026-08-10 12:17,2026-08-10 12:17,T68rMGNF4HXiFaMQw6Ng,Elisangela Galito,,+5521975612877,
A_em_humano_entrada_ate_31ago,Sim,Data em que ENTROU ou REENTROU em Atendimento Humano (ex.: voltou de Perdido). Passou por humano em agosto.,fL8VcwtnGK8kAw3tOd57,Milene Mendes,Workshop,Atendimento Humano,,,05944105-d9ed-4f8e-bf65-45f0404f1b29,open,,2026-08-10 13:23,2026-08-10 13:23,2026-08-10 13:23,scOnSbjbDeuj0Aj7eIxQ,Milene Mendes,,+5521992322002,
A_em_humano_entrada_ate_31ago,Sim,Data em que ENTROU ou REENTROU em Atendimento Humano (ex.: voltou de Perdido). Passou por humano em agosto.,Ycn1g9H3CXlYZJHkQIl6,Thays Sampaio Beauty & Academy,Workshop,Atendimento Humano,,,05944105-d9ed-4f8e-bf65-45f0404f1b29,open,,2026-08-10 13:50,2026-08-10 13:50,2026-08-10 13:50,H4wCydel8Lj8ZJZ3RNSH,Thays Sampaio Beauty & Academy,,+5521966010476,
A_em_humano_entrada_ate_31ago,Sim,Data em que ENTROU ou REENTROU em Atendimento Humano (ex.: voltou de Perdido). Passou por humano em agosto.,ZhvbTJTISwhWaFGSqn7a,Marcelli Barata,Workshop,Atendimento Humano,,,05944105-d9ed-4f8e-bf65-45f0404f1b29,open,,2026-08-10 14:22,2026-08-10 14:22,2026-08-10 14:22,8QsJxIOOrwUPLmxSUrlf,Marcelli Barata,,+5521964241608,
B_saiu_humano_mudanca_etapa_em_agosto,Sim,Data em que SAIU de Atendimento Humano (foi para a etapa atual). Passou por humano em agosto.,8BgPAYwmu4ds1MIpwyKy,Cristina,Workshop,Closed,,curso de Ninfoplastia,1931347c-3e0d-4a73-b2c5-691d94607be7,lost,,2026-08-10 13:02,2026-08-10 14:47,2026-08-10 14:47,KJBcPYI8Qmy5t90PelDl,Cristina,,+5521965213344,
B_saiu_humano_mudanca_etapa_em_agosto,Sim,Data em que SAIU de Atendimento Humano (foi para a etapa atual). Passou por humano em agosto.,e26nFKQl8YHihxI23XUl,Edwin,Workshop,Closed,,curso de Ninfoplastia,1931347c-3e0d-4a73-b2c5-691d94607be7,lost,,2026-08-08 16:38,2026-08-10 14:49,2026-08-10 14:49,Ny5C4qqwTQKzs7MF8Nkx,Edwin,,+559281155060,
A_em_humano_entrada_ate_31ago,Sim,Data em que ENTROU ou REENTROU em Atendimento Humano (ex.: voltou de Perdido). Passou por humano em agosto.,hIDFMLSwwRt6UTk05m8c,Aline,Workshop,Atendimento Humano,,,05944105-d9ed-4f8e-bf65-45f0404f1b29,open,,2026-08-10 22:19,2026-08-10 22:19,2026-08-10 22:19,5i7hCxBcbK7zWB0LwkJ0,Aline,,+5521975674674,
A_em_humano_entrada_ate_31ago,Sim,Data em que ENTROU ou REENTROU em Atendimento Humano (ex.: voltou de Perdido). Passou por humano em agosto.,QNdjUwU9dcVAvtMtWWea,Ariella Fernanda,Workshop,Atendimento Humano,,,05944105-d9ed-4f8e-bf65-45f0404f1b29,open,,2026-08-10 22:33,2026-08-10 22:33,2026-08-10 22:33,gfMzaPK6KwdrmUpv0ylk,Ariella Fernanda,,+5521993919376,
A_em_humano_entrada_ate_31ago,Sim,Data em que ENTROU ou REENTROU em Atendimento Humano (ex.: voltou de Perdido). Passou por humano em agosto.,3NxX2MD73ZMl8PkIPy4s,Jessica Leite,Workshop,Atendimento Humano,,,05944105-d9ed-4f8e-bf65-45f0404f1b29,open,,2026-08-11 00:05,2026-08-11 00:05,2026-08-11 00:05,gpdKijIEBjvLc1A1VBj3,Jessica Leite,,+5521983594005,
A_em_humano_entrada_ate_31ago,Sim,Data em que ENTROU ou REENTROU em Atendimento Humano (ex.: voltou de Perdido). Passou por humano em agosto.,qFyo62qrCQDkn3ax9B0b,Thais Braga,Workshop,Atendimento Humano,,,05944105-d9ed-4f8e-bf65-45f0404f1b29,open,,2026-08-11 07:38,2026-08-11 07:38,2026-08-11 07:38,DxErd2T5LRmNJFRJViAv,Thais Braga,,+5521975700049,
A_em_humano_entrada_ate_31ago,Sim,Data em que ENTROU ou REENTROU em Atendimento Humano (ex.: voltou de Perdido). Passou por humano em agosto.,mpZzKy5CzRO1zP75YdfK,Vera Lúcia,Workshop,Atendimento Humano,,,05944105-d9ed-4f8e-bf65-45f0404f1b29,open,,2026-08-11 09:01,2026-08-11 09:01,2026-08-11 09:01,KsfoWQbehpfnjcD49WKC,vera Lúcia,,+5521965211332,
A_em_humano_entrada_ate_31ago,Sim,Data em que ENTROU ou REENTROU em Atendimento Humano (ex.: voltou de Perdido). Passou por humano em agosto.,o6bOUc6Kv2bP6Rc5w4JZ,Dra. Williane Melo,Workshop,Atendimento Humano,,,05944105-d9ed-4f8e-bf65-45f0404f1b29,open,,2026-08-11 09:28,2026-08-11 09:28,2026-08-11 09:28,wXzAVy0qZ4sYWPLOAy3g,Dra. Williane Melo,,+5521982595818,
A_em_humano_entrada_ate_31ago,Sim,Data em que ENTROU ou REENTROU em Atendimento Humano (ex.: voltou de Perdido). Passou por humano em agosto.,kkEbSzJAcP3dBKFokIDw,Thaíris Ferreira,Workshop,Atendimento Humano,,,05944105-d9ed-4f8e-bf65-45f0404f1b29,open,,2026-08-11 11:44,2026-08-11 11:44,2026-08-11 11:44,ESwXt8oiIMwg8o3EE6Ta,Thaíris Ferreira,,+5521964993302,
A_em_humano_entrada_ate_31ago,Sim,Data em que ENTROU ou REENTROU em Atendimento Humano (ex.: voltou de Perdido). Passou por humano em agosto.,DirFnVHiydY39R86CxH9,Paula Freitas ✨Estética ✨,Workshop,Atendimento Humano,,,05944105-d9ed-4f8e-bf65-45f0404f1b29,open,,2026-08-11 14:50,2026-08-11 14:50,2026-08-11 14:50,DTf4kn3xd1THdT20JMCp,Paula Freitas ✨Estética ✨,,+5521976094047,
A_em_humano_entrada_ate_31ago,Sim,Data em que ENTROU ou REENTROU em Atendimento Humano (ex.: voltou de Perdido). Passou por humano em agosto.,kQX9pVdZTg3TQLgbqdsy,Gabriela Nogueira 21974882632,Workshop,Atendimento Humano,,LaserDay,05944105-d9ed-4f8e-bf65-45f0404f1b29,open,,2026-08-14 10:07,2026-08-14 10:07,2026-08-18 13:37,UuGEY60OAqfp5RiZjtyQ,Gabriela Nogueira,,+5521974882632,GYuOrs7GqrmDAUNjK0vm
A_em_humano_entrada_ate_31ago,Sim,Data em que ENTROU ou REENTROU em Atendimento Humano (ex.: voltou de Perdido). Passou por humano em agosto.,kd6SmLSgWH4nuUOFqdXA,Cleide Quintanilha,Workshop,Atendimento Humano,,,05944105-d9ed-4f8e-bf65-45f0404f1b29,open,,2026-08-17 10:13,2026-08-17 10:13,2026-08-17 10:13,Ywdy12bngCXWUo5RNlz7,Cleide Quintanilha,,+5521974649521,
A_em_humano_entrada_ate_31ago,Sim,Data em que ENTROU ou REENTROU em Atendimento Humano (ex.: voltou de Perdido). Passou por humano em agosto.,f6mO30A39yPHmTBPdda0,Ana Paula,Workshop,Atendimento Humano,,Laser Day,05944105-d9ed-4f8e-bf65-45f0404f1b29,open,,2026-08-08 09:14,2026-08-17 17:37,2026-08-17 17:37,MWsxiuk9qgs0lHnKvhkT,Ana Paula,,+5521990259155,GYuOrs7GqrmDAUNjK0vm
A_em_humano_entrada_ate_31ago,Sim,Data em que ENTROU ou REENTROU em Atendimento Humano (ex.: voltou de Perdido). Passou por humano em agosto.,YHxTuG8T5eN5yuuhousz,MGMonsores,Workshop,Atendimento Humano,,Laser Day,05944105-d9ed-4f8e-bf65-45f0404f1b29,open,,2026-08-08 09:12,2026-08-17 17:40,2026-08-17 17:40,0x2P2nCxujb11YBC0mb4,MGMonsores,,+5521968995046,GYuOrs7GqrmDAUNjK0vm
A_em_humano_entrada_ate_31ago,Sim,Data em que ENTROU ou REENTROU em Atendimento Humano (ex.: voltou de Perdido). Passou por humano em agosto.,diErwEiDSlehqvEnIe6A,Luma,Workshop,Atendimento Humano,,Laser Day,05944105-d9ed-4f8e-bf65-45f0404f1b29,open,,2026-08-08 08:48,2026-08-17 17:44,2026-08-17 17:44,qIA3V9JkJOeYDnC7tHYe,Luma,,+5521968482906,GYuOrs7GqrmDAUNjK0vm
B_saiu_humano_mudanca_etapa_em_agosto,Sim,Data em que SAIU de Atendimento Humano (foi para a etapa atual). Passou por humano em agosto.,vyZjQQomKdkryXI8J1vL,Lidiane Pereira 21999821931,Workshop,Closed,,Laser Day,1931347c-3e0d-4a73-b2c5-691d94607be7,won,,2026-08-09 09:02,2026-08-19 08:30,2026-08-19 08:30,mUu7vx3bJrEUMEUBSSEM,Lidiane Pereira,,+5521999821931,GYuOrs7GqrmDAUNjK0vm
A_em_humano_entrada_ate_31ago,Sim,Data em que ENTROU ou REENTROU em Atendimento Humano (ex.: voltou de Perdido). Passou por humano em agosto.,mnnTfAffx8qWZQjyKaec,Carol 21981480338,Workshop,Atendimento Humano,,LaserDay,05944105-d9ed-4f8e-bf65-45f0404f1b29,open,,2026-08-19 08:55,2026-08-19 08:55,2026-08-19 08:55,PaoyJhQQbVct1nZp7t8b,Carol,,+5521981480338,GYuOrs7GqrmDAUNjK0vm
A_em_humano_entrada_ate_31ago,Sim,Data em que ENTROU ou REENTROU em Atendimento Humano (ex.: voltou de Perdido). Passou por humano em agosto.,tN0QLfbNWbpW3d9hy0XM,Cristiana Silva da Cruz 21976431281,Workshop,Atendimento Humano,,LaserDay,05944105-d9ed-4f8e-bf65-45f0404f1b29,open,,2026-08-19 11:55,2026-08-19 11:55,2026-08-19 11:55,Zl0qZqhwlweu0y8nzuuZ,Cristiana Silva da Cruz,,+5521976431281,GYuOrs7GqrmDAUNjK0vm
B_saiu_humano_mudanca_etapa_em_agosto,Sim,Data em que SAIU de Atendimento Humano (foi para a etapa atual). Passou por humano em agosto.,Xr5cmCptmqIqA5jAC3mK,Dra Bianca Caputo 21994598559,Workshop,Closed,,LaserDay,1931347c-3e0d-4a73-b2c5-691d94607be7,won,,2026-08-19 13:49,2026-08-19 13:49,2026-08-19 13:49,hqacqzjix9Jwzn6SaqRD,Dra Bianca Caputo,,+5521994598559,GYuOrs7GqrmDAUNjK0vm
A_em_humano_entrada_ate_31ago,Sim,Data em que ENTROU ou REENTROU em Atendimento Humano (ex.: voltou de Perdido). Passou por humano em agosto.,FBScKDBPqvcAcngQYjB1,💕 💕,Workshop,Atendimento Humano,,,05944105-d9ed-4f8e-bf65-45f0404f1b29,open,,2026-08-19 20:36,2026-08-19 20:36,2026-08-19 20:36,7lYG1ONfSShTkD0TfGOT,💕 💕,,+5521970339441,
A_em_humano_entrada_ate_31ago,Sim,Data em que ENTROU ou REENTROU em Atendimento Humano (ex.: voltou de Perdido). Passou por humano em agosto.,kW3RxQlT5u53qXLqKmnG,Ivanete Gomes Nascimento de Lima 21987568752,Workshop,Atendimento Humano,,LaserDay,05944105-d9ed-4f8e-bf65-45f0404f1b29,open,,2026-08-20 11:07,2026-08-20 11:07,2026-08-20 11:09,IVwnnVdT83IKRNRS41EW,Ivanete Gomes,,+5521987568752,GYuOrs7GqrmDAUNjK0vm
A_em_humano_entrada_ate_31ago,Sim,Data em que ENTROU ou REENTROU em Atendimento Humano (ex.: voltou de Perdido). Passou por humano em agosto.,t8YLMVBvppobMhwxBYaK,Jessica Moreira 21965212111,Workshop,Atendimento Humano,,LaserDay,05944105-d9ed-4f8e-bf65-45f0404f1b29,open,,2026-08-20 11:38,2026-08-20 11:38,2026-08-20 11:38,QhAgAqBe2f5OpCCNr35Y,Jessica Moreira,,+5521965212111,GYuOrs7GqrmDAUNjK0vm
A_em_humano_entrada_ate_31ago,Sim,Data em que ENTROU ou REENTROU em Atendimento Humano (ex.: voltou de Perdido). Passou por humano em agosto.,y9tlEU9BzwAGXEhnC1vP,samantha Dias 21984353637,Workshop,Atendimento Humano,,LaserDay,05944105-d9ed-4f8e-bf65-45f0404f1b29,open,,2026-08-20 13:00,2026-08-20 13:00,2026-08-20 13:00,vliahjQW34e9pmQ0QEtu,samantha Dias,,+5521984353637,GYuOrs7GqrmDAUNjK0vm
A_em_humano_entrada_ate_31ago,Sim,Data em que ENTROU ou REENTROU em Atendimento Humano (ex.: voltou de Perdido). Passou por humano em agosto.,moQaTZ3thY6i4Hr9lliI,👩🏻‍🔬°♡💚Vall Teixeira💚♡°🌻,Workshop,Atendimento Humano,,,05944105-d9ed-4f8e-bf65-45f0404f1b29,open,,2026-08-21 12:21,2026-08-21 12:21,2026-08-21 12:21,rTwXLmYIn7RovbxprxzU,👩🏻‍🔬°♡💚Vall Teixeira💚♡°🌻,,+5521967658043,
A_em_humano_entrada_ate_31ago,Sim,Data em que ENTROU ou REENTROU em Atendimento Humano (ex.: voltou de Perdido). Passou por humano em agosto.,N61nqO34VvGiK5a6IT6X,Andre Mateus,Workshop,Atendimento Humano,,,05944105-d9ed-4f8e-bf65-45f0404f1b29,open,,2026-08-21 12:59,2026-08-21 12:59,2026-08-21 12:59,7iVqv8W4frmsV5S44jO3,Andre Mateus,,+5519981386840,
A_em_humano_entrada_ate_31ago,Sim,Data em que ENTROU ou REENTROU em Atendimento Humano (ex.: voltou de Perdido). Passou por humano em agosto.,9R3w39lQkyoCdRjOAKHr,Márcia Cristina 💋,Workshop,Atendimento Humano,,,05944105-d9ed-4f8e-bf65-45f0404f1b29,open,,2026-08-21 19:03,2026-08-21 19:03,2026-08-21 19:03,1t9Gmt5U4urM0yyrKT5K,Márcia Cristina 💋,,+5521988206868,
A_em_humano_entrada_ate_31ago,Sim,Data em que ENTROU ou REENTROU em Atendimento Humano (ex.: voltou de Perdido). Passou por humano em agosto.,C5PNfL6lEWyKjwWK9oWD,Thaysa Liberato,Workshop,Atendimento Humano,,,05944105-d9ed-4f8e-bf65-45f0404f1b29,open,,2026-08-23 15:41,2026-08-23 15:41,2026-08-23 15:41,CQHmUq7Aac6VYOfIEhoL,Thaysa Liberato,,+5521964843199,
A_em_humano_entrada_ate_31ago,Sim,Data em que ENTROU ou REENTROU em Atendimento Humano (ex.: voltou de Perdido). Passou por humano em agosto.,vMONBthF9cw1fvYgBWTK,Jullia,Workshop,Atendimento Humano,,,05944105-d9ed-4f8e-bf65-45f0404f1b29,open,,2026-08-23 15:55,2026-08-23 15:55,2026-08-23 15:55,MpJ2ywrbciJ1q5zMaK6F,Jullia,,+5521998652916,
B_saiu_humano_mudanca_etapa_em_agosto,Sim,Data em que SAIU de Atendimento Humano (foi para a etapa atual). Passou por humano em agosto.,LOc7CvQfvi8ZibNvdbjX,Camila Rosa 21996443086,Workshop,Closed,,LaserDay,1931347c-3e0d-4a73-b2c5-691d94607be7,won,,2026-08-24 10:02,2026-08-24 10:02,2026-08-24 10:02,tjK5hPuD7laeDUTNECap,Camila Rosa,,+5521996443086,GYuOrs7GqrmDAUNjK0vm
A_em_humano_entrada_ate_31ago,Sim,Data em que ENTROU ou REENTROU em Atendimento Humano (ex.: voltou de Perdido). Passou por humano em agosto.,mQffsCz7VokgFqiMF0yL,Izabel Oliveira 21993689208,Workshop,Atendimento Humano,,Laser Day,05944105-d9ed-4f8e-bf65-45f0404f1b29,won,,2026-08-25 11:55,2026-08-25 11:55,2026-08-25 11:55,5g5m8EZkLOmeo2N65hCl,Izabel Oliveira,,+5521993689208,GYuOrs7GqrmDAUNjK0vm
A_em_humano_entrada_ate_31ago,Sim,Data em que ENTROU ou REENTROU em Atendimento Humano (ex.: voltou de Perdido). Passou por humano em agosto.,9qQmvLqd0hmPu3WHvU2r,Letícia 21991532686,Workshop,Atendimento Humano,,sala do nova américa,05944105-d9ed-4f8e-bf65-45f0404f1b29,open,,2026-08-25 14:26,2026-08-25 14:26,2026-08-25 14:45,0etE83VG5DIwOC7tjGAY,Letícia,,+5521991532686,7I7kjU5c2z6JhoCpoC2L
A_em_humano_entrada_ate_31ago,Sim,Data em que ENTROU ou REENTROU em Atendimento Humano (ex.: voltou de Perdido). Passou por humano em agosto.,eUb0qv8XHbE4t5myLuYy,Rejane Ribeiro 21983051246,Workshop,Atendimento Humano,,LaserDay,05944105-d9ed-4f8e-bf65-45f0404f1b29,open,,2026-08-25 20:23,2026-08-25 20:23,2026-08-25 20:23,G9SiSmWsLYd5pJzLR7ww,Rejane Ribeiro,,+5521983051246,GYuOrs7GqrmDAUNjK0vm
B_saiu_humano_mudanca_etapa_em_agosto,Sim,Data em que SAIU de Atendimento Humano (foi para a etapa atual). Passou por humano em agosto.,0pWDGLLQCPxUuNHfdmRv,Rayle Cunha 21969627456,Workshop,Closed,,LaserDay,1931347c-3e0d-4a73-b2c5-691d94607be7,won,,2026-08-27 09:16,2026-08-27 09:16,2026-08-27 09:16,VmQKOImi8l7BdF6vVupz,Rayle Cunha,,+5521969627456,GYuOrs7GqrmDAUNjK0vm
A_em_humano_entrada_ate_31ago,Sim,Data em que ENTROU ou REENTROU em Atendimento Humano (ex.: voltou de Perdido). Passou por humano em agosto.,1xroJd1SiCiIdwLlU8UU,Nat 🌸,Workshop,Atendimento Humano,,,05944105-d9ed-4f8e-bf65-45f0404f1b29,open,,2026-08-27 10:09,2026-08-27 10:09,2026-08-27 10:09,pbNCZ147tnSsdo1N9LWN,Nat 🌸,,+5521990466918,
A_em_humano_entrada_ate_31ago,Sim,Data em que ENTROU ou REENTROU em Atendimento Humano (ex.: voltou de Perdido). Passou por humano em agosto.,PuVbkpm7KcOVFlKrqDda,Larissa,Workshop,Atendimento Humano,,,05944105-d9ed-4f8e-bf65-45f0404f1b29,open,,2026-08-27 10:32,2026-08-27 10:32,2026-08-27 10:32,AvySxqGthC71qfN5roSJ,Larissa,,+5521968043549,
A_em_humano_entrada_ate_31ago,Sim,Data em que ENTROU ou REENTROU em Atendimento Humano (ex.: voltou de Perdido). Passou por humano em agosto.,Q5n37RrD7ntxcDmVcaId,Kaylane Romero,Workshop,Atendimento Humano,,,05944105-d9ed-4f8e-bf65-45f0404f1b29,open,,2026-08-27 11:49,2026-08-27 11:49,2026-08-27 11:49,KhniiMfO4kSF2yigjjVu,Kaylane Romero,,+5521984360454,
A_em_humano_entrada_ate_31ago,Sim,Data em que ENTROU ou REENTROU em Atendimento Humano (ex.: voltou de Perdido). Passou por humano em agosto.,vFOgrRQziWXJJvFTjf2b,Quelen Andrade 21983388724,Workshop,Atendimento Humano,,LaserDay,05944105-d9ed-4f8e-bf65-45f0404f1b29,open,,2026-08-28 08:49,2026-08-28 08:49,2026-08-28 08:49,bsi42DiJXA7W3mAzSSR5,Quelen Andrade,,+5521983388724,GYuOrs7GqrmDAUNjK0vm
A_em_humano_entrada_ate_31ago,Sim,Data em que ENTROU ou REENTROU em Atendimento Humano (ex.: voltou de Perdido). Passou por humano em agosto.,Che0uMPUbf60kg5Bfviu,Dra• Sarah Ferreira✨,Workshop,Atendimento Humano,,,05944105-d9ed-4f8e-bf65-45f0404f1b29,open,,2026-08-28 12:46,2026-08-28 12:46,2026-08-28 12:46,WFC8cipmXStJdA4QqsLk,Dra Sarah Ferreira,,+5521966525926,
A_em_humano_entrada_ate_31ago,Sim,Data em que ENTROU ou REENTROU em Atendimento Humano (ex.: voltou de Perdido). Passou por humano em agosto.,cjz9INCju8sfYDoQQs6N,Cintia Soares 21996043402,Workshop,Atendimento Humano,,LaserDay,05944105-d9ed-4f8e-bf65-45f0404f1b29,open,,2026-08-28 16:54,2026-08-28 16:54,2026-08-28 16:54,YTlWwPZRDxwSFNAPSA4t,Cintia Soares,,+5521996043402,GYuOrs7GqrmDAUNjK0vm
